S/N,MTANDAO,GENDER,MARITAL_STATUS,DEPENDENTS,AGE,UNIVERSITY,DEGREE,EARNINGS,REGISTRATION,LOAN_BOARD,PAST_FREQUENCY,FUTURE_FREQUENCY,PROBLEM_SOLVING,EXCEPTIONAL_SERVICE_EXPERIENCE,VALUE_FOR_MONEY,PRICE_COMPARISON,WIDE_COVERAGE,CALL_DROPS,STRONG_SIGNALS,FREE_COMPLAINTS,SHARE_NEGATIVE_EXPERIENCE,HIGH_SWITCHING_COST,REDUCE_TRANSACTIONS,USUALLY_SWITCH_PROVIDERS,GET_THROUGH,DO_WHAT_THEY_SAY,TIMELY_EFFECTIVE_COMPLAINTS,HIGH_SWITCHING_ENERGY_TIME,FUTURE_TRANSACTIONS,LOYAL,FIRST_CHOICE
1,VODA,MALE,SINGLE,0 TO 2,18-35,SUA,BACHELOR,BELOW 450000,2019,0.6,9,9,A,D,A,A,A,A,A,A,A,A,A,D,D,A,A,A,A,A,A
2,TIGO,FEMALE,SINGLE,0 TO 2,18-35,SUA,BACHELOR,BELOW 450000,2021,0.4,4,8,F,D,D,D,A,D,A,A,A,A,A,A,D,A,D,A,D,F,A
3,TIGO,FEMALE,SINGLE,0 TO 2,18-35,SUA,BACHELOR,BELOW 450000,2022,1,17,13,D,F,A,A,A,D,D,A,A,F,D,A,D,A,D,A,D,A,A
4,TIGO,FEMALE,SINGLE,0 TO 2,18-35,SUA,BACHELOR,BELOW 450000,2020,1,27,14,A,F,A,A,A,A,A,A,D,D,D,A,D,A,A,A,D,A,A
5,HALOTEL,FEMALE,SINGLE,0 TO 2,18-35,SUA,BACHELOR,BELOW 450000,,1,6,6,A,F,F,A,A,A,A,A,A,A,D,A,D,D,D,A,D,A,A
6,VODA,FEMALE,SINGLE,0 TO 2,18-35,SUA,BACHELOR,BELOW 450000,2020,0.2,11,11,F,A,A,F,A,D,A,D,A,D,D,D,A,D,F,A,D,D,A
7,VODA,FEMALE,SINGLE,0 TO 2,18-35,SUA,BACHELOR,BELOW 450000,2022,0.5,20,20,D,D,D,A,A,D,D,D,D,A,A,D,D,A,D,D,D,A,A
8,VODA,FEMALE,SINGLE,0 TO 2,18-35,SUA,BACHELOR,ABOVE 1000000,2021,0,8,8,F,A,D,F,D,D,D,A,A,F,A,D,D,A,D,D,D,A,F
9,VODA,FEMALE,SINGLE,0 TO 2,18-35,SUA,BACHELOR,BELOW 450000,2022,0.8,24,15,D,D,D,A,A,D,D,D,D,A,D,D,D,D,D,D,D,A,D
10,TIGO,FEMALE,SINGLE,0 TO 2,18-35,SUA,BACHELOR,BELOW 450000,2021,0.75,23,23,D,D,F,F,D,D,A,D,A,D,D,A,D,F,D,A,D,A,A
11,AIRTEL,MALE,SINGLE,0 TO 2,18-35,SUA,BACHELOR,BELOW 450000,2021,1,14,15,A,F,A,F,A,D,F,A,A,A,A,F,A,A,D,A,A,A,A
12,TIGO,FEMALE,SINGLE,0 TO 2,18-35,SUA,BACHELOR,BELOW 450000,2010,0,29,15,A,F,D,F,A,A,A,A,A,A,D,A,A,A,D,A,A,A,A
13,VODA,MALE,SINGLE,0 TO 2,18-35,SUA,BACHELOR,BELOW 450000,2018,0.2,9,23,A,D,A,F,A,A,A,A,A,F,A,A,D,A,D,D,D,F,A
14,HALOTEL,MALE,SINGLE,0 TO 2,18-35,SUA,BACHELOR,BELOW 450000,,0,23,23,F,F,A,F,A,A,D,D,A,A,D,D,D,A,A,D,A,A,A
15,AIRTEL,MALE,SINGLE,0 TO 2,18-35,SUA,BACHELOR,BELOW 450000,2022,1,6,6,D,D,F,F,D,D,D,F,A,A,A,A,D,A,A,D,A,F,A
16,TIGO,MALE,SINGLE,MORE THAN 4,18-35,SUA,BACHELOR,BELOW 450000,2019,0.62,15,15,A,D,D,F,A,D,D,A,A,A,D,D,D,A,A,A,A,A,A
17,TIGO,MALE,SINGLE,3 TO 4,18-35,SUA,BACHELOR,BELOW 450000,2020,1,9,9,A,A,A,A,A,D,A,A,A,A,A,A,D,A,D,A,D,,
18,AIRTEL,MALE,SINGLE,0 TO 2,18-35,SUA,BACHELOR,BELOW 450000,2017,0.25,12,12,D,A,A,A,A,D,A,A,A,A,A,D,A,D,A,A,A,D,
19,VODA,MALE,SINGLE,MORE THAN 4,18-35,SUA,BACHELOR,450000-1000000,2012,0,23,22,A,F,A,F,A,D,A,A,A,D,A,F,A,F,A,F,A,A,
20,VODA,FEMALE,SINGLE,0 TO 2,18-35,SUA,BACHELOR,BELOW 450000,2021,0.75,14,18,D,D,F,F,D,D,F,D,A,F,A,D,D,F,D,D,A,F,F
21,HALOTEL,MALE,SINGLE,0 TO 2,18-35,SUA,BACHELOR,BELOW 450000,2022,1,11,12,A,F,A,F,A,A,A,A,A,A,A,A,D,D,D,A,A,A,A
22,HALOTEL,FEMALE,SINGLE,0 TO 2,18-35,SUA,BACHELOR,450000-1000000,2021,0.6,11,9,F,D,D,D,A,D,A,A,A,D,D,A,D,D,A,A,A,F,A
23,HALOTEL,FEMALE,SINGLE,0 TO 2,18-35,SUA,BACHELOR,BELOW 450000,2020,0,9,11,F,F,D,A,D,A,D,A,A,A,A,A,D,D,D,A,A,F,A
24,TIGO,FEMALE,SINGLE,0 TO 2,18-35,SUA,BACHELOR,BELOW 450000,2021,1,23,22,A,F,D,A,A,D,A,D,A,A,D,D,D,F,D,A,F,A,A
25,TIGO,FEMALE,SINGLE,0 TO 2,18-35,SUA,BACHELOR,BELOW 450000,2021,0.2,24,24,D,D,D,A,D,D,A,A,A,A,A,A,D,A,D,A,D,F,A
26,VODA,FEMALE,SINGLE,0 TO 2,18-35,SUA,BACHELOR,BELOW 450000,2019,0.5,17,10,A,D,D,A,A,A,D,A,A,A,A,A,D,A,A,A,D,D,A
27,AIRTEL,FEMALE,SINGLE,0 TO 2,18-35,SUA,BACHELOR,450000-1000000,2019,0.5,15,14,D,F,D,A,A,A,D,A,A,A,F,A,A,A,A,A,A,A,A
28,HALOTEL,FEMALE,SINGLE,0 TO 2,18-35,SUA,BACHELOR,BELOW 450000,2018,0.25,5,6,D,D,D,F,D,D,D,A,D,A,D,D,A,A,D,D,A,A,D
29,VODA,FEMALE,SINGLE,0 TO 2,18-35,SUA,BACHELOR,BELOW 450000,2020,0,19,3,D,D,D,A,D,D,D,A,A,F,A,A,D,A,A,A,A,F,A
30,TIGO,MALE,SINGLE,0 TO 2,18-35,SUA,BACHELOR,BELOW 450000,2010,0,12,12,D,D,D,A,D,D,D,A,A,F,D,A,D,A,A,A,A,F,A
31,HALOTEL,FEMALE,SINGLE,0 TO 2,18-35,SUA,BACHELOR,BELOW 450000,2015,0.25,12,14,A,A,A,A,D,D,D,A,A,A,A,D,A,D,A,D,A,D,A
32,VODA,FEMALE,SINGLE,0 TO 2,18-35,SUA,BACHELOR,450000-1000000,2021,0,7,10,A,D,D,A,A,D,D,A,A,A,A,D,A,A,D,D,D,D,D
33,TIGO,FEMALE,SINGLE,0 TO 2,18-35,SUA,BACHELOR,BELOW 450000,2021,0.5,35,12,D,D,F,A,A,D,D,D,A,A,F,A,D,A,D,A,D,A,A
34,HALOTEL,MALE,SINGLE,0 TO 2,18-35,SUA,BACHELOR,450000-1000000,2018,1,24,24,A,D,A,F,A,A,A,D,A,A,A,A,D,A,A,A,A,A,A
35,VODA,MALE,SINGLE,0 TO 2,18-35,SUA,BACHELOR,BELOW 450000,2023,1,24,12,A,A,D,D,A,D,A,D,A,F,A,D,A,A,A,D,D,D,
36,VODA,MALE,SINGLE,0 TO 2,18-35,SUA,BACHELOR,BELOW 450000,2021,0.99,,,A,D,F,F,A,A,A,A,D,D,D,A,A,A,D,A,A,,
37,AIRTEL,MALE,SINGLE,0 TO 2,18-35,SUA,BACHELOR,BELOW 450000,2021,1,,,A,D,A,A,A,D,D,A,D,A,A,A,A,A,A,D,A,A,A
38,HALOTEL,MALE,SINGLE,0 TO 2,18-35,SUA,BACHELOR,450000-1000000,2021,0.25,8,4,A,D,F,F,A,A,A,A,D,A,D,A,A,A,A,A,,,
39,HALOTEL,MALE,MARRIED,3 TO 4,18-35,SUA,BACHELOR,ABOVE 1000000,,0.1,,,A,D,A,A,A,A,D,A,A,D,A,A,D,A,D,A,D,D,D
40,HALOTEL,MALE,SINGLE,0 TO 2,18-35,SUA,BACHELOR,BELOW 450000,2021,0.15,0,3,D,D,F,A,A,D,D,D,A,A,A,A,D,A,D,A,D,A,A
41,HALOTEL,FEMALE,MARRIED,0 TO 2,18-35,SUA,BACHELOR,BELOW 450000,2020,0,18,18,D,D,D,D,D,A,D,D,A,D,A,A,D,D,D,A,D,D,A
42,VODA,MALE,SINGLE,0 TO 2,18-35,SUA,BACHELOR,BELOW 450000,2022,0.25,15,12,D,D,D,A,D,D,A,A,A,A,A,D,A,A,A,A,D,A,A
43,AIRTEL,MALE,MARRIED,MORE THAN 4,18-35,SUA,BACHELOR,450000-1000000,2019,1,14,21,A,A,D,D,A,D,A,A,A,A,D,A,D,A,A,A,A,A,A
44,HALOTEL,FEMALE,MARRIED,0 TO 2,18-35,SUA,BACHELOR,450000-1000000,2021,0.25,27,30,F,F,F,A,A,A,A,A,A,A,A,D,A,A,A,A,A,A,A
45,AIRTEL,FEMALE,SINGLE,0 TO 2,18-35,SUA,BACHELOR,BELOW 450000,2019,0.21,36,18,F,F,F,A,A,A,A,A,A,A,A,D,A,A,A,A,D,A,A
46,VODA,FEMALE,SINGLE,0 TO 2,18-35,SUA,BACHELOR,BELOW 450000,2018,0.4,15,24,A,D,F,D,D,D,A,D,A,F,A,A,D,A,A,A,D,A,A
47,VODA,MALE,SINGLE,MORE THAN 4,18-35,SUA,BACHELOR,ABOVE 1000000,2011,0,12,3,D,F,F,F,A,D,A,D,A,A,D,A,D,D,D,A,D,,
48,VODA,FEMALE,SINGLE,0 TO 2,18-35,SUA,BACHELOR,BELOW 450000,2019,0.5,20,20,A,A,F,F,D,D,A,D,A,D,A,A,A,A,A,A,A,A,A
49,VODA,FEMALE,SINGLE,0 TO 2,18-35,SUA,BACHELOR,BELOW 450000,2021,0,15,15,D,D,D,A,A,A,D,D,A,D,A,A,D,A,D,A,D,F,D
50,VODA,MALE,SINGLE,0 TO 2,18-35,SUA,BACHELOR,,2021,,16,18,D,D,F,A,A,A,A,A,A,A,A,A,A,A,A,A,A,A,A
51,AIRTEL,FEMALE,SINGLE,MORE THAN 4,18-35,SUA,BACHELOR,BELOW 450000,2021,0,18,18,F,A,D,D,A,A,D,D,F,D,A,D,A,A,A,D,A,D,A
52,VODA,FEMALE,MARRIED,3 TO 4,18-35,SUA,BACHELOR,BELOW 450000,2014,0,18,,A,A,A,A,A,A,A,A,A,A,A,D,A,A,A,D,A,A,A
53,HALOTEL,MALE,SINGLE,3 TO 4,18-35,SUA,BACHELOR,BELOW 450000,2018,0,20,21,A,A,D,A,D,D,A,D,A,D,A,A,D,A,D,A,D,D,D
54,VODA,FEMALE,SINGLE,0 TO 2,18-35,SUA,BACHELOR,BELOW 450000,2020,0.65,4,4,F,D,A,F,A,A,A,D,A,A,A,A,A,A,A,D,A,A,
55,HALOTEL,MALE,SINGLE,0 TO 2,18-35,SUA,BACHELOR,BELOW 450000,2019,0.25,46,70,D,D,D,D,A,D,A,A,A,D,A,A,A,A,A,D,A,A,A
56,HALOTEL,FEMALE,SINGLE,0 TO 2,18-35,SUA,BACHELOR,BELOW 450000,2021,0.95,15,18,D,F,F,A,D,D,D,A,F,D,D,D,D,A,A,A,,,
57,VODA,FEMALE,SINGLE,0 TO 2,18-35,SUA,BACHELOR,BELOW 450000,2019,0,13,16,D,D,D,F,A,D,A,A,A,A,D,D,A,A,A,A,A,A,A
58,TIGO,FEMALE,MARRIED,MORE THAN 4,18-35,SUA,BACHELOR,450000-1000000,2008,0,3,3,A,F,D,A,D,D,A,D,A,D,A,A,D,D,D,D,D,A,D
59,VODA,FEMALE,SINGLE,0 TO 2,18-35,SUA,BACHELOR,BELOW 450000,2019,0.25,12,12,D,D,D,A,A,D,D,A,A,A,A,D,D,A,D,D,A,A,A
60,TIGO,FEMALE,SINGLE,0 TO 2,18-35,SUA,BACHELOR,450000-1000000,2019,1,12,12,A,A,D,D,D,D,D,A,A,A,A,D,D,D,D,A,D,D,D
61,HALOTEL,MALE,SINGLE,0 TO 2,18-35,SUA,BACHELOR,BELOW 450000,2019,1,21,18,A,A,F,A,A,A,F,F,A,A,F,A,D,A,A,A,F,F,A
62,TIGO,FEMALE,SINGLE,0 TO 2,18-35,SUA,BACHELOR,BELOW 450000,2014,1,3,3,D,D,F,F,D,D,F,A,A,D,D,D,D,F,A,F,D,F,D
63,AIRTEL,FEMALE,SINGLE,0 TO 2,18-35,SUA,BACHELOR,BELOW 450000,2021,0,24,24,A,D,F,A,A,D,A,A,A,A,A,D,D,D,A,A,A,A,
64,HALOTEL,FEMALE,SINGLE,0 TO 2,18-35,SUA,BACHELOR,BELOW 450000,2021,1,12,12,A,A,A,A,A,D,A,A,A,A,D,A,A,A,A,A,A,A,A
65,TIGO,FEMALE,SINGLE,0 TO 2,18-35,SUA,BACHELOR,BELOW 450000,2018,0,9,9,A,D,A,D,D,D,A,D,A,A,A,D,D,D,D,A,A,D,A
66,VODA,FEMALE,SINGLE,0 TO 2,18-35,SUA,BACHELOR,BELOW 450000,2021,0,19,13,A,D,F,F,D,D,A,A,A,A,A,D,D,A,D,A,A,,
67,AIRTEL,FEMALE,SINGLE,0 TO 2,18-35,SUA,BACHELOR,BELOW 450000,2020,0,13,13,A,D,A,A,A,D,D,A,A,A,D,F,D,A,D,A,A,D,D
68,AIRTEL,FEMALE,SINGLE,0 TO 2,18-35,SUA,BACHELOR,BELOW 450000,2020,0,27,15,A,D,D,F,A,D,D,A,A,A,D,F,A,A,D,A,D,D,A
69,HALOTEL,FEMALE,SINGLE,0 TO 2,18-35,SUA,BACHELOR,BELOW 450000,2020,1,12,12,D,D,A,A,D,A,D,A,A,A,D,D,A,A,A,D,A,A,
70,AIRTEL,FEMALE,SINGLE,0 TO 2,18-35,SUA,BACHELOR,BELOW 450000,2021,1,15,15,D,D,A,D,A,A,D,A,A,A,D,D,A,A,A,D,A,A,
71,VODA,FEMALE,SINGLE,3 TO 4,18-35,SUA,BACHELOR,BELOW 450000,2021,0.75,12,12,F,F,D,F,D,A,D,D,A,F,A,A,D,D,F,A,A,A,
72,TIGO,FEMALE,SINGLE,0 TO 2,18-35,SUA,BACHELOR,BELOW 450000,2019,0,17,,A,A,D,F,A,D,A,A,A,A,A,D,D,A,A,A,D,A,A
73,HALOTEL,MALE,MARRIED,MORE THAN 4,36-50,UDSM,PHD,ABOVE 1000000,2019,0,0,0,D,D,D,F,D,A,D,D,A,D,A,D,F,D,D,A,D,D,D
74,TIGO,MALE,MARRIED,MORE THAN 4,36-50,UDSM,PHD,ABOVE 1000000,2021,0,27,27,D,D,D,F,A,A,A,F,A,F,F,D,F,F,F,A,D,D,A
75,AIRTEL,MALE,MARRIED,MORE THAN 4,36-50,UDSM,PHD,ABOVE 1000000,2014,0,2,2,D,D,A,F,F,A,F,F,A,F,D,D,F,F,F,A,A,D,D
76,TIGO,MALE,SINGLE,0 TO 2,18-35,SUA,BACHELOR,BELOW 450000,2023,,9,11,A,,,A,F,A,SD,A,F,A,F,A,A,A,F,A,A,F,A
77,HALOTEL,FEMALE,SINGLE,0 TO 2,18-35,SUA,BACHELOR,BELOW 450000,2022,1,,,,,,,,,,,,,,,,,,,,,
78,AIRTEL,FEMALE,SINGLE,0 TO 2,18-35,SUA,BACHELOR,BELOW 450000,2022,1,9,9,A,F,SA,A,D,SD,A,SA,F,F,F,A,D,SA,D,D,SA,SA,A
79,TIGO,MALE,SINGLE,0 TO 2,18-35,SUA,BACHELOR,BELOW 450000,2020,,9,9,D,D,A,D,A,D,D,A,A,A,A,D,A,D,A,A,A,D,
80,VODA,MALE,SINGLE,0 TO 2,18-35,SUA,BACHELOR,BELOW 450000,2019,1,15,17,A,D,F,SA,D,A,F,SA,D,A,SA,SA,D,A,A,SD,D,F,D
81,VODA,MALE,SINGLE,MORE THAN 4,18-35,SUA,BACHELOR,BELOW 450000,2020,0,16,24,A,A,D,A,F,SA,SD,F,F,A,A,D,SA,SA,SA,F,D,A,A
82,VODA,FEMALE,SINGLE,0 TO 2,18-35,SUA,BACHELOR,BELOW 450000,2022,1,14,6,D,A,D,SA,D,SD,D,A,A,D,A,D,SA,D,SD,D,A,D,F
83,HALOTEL,MALE,SINGLE,0 TO 2,18-35,SUA,BACHELOR,BELOW 450000,2018,1,15,15,F,F,F,A,SA,A,F,D,SD,F,F,F,D,F,SA,SA,F,F,F
84,HALOTEL,MALE,SINGLE,0 TO 2,18-35,SUA,BACHELOR,BELOW 450000,2019,1,33,27,F,SD,SD,A,A,SA,A,D,D,A,F,A,F,F,D,D,A,D,A
85,VODA,MALE,SINGLE,3 TO 4,18-35,SUA,BACHELOR,BELOW 450000,2022,1,12,10,F,D,F,A,A,A,A,SA,A,A,D,D,A,SA,SA,F,F,A,SA
86,VODA,MALE,SINGLE,0 TO 2,18-35,SUA,BACHELOR,BELOW 450000,2019,,15,31,F,SD,SD,A,A,SA,A,D,A,F,D,A,F,F,D,D,A,D,A
87,VODA,MALE,SINGLE,0 TO 2,18-35,SUA,BACHELOR,BELOW 450000,2019,0.5,16,6,D,A,D,A,A,D,D,D,A,D,A,D,SA,D,SD,D,A,D,F
88,AIRTEL,MALE,SINGLE,0 TO 2,18-35,SUA,BACHELOR,BELOW 450000,2022,1,18,18,SD,SA,F,A,SA,F,SA,A,F,SA,SD,F,,,,,,,
89,VODA,FEMALE,SINGLE,0 TO 2,18-35,SUA,BACHELOR,BELOW 450000,2022,0,19,7,A,SA,A,A,D,D,SA,SA,SD,A,SA,SD,SA,A,A,D,SA,A,A
90,VODA,FEMALE,SINGLE,0 TO 2,18-35,SUA,BACHELOR,BELOW 450000,2022,,14,15,F,SD,SA,SA,SA,SA,SA,SA,F,F,F,F,F,SA,SA,SA,SA,SA,F
91,VODA,MALE,SINGLE,3 TO 4,18-35,SUA,BACHELOR,BELOW 450000,2022,1,15,10,D,SD,A,A,A,D,A,A,SA,SA,SA,A,D,SA,A,SA,SA,A,SA
92,HALOTEL,MALE,SINGLE,0 TO 2,18-35,SUA,BACHELOR,BELOW 450000,2022,1,22,12,F,F,A,A,D,D,F,F,F,F,A,SA,SA,SA,SA,SA,,,
93,TIGO,MALE,SINGLE,MORE THAN 4,18-35,SUA,BACHELOR,BELOW 450000,2021,,11,14,D,SD,F,A,SA,D,SD,D,F,SA,SA,D,F,SD,A,D,SD,F,SA
94,AIRTEL,FEMALE,SINGLE,0 TO 2,18-35,SUA,BACHELOR,,2020,1,29,49,SD,D,A,F,SA,F,D,SD,A,SD,D,A,D,F,SD,D,SA,D,A
95,TIGO,FEMALE,SINGLE,0 TO 2,18-35,SUA,BACHELOR,BELOW 450000,2020,,3,3,SD,F,A,A,A,F,A,A,F,D,A,F,D,SD,A,F,,,
96,TIGO,FEMALE,SINGLE,0 TO 2,18-35,SUA,BACHELOR,BELOW 450000,2015,0,20,21,D,A,SA,SA,SA,D,A,SA,D,D,D,D,SA,SA,SA,SA,A,SA,SA
97,VODA,FEMALE,SINGLE,0 TO 2,36-50,SUA,BACHELOR,BELOW 450000,2020,1,33,36,D,F,D,D,F,SA,A,D,SD,SD,F,D,SA,SD,F,D,A,D,SD
98,VODA,MALE,SINGLE,0 TO 2,18-35,SUA,BACHELOR,BELOW 450000,2022,1,15,13,A,F,SD,D,SA,F,F,A,F,F,F,D,D,F,SA,SA,F,F,F
99,TIGO,MALE,SINGLE,0 TO 2,18-35,SUA,BACHELOR,BELOW 450000,2017,1,12,9,SD,F,A,SA,D,F,A,SD,F,A,SD,SD,F,A,SA,SD,A,F,SD
100,AIRTEL,MALE,SINGLE,0 TO 2,18-35,SUA,BACHELOR,BELOW 450000,2014,,30,28,F,SA,F,SD,A,A,F,SA,SA,A,A,F,F,SA,SA,SA,A,A,A
101,VODA,FEMALE,SINGLE,0 TO 2,18-35,SUA,BACHELOR,BELOW 450000,2019,,33,42,D,SD,F,A,SA,SD,SA,SA,A,A,F,F,A,SD,A,A,A,A,SA
102,VODA,MALE,SINGLE,0 TO 2,18-35,SUA,BACHELOR,BELOW 450000,2019,,24,24,A,F,SD,D,SA,F,F,F,F,F,A,SA,F,SD,F,F,F,F,F
103,TIGO,MALE,SINGLE,0 TO 2,18-35,SUA,BACHELOR,BELOW 450000,2018,,,,,,,,,,,,,,,,,,,,,,
104,TIGO,MALE,SINGLE,0 TO 2,18-35,SUA,BACHELOR,BELOW 450000,2021,,20,14,D,F,A,F,A,A,SD,A,A,A,SD,F,D,A,SD,A,A,A,A
105,AIRTEL,FEMALE,SINGLE,0 TO 2,18-35,SUA,BACHELOR,BELOW 450000,2022,,0,3,SD,F,A,A,A,D,A,D,A,D,A,F,A,D,A,A,D,A,A
106,TIGO,MALE,SINGLE,0 TO 2,18-35,SUA,BACHELOR,BELOW 450000,2022,,3,0,A,A,SA,D,A,D,A,A,A,D,A,D,A,A,D,D,SD,D,
107,AIRTEL,FEMALE,SINGLE,0 TO 2,18-35,SUA,BACHELOR,BELOW 450000,2022,,15,3,D,A,D,SD,D,SA,D,A,F,A,D,SD,SA,D,F,A,SA,A,D
108,VODA,MALE,SINGLE,MORE THAN 4,18-35,SUA,BACHELOR,BELOW 450000,,,6,6,SD,D,SD,A,D,A,D,A,F,D,F,F,D,A,SD,D,A,SD,D
109,TIGO,MALE,SINGLE,0 TO 2,18-35,SUA,BACHELOR,BELOW 450000,2020,,18,15,F,SA,F,F,F,A,D,SA,A,F,A,F,F,SA,F,A,F,A,F
110,AIRTEL,MALE,SINGLE,0 TO 2,18-35,SUA,BACHELOR,450000-1000000,2022,,12,33,A,SA,,F,A,SA,F,,D,A,D,A,F,,D,A,D,F,A
111,AIRTEL,MALE,SINGLE,0 TO 2,18-35,SUA,BACHELOR,BELOW 450000,2020,,19,24,SD,F,A,SA,SA,D,SD,A,SD,A,SD,SD,SD,F,SA,A,A,F,SD
112,AIRTEL,MALE,MARRIED,0 TO 2,18-35,MUM,BACHELOR,450000-1000000,2009,1,39,51,SD,SD,D,A,A,D,D,D,A,D,A,D,A,D,D,A,A,D,A
113,VODA,MALE,MARRIED,MORE THAN 4,36-50,SUA,BACHELOR,ABOVE 1000000,2008,0,24,24,F,F,A,F,F,A,SD,SD,A,F,F,SA,D,A,A,SA,F,D,F
114,VODA,MALE,SINGLE,MORE THAN 4,18-35,SUA,BACHELOR,BELOW 450000,,1,5,7,F,A,SA,D,SA,A,SD,SD,F,D,A,SA,SD,SA,A,SA,F,SD,F
115,AIRTEL,MALE,SINGLE,3 TO 4,,SUA,BACHELOR,BELOW 450000,2018,1,,,SD,F,F,SD,D,A,F,SD,A,D,SD,SA,SD,F,SD,D,D,SD,SD
116,TIGO,MALE,SINGLE,3 TO 4,,SUA,BACHELOR,BELOW 450000,2019,1,3,2,F,A,D,A,D,A,F,D,A,F,SD,SA,SD,F,D,A,A,D,D
117,VODA,MALE,SINGLE,MORE THAN 4,18-35,SUA,BACHELOR,BELOW 450000,2021,1,13,22,F,D,SD,SA,SD,A,SD,SD,A,F,SD,F,A,SD,SA,SA,SA,SA,SA
118,TIGO,MALE,SINGLE,0 TO 2,18-35,SUA,BACHELOR,BELOW 450000,2021,1,14,21,F,A,D,A,A,A,F,F,A,D,F,A,A,A,D,A,SD,F,A
119,VODA,MALE,SINGLE,0 TO 2,18-35,SUA,BACHELOR,BELOW 450000,2010,1,,21,F,A,A,A,SA,F,F,A,SA,A,D,A,A,SA,A,A,A,A,A
120,HALOTEL,MALE,SINGLE,0 TO 2,18-35,SUA,BACHELOR,BELOW 450000,2019,1,,,A,A,SA,SA,SA,SA,SD,A,D,F,SD,SA,A,F,A,D,SA,SA,SA
121,VODA,MALE,SINGLE,0 TO 2,18-35,SUA,BACHELOR,BELOW 450000,2019,1,4,4,SD,F,F,D,F,SD,D,A,D,F,D,A,D,F,A,F,F,A,F
122,VODA,MALE,SINGLE,MORE THAN 4,18-35,SUA,BACHELOR,BELOW 450000,2020,1,20,22,F,F,SD,SD,D,A,SD,SA,A,A,A,SD,SD,A,D,SA,A,SA,A
123,HALOTEL,MALE,SINGLE,0 TO 2,18-35,SUA,BACHELOR,BELOW 450000,2018,0,25,27,F,D,A,SD,A,D,A,D,A,D,A,SA,SD,SA,SA,SA,SD,SD,SD
124,AIRTEL,MALE,SINGLE,0 TO 2,18-35,SUA,BACHELOR,BELOW 450000,2019,1,21,21,F,F,SD,SA,SA,SA,SA,SA,SA,SA,SD,SA,SD,F,F,A,SA,SA,SD
125,TIGO,MALE,SINGLE,0 TO 2,18-35,SUA,BACHELOR,BELOW 450000,2018,1,1,2,F,F,F,SD,SA,A,D,F,F,F,F,F,F,F,F,F,F,F,F
126,TIGO,FEMALE,SINGLE,0 TO 2,18-35,SUA,BACHELOR,BELOW 450000,2020,1,12,12,A,A,D,A,A,A,SD,D,D,D,A,SA,F,A,A,A,A,A,SA
127,AIRTEL,MALE,SINGLE,0 TO 2,18-35,SUA,BACHELOR,BELOW 450000,2022,1,45,,SA,A,A,A,SA,SA,F,D,F,F,SA,A,A,D,A,F,F,F,A
128,AIRTEL,FEMALE,SINGLE,0 TO 2,18-35,SUA,BACHELOR,BELOW 450000,2019,1,12,16,A,A,D,F,A,A,SD,SD,D,D,A,SD,A,A,A,SA,F,A,F
129,VODA,MALE,SINGLE,0 TO 2,18-35,SUA,BACHELOR,450000-1000000,2020,1,19,3,F,D,F,A,A,A,A,A,SA,SA,F,A,A,A,A,SA,A,A,F
130,TIGO,MALE,SINGLE,0 TO 2,18-35,SUA,BACHELOR,BELOW 450000,2022,1,18,23,D,D,SD,F,SD,A,F,D,A,F,A,D,A,F,F,A,F,D,F
131,VODA,FEMALE,SINGLE,0 TO 2,18-35,SUA,BACHELOR,BELOW 450000,2016,1,7,,A,F,D,F,SA,A,D,SD,D,D,A,A,F,A,F,SA,D,F,F
132,HALOTEL,MALE,SINGLE,0 TO 2,18-35,SUA,BACHELOR,BELOW 450000,2020,1,22,20,SD,D,SD,A,A,SD,F,A,A,A,D,A,D,SA,F,SA,A,D,A
133,HALOTEL,MALE,SINGLE,0 TO 2,18-35,SUA,BACHELOR,BELOW 450000,2018,1,27,27,D,F,SD,F,SA,A,F,A,F,SD,F,D,A,F,A,SA,F,D,A
134,VODA,FEMALE,SINGLE,0 TO 2,18-35,SUA,BACHELOR,BELOW 450000,2020,0.8,31,27,F,D,SD,F,A,A,A,A,A,A,D,D,A,A,D,SA,D,A,A
135,AIRTEL,MALE,SINGLE,0 TO 2,18-35,SUA,BACHELOR,BELOW 450000,2018,1,,,F,F,D,F,D,A,A,A,A,SD,SA,D,D,A,A,SA,SD,SD,SD
136,VODA,FEMALE,SINGLE,0 TO 2,18-35,SUA,BACHELOR,BELOW 450000,2019,1,30,30,A,A,SD,D,A,A,D,SD,A,A,A,A,D,A,D,A,F,F,F
137,TIGO,FEMALE,SINGLE,3 TO 4,18-35,SUA,BACHELOR,BELOW 450000,2020,1,21,0,D,D,SD,D,A,A,F,D,A,F,A,A,SD,A,D,A,F,F,F
138,AIRTEL,MALE,SINGLE,0 TO 2,18-35,SUA,BACHELOR,BELOW 450000,2019,0,23,12,A,A,D,D,A,A,F,D,A,F,A,A,D,A,A,SA,F,A,SA
139,AIRTEL,MALE,SINGLE,0 TO 2,18-35,SUA,BACHELOR,BELOW 450000,2019,0,25,15,D,D,D,F,A,D,A,A,A,A,A,A,SD,A,A,A,A,D,A
140,VODA,MALE,MARRIED,MORE THAN 4,18-35,SUA,BACHELOR,BELOW 450000,2016,1,25,18,F,A,SD,F,SA,A,D,SD,F,D,A,A,A,D,D,A,A,SA,A
141,VODA,FEMALE,SINGLE,0 TO 2,18-35,SUA,BACHELOR,BELOW 450000,2019,0.5,5,3,F,A,A,F,SA,SA,SD,A,SA,D,A,D,D,SA,A,SA,F,A,A
142,TIGO,MALE,MARRIED,3 TO 4,18-35,SUA,BACHELOR,450000-1000000,2017,0,28,24,,,,,,,,,,,,,,,,,,,
143,HALOTEL,MALE,SINGLE,0 TO 2,18-35,SUA,BACHELOR,BELOW 450000,2021,1,16,,,,,,,,,,,,,,,,,,,,
144,TIGO,MALE,SINGLE,0 TO 2,18-35,MUM,DIPLOMA,BELOW 450000,2019,0,,,SD,D,D,SD,D,SD,SD,D,D,D,SD,SD,D,D,SD,SD,SD,D,D
145,HALOTEL,MALE,SINGLE,0 TO 2,18-35,MUM,BACHELOR,BELOW 450000,2010,1,1,1,SD,SD,SD,SD,SD,SD,SD,SD,SD,SD,SD,SD,SD,SD,SD,SD,SD,SD,SD
146,HALOTEL,MALE,MARRIED,3 TO 4,18-35,SUA,BACHELOR,450000-1000000,2016,1,1,1,A,SD,SD,SD,D,A,F,D,SA,A,A,SA,SD,SD,F,SA,D,D,D
147,HALOTEL,MALE,SINGLE,0 TO 2,18-35,MUM,BACHELOR,BELOW 450000,2017,1,1,1,D,D,D,SD,F,D,D,F,A,A,D,F,F,A,SA,A,D,D,SD
148,AIRTEL,FEMALE,SINGLE,0 TO 2,18-35,SJMC,DIPLOMA,BELOW 450000,2023,0,1,1,SD,SD,SD,SD,D,SD,SD,SD,D,SD,SD,SD,SD,SD,SD,D,SD,SD,SD
149,TIGO,MALE,SINGLE,0 TO 2,18-35,SJMC,DIPLOMA,BELOW 450000,2012,0,2,2,A,SA,F,D,A,A,A,A,F,A,F,F,A,F,A,F,A,A,A
150,TIGO,FEMALE,SINGLE,0 TO 2,18-35,UDSM,BACHELOR,BELOW 450000,2022,0,1,1,SD,SD,D,SD,A,D,SD,D,F,A,A,D,F,D,D,SA,F,F,D
151,HALOTEL,MALE,SINGLE,0 TO 2,18-35,UDSM,BACHELOR,BELOW 450000,2019,1,1,1,D,D,SD,D,SD,D,SD,SD,D,D,D,D,D,SD,F,D,D,D,D
152,TIGO,MALE,SINGLE,0 TO 2,18-35,UDSM,BACHELOR,BELOW 450000,2019,1,9,6,A,D,A,SA,SA,SD,SA,SA,A,A,A,SA,SA,A,SA,SA,SA,SA,SA
153,VODA,MALE,MARRIED,MORE THAN 4,36-50,UDSM,MASTERS,ABOVE 1000000,2012,0,30,30,SA,SA,SA,SA,SA,SA,SA,SA,SA,SA,SA,SA,SA,SA,SA,SA,SA,SA,SA
154,TIGO,MALE,MARRIED,MORE THAN 4,36-50,UDSM,MASTERS,ABOVE 1000000,2022,0,1,1,F,F,SA,D,F,F,F,F,F,F,F,F,F,F,F,F,F,F,F
155,VODA,MALE,SINGLE,0 TO 2,18-35,UDSM,BACHELOR,BELOW 450000,2021,0,8,8,SD,SD,F,F,F,F,F,F,F,F,F,SD,SD,F,F,F,F,F,F
156,VODA,MALE,SINGLE,0 TO 2,18-35,UDSM,BACHELOR,BELOW 450000,2022,0,4,4,SA,SA,D,F,A,A,D,SD,SA,SD,SD,SD,D,D,D,SA,F,SA,SA
157,AIRTEL,MALE,SINGLE,0 TO 2,18-35,UDSM,BACHELOR,BELOW 450000,2020,0,1,1,D,A,D,A,D,A,F,F,F,F,A,F,A,F,A,A,F,F,A
158,TIGO,MALE,SINGLE,0 TO 2,18-35,UDSM,BACHELOR,BELOW 450000,2016,0,1,1,SD,SD,SD,F,SD,D,SD,A,SD,D,F,F,SA,D,SA,SA,F,D,SD
159,AIRTEL,FEMALE,SINGLE,0 TO 2,18-35,UDSM,BACHELOR,BELOW 450000,2022,0,30,30,SA,SA,SA,SA,SA,SA,SA,SA,SA,SD,SD,SA,SD,SD,SD,SD,SA,SA,SA
160,TIGO,FEMALE,SINGLE,3 TO 4,18-35,UDSM,BACHELOR,BELOW 450000,2017,1,1,2,SD,SD,SD,SD,SD,D,SD,D,SD,D,SD,D,D,D,D,D,SD,D,D
161,TIGO,MALE,SINGLE,0 TO 2,18-35,IAA_DAR,DIPLOMA,BELOW 450000,2022,0,12,15,F,F,SA,SA,SA,D,A,SA,SA,SA,SD,F,F,A,SA,SA,F,SA,SA
162,AIRTEL,MALE,SINGLE,0 TO 2,18-35,IAA_DAR,DIPLOMA,BELOW 450000,2020,0,9,9,F,F,A,F,SA,D,D,SA,A,A,D,D,A,F,SA,SA,SA,SA,SA
163,HALOTEL,FEMALE,SINGLE,0 TO 2,18-35,IAA_DAR,DIPLOMA,BELOW 450000,2021,0,1,3,F,F,SA,SA,A,SD,A,A,F,A,D,SD,SA,A,SA,A,A,A,SA
164,VODA,FEMALE,SINGLE,0 TO 2,18-35,IAA_DAR,DIPLOMA,BELOW 450000,2021,0,2,1,D,D,SD,F,SA,A,SA,F,A,F,D,SD,A,D,D,SA,A,A,A
165,TIGO,FEMALE,SINGLE,0 TO 2,18-35,MUM,BACHELOR,BELOW 450000,2021,,5,1,A,D,SD,A,D,A,F,SA,D,SD,A,SA,A,SA,F,SA,D,A,SD
166,HALOTEL,MALE,SINGLE,0 TO 2,18-35,MUM,BACHELOR,BELOW 450000,2022,1,10,7,A,SA,SA,D,D,F,F,F,D,D,F,F,D,A,F,A,A,A,F
167,HALOTEL,MALE,SINGLE,0 TO 2,18-35,MUM,BACHELOR,BELOW 450000,,0.57,1,1,D,D,D,D,D,D,D,D,D,D,D,D,D,SD,SD,SD,SD,SD,SD
168,HALOTEL,MALE,SINGLE,0 TO 2,18-35,MUM,BACHELOR,BELOW 450000,,0.8,1,1,D,D,D,SD,SD,SD,D,SD,SD,SD,SD,D,SD,SD,SD,SD,SD,SD,D
169,TIGO,FEMALE,SINGLE,0 TO 2,18-35,MUM,BACHELOR,BELOW 450000,2020,1,28,29,D,D,SD,D,SD,SD,D,SD,SD,SD,D,SD,D,D,D,D,D,D,D
170,TIGO,MALE,SINGLE,0 TO 2,18-35,MUM,BACHELOR,BELOW 450000,2014,1,,,D,D,D,D,F,F,A,A,A,F,A,F,A,A,D,A,F,F,F
171,AIRTEL,FEMALE,SINGLE,0 TO 2,18-35,SUA,BACHELOR,BELOW 450000,2019,0.75,15,11,A,A,A,A,A,A,A,A,F,A,D,D,A,A,A,A,A,A,A
172,TIGO,MALE,SINGLE,0 TO 2,18-35,SUA,BACHELOR,BELOW 450000,2010,1,4,4,SD,F,SD,F,F,D,D,D,D,D,D,F,F,F,A,A,F,A,A
173,VODA,MALE,SINGLE,0 TO 2,18-35,SUA,BACHELOR,450000-1000000,2022,1,6,10,D,D,A,A,SD,SA,D,A,D,A,A,A,A,D,D,A,A,A,A
174,TIGO,MALE,SINGLE,0 TO 2,18-35,SUA,BACHELOR,BELOW 450000,2022,,14,11,SD,D,SD,F,F,F,D,A,F,A,A,SA,F,A,A,SA,A,F,A
175,VODA,FEMALE,SINGLE,0 TO 2,18-35,SUA,BACHELOR,BELOW 450000,2022,,20,18,D,A,D,D,A,A,A,A,D,F,D,A,F,A,D,A,F,F,F
176,TIGO,MALE,SINGLE,0 TO 2,18-35,SUA,BACHELOR,BELOW 450000,2022,,11,9,F,F,D,A,A,D,A,D,D,D,A,A,A,A,D,D,A,A,A
177,AIRTEL,MALE,SINGLE,0 TO 2,18-35,SUA,BACHELOR,BELOW 450000,2019,,10,8,A,F,D,A,A,A,A,F,SD,D,F,D,SD,A,F,A,A,SD,F
178,TIGO,MALE,SINGLE,0 TO 2,18-35,SUA,BACHELOR,BELOW 450000,2022,,20,12,A,F,A,SA,SD,,D,F,D,D,A,SA,D,A,SD,F,F,A,A
179,VODA,MALE,SINGLE,0 TO 2,18-35,SUA,BACHELOR,BELOW 450000,2022,1,17,15,D,D,D,A,SA,A,D,A,SA,A,D,A,D,A,A,A,SA,A,A
180,TIGO,FEMALE,MARRIED,0 TO 2,18-35,SUA,BACHELOR,BELOW 450000,2020,1,14,9,SD,A,F,A,A,A,A,F,D,A,D,A,A,A,A,A,A,A,F
181,VODA,MALE,MARRIED,0 TO 2,18-35,SUA,BACHELOR,450000-1000000,2015,0,4,3,SA,A,F,A,D,F,SD,A,D,SD,F,SA,,A,SA,A,SD,SA,F
182,VODA,MALE,SINGLE,0 TO 2,18-35,SUA,BACHELOR,BELOW 450000,2018,1,14,9,D,D,D,A,A,D,D,A,A,A,D,D,A,D,A,A,A,A,A
183,VODA,MALE,SINGLE,0 TO 2,18-35,SUA,BACHELOR,BELOW 450000,2010,,12,12,SD,SD,F,F,F,A,F,A,A,F,SD,F,F,A,A,A,SD,A,F
184,HALOTEL,MALE,SINGLE,0 TO 2,18-35,SUA,BACHELOR,BELOW 450000,2022,1,10,10,SD,SA,SA,A,A,A,A,SA,SA,D,SA,SD,F,SA,A,D,SD,SA,SA
185,AIRTEL,MALE,SINGLE,0 TO 2,18-35,SUA,BACHELOR,BELOW 450000,2016,0.5,18,8,SD,SA,F,A,A,D,A,D,A,A,F,SA,,D,A,D,F,A,F
186,AIRTEL,MALE,SINGLE,MORE THAN 4,18-35,SUA,BACHELOR,450000-1000000,2019,0.5,12,5,F,F,F,F,SD,SD,F,F,F,SD,D,F,A,SD,D,F,A,SA,SD
187,TIGO,MALE,SINGLE,0 TO 2,18-35,SUA,BACHELOR,450000-1000000,2019,1,10,7,A,F,D,A,A,SD,SA,A,D,F,A,F,A,F,F,F,F,A,F
188,HALOTEL,MALE,SINGLE,0 TO 2,18-35,SUA,BACHELOR,,2022,1,24,12,A,A,SD,SD,D,SD,SD,D,A,D,SA,A,SD,F,SD,SA,SD,F,A
189,HALOTEL,MALE,SINGLE,0 TO 2,18-35,SUA,BACHELOR,BELOW 450000,2023,1,33,17,F,F,SD,F,A,D,D,SA,SA,F,A,SA,A,A,D,SA,D,A,F
190,AIRTEL,MALE,SINGLE,0 TO 2,18-35,SUA,BACHELOR,BELOW 450000,2022,0,40,22,A,F,D,F,D,A,D,F,A,A,D,D,D,A,F,D,SA,SA,A
191,VODA,MALE,SINGLE,0 TO 2,18-35,SUA,BACHELOR,BELOW 450000,2019,0.5,32,27,SD,D,D,A,A,A,A,A,D,A,D,A,A,A,A,D,D,D,A
192,AIRTEL,MALE,SINGLE,0 TO 2,18-35,SUA,BACHELOR,BELOW 450000,2021,,10,9,SD,SD,F,F,SD,F,SD,A,F,,F,F,A,A,A,SA,SA,SA,SD
193,VODA,MALE,SINGLE,MORE THAN 4,18-35,SUA,BACHELOR,BELOW 450000,2020,1,62,53,F,D,D,SD,F,SD,D,D,SD,F,A,A,A,F,F,A,SD,A,A
194,HALOTEL,MALE,SINGLE,0 TO 2,18-35,SUA,BACHELOR,BELOW 450000,2021,,14,17,D,F,A,A,F,F,D,F,F,F,D,A,F,A,F,F,A,F,A
195,HALOTEL,FEMALE,SINGLE,0 TO 2,18-35,SUA,BACHELOR,BELOW 450000,2022,1,11,10,SD,D,D,F,A,D,SD,D,,,,SD,SD,A,A,A,F,A,F
196,AIRTEL,MALE,SINGLE,MORE THAN 4,18-35,SUA,BACHELOR,BELOW 450000,2021,1,21,19,D,SD,SD,D,D,D,F,A,SD,D,D,F,F,A,D,F,A,A,A
197,VODA,MALE,SINGLE,0 TO 2,18-35,SUA,BACHELOR,BELOW 450000,2021,,19,19,A,SD,A,A,A,A,D,A,A,F,A,SD,A,A,F,A,A,A,A
198,HALOTEL,MALE,SINGLE,0 TO 2,18-35,SUA,BACHELOR,BELOW 450000,2022,1,31,24,D,A,D,D,D,D,D,A,A,F,D,D,A,A,A,A,F,A,A
199,AIRTEL,MALE,SINGLE,0 TO 2,18-35,SUA,BACHELOR,BELOW 450000,2018,1,13,50,SA,F,SD,F,A,A,F,F,F,F,A,,A,F,F,F,F,F,F
200,VODA,MALE,SINGLE,0 TO 2,18-35,SUA,BACHELOR,BELOW 450000,2019,1,42,79,A,F,SA,A,SA,D,SA,SA,SA,A,,,A,A,SA,SA,A,A,SA
201,VODA,FEMALE,SINGLE,0 TO 2,18-35,SJMC,BACHELOR,BELOW 450000,2021,0,12,9,SD,D,A,SA,SD,D,SA,F,A,A,A,SA,A,A,SA,SD,SD,,
202,TIGO,FEMALE,SINGLE,0 TO 2,18-35,SJMC,BACHELOR,BELOW 450000,2019,0,16,6,SD,SD,SD,SD,D,D,A,SD,A,F,SA,SA,D,A,A,D,SD,D,
203,VODA,FEMALE,SINGLE,0 TO 2,18-35,SJMC,BACHELOR,BELOW 450000,2018,1,52,61,A,SA,SA,A,SA,D,SA,SD,A,F,A,A,SD,A,F,A,A,A,SA
204,VODA,FEMALE,SINGLE,0 TO 2,18-35,SJMC,BACHELOR,BELOW 450000,2021,0,22,15,SA,D,D,A,D,SA,D,SA,SA,SA,SA,D,A,A,D,A,A,SA,A
205,HALOTEL,MALE,SINGLE,0 TO 2,18-35,SJMC,BACHELOR,BELOW 450000,2018,1,20,13,SA,D,D,SA,A,SA,D,SA,SA,SA,SA,D,A,A,D,A,D,A,A
206,VODA,MALE,SINGLE,0 TO 2,18-35,SJMC,BACHELOR,BELOW 450000,2019,1,20,21,SD,SD,D,SD,SD,SD,SA,SD,A,F,A,F,D,SA,D,D,A,SA,
207,AIRTEL,FEMALE,SINGLE,0 TO 2,18-35,SJMC,BACHELOR,BELOW 450000,2018,0,17,20,F,D,F,SD,F,F,SD,D,F,F,F,D,D,D,D,A,F,F,D
208,VODA,MALE,SINGLE,0 TO 2,18-35,SJMC,BACHELOR,BELOW 450000,2017,,18,20,A,A,A,A,F,A,F,A,D,F,A,A,F,D,A,A,A,A,A
209,TIGO,FEMALE,SINGLE,0 TO 2,18-35,SJMC,BACHELOR,BELOW 450000,2018,1,17,15,D,D,D,A,SA,F,SA,A,F,F,F,SA,D,A,F,SA,F,SA,SA
210,TIGO,FEMALE,SINGLE,0 TO 2,18-35,SJMC,BACHELOR,BELOW 450000,2018,0.65,23,14,A,A,SA,SA,A,SA,SA,SA,SD,D,SD,SA,SA,SA,A,SA,SA,SA,SA
211,VODA,FEMALE,SINGLE,0 TO 2,18-35,SJMC,BACHELOR,BELOW 450000,2020,0,13,12,D,D,F,F,A,A,A,F,F,F,F,F,F,D,F,F,F,SA,A
212,HALOTEL,FEMALE,SINGLE,0 TO 2,18-35,SJMC,BACHELOR,BELOW 450000,2019,0.6,7,5,SD,SD,SD,D,D,SD,D,D,SD,SD,D,D,SD,SD,D,SD,D,SD,SD
213,TIGO,FEMALE,SINGLE,0 TO 2,18-35,SJMC,BACHELOR,BELOW 450000,2018,0,12,12,SD,SD,A,SD,SD,SD,SD,SD,A,SD,SD,A,SD,SD,SD,SD,SD,SD,SD
214,AIRTEL,FEMALE,SINGLE,0 TO 2,18-35,SJMC,BACHELOR,BELOW 450000,2018,0,50,7,SD,D,F,SD,F,SD,SD,F,A,SD,SA,A,A,SD,D,D,SA,SA,A
215,HALOTEL,MALE,SINGLE,0 TO 2,18-35,SJMC,BACHELOR,450000-1000000,2022,0,10,3,F,F,F,SA,A,SA,D,F,SA,A,F,D,A,F,A,SD,A,SA,A
216,HALOTEL,MALE,SINGLE,3 TO 4,18-35,SJMC,BACHELOR,BELOW 450000,2018,1,118,88,F,SA,SD,SD,SD,SA,SD,SD,SA,F,SA,A,D,A,F,SA,D,A,D
217,AIRTEL,FEMALE,SINGLE,0 TO 2,18-35,SJMC,DIPLOMA,BELOW 450000,2022,0,12,8,SD,D,A,A,A,SA,A,A,A,SA,A,SA,A,A,SA,A,A,A,A
218,VODA,MALE,SINGLE,0 TO 2,18-35,UDSM,CERTIFICATE,ABOVE 1000000,2022,0,1,1,F,D,SD,D,D,F,SD,SD,A,D,A,A,F,F,SD,A,SD,F,SD
219,VODA,MALE,SINGLE,0 TO 2,18-35,UDSM,BACHELOR,BELOW 450000,2019,0.38,1,1,F,F,D,SA,A,SA,SA,SA,A,F,D,SD,SD,F,F,F,SA,A,SA
220,VODA,MALE,SINGLE,0 TO 2,18-35,SJMC,BACHELOR,450000-1000000,2012,0.39,1,1,SA,SA,SA,SA,SA,SA,SA,SA,F,F,D,SD,SA,SA,SA,SA,SA,SA,SA
221,VODA,MALE,SINGLE,0 TO 2,18-35,MUM,BACHELOR,BELOW 450000,2020,0.5,3,3,F,F,F,SD,F,F,D,D,F,D,F,F,F,D,D,F,F,F,F
222,VODA,MALE,SINGLE,0 TO 2,18-35,SUA,BACHELOR,450000-1000000,2020,0.5,27,27,A,SA,F,D,A,A,A,A,F,F,F,F,F,A,F,A,F,F,F
223,HALOTEL,MALE,SINGLE,0 TO 2,18-35,SUA,BACHELOR,BELOW 450000,2017,1,14,12,A,F,SA,SA,F,SA,F,A,D,D,F,SA,F,F,A,SA,F,F,SA
224,TIGO,MALE,SINGLE,MORE THAN 4,18-35,SUA,BACHELOR,BELOW 450000,2017,1,9,3,SD,SD,A,A,A,A,A,A,SA,A,SA,A,A,A,A,SA,A,A,A
225,VODA,MALE,MARRIED,MORE THAN 4,18-35,SUA,BACHELOR,BELOW 450000,2009,1,12,12,F,F,F,F,A,A,D,F,A,F,A,SA,A,A,A,SA,F,F,D
226,VODA,FEMALE,MARRIED,3 TO 4,18-35,SUA,BACHELOR,BELOW 450000,2009,0,4,4,D,D,SD,D,SD,SD,D,SD,SD,D,SD,SD,SD,SD,SD,SD,SD,D,SD
227,VODA,MALE,SINGLE,0 TO 2,18-35,SUA,BACHELOR,BELOW 450000,2020,1,27,27,A,F,D,D,SA,SD,F,SA,F,A,D,D,A,SA,A,SA,A,D,SA
228,TIGO,FEMALE,SINGLE,0 TO 2,18-35,MUM,BACHELOR,BELOW 450000,2018,0.5,18,15,A,A,F,A,F,F,D,D,A,A,D,F,F,D,F,F,A,A,A
229,VODA,MALE,SINGLE,0 TO 2,18-35,MUM,BACHELOR,BELOW 450000,2021,0.98,10,9,SA,A,A,SD,SD,SD,SD,D,SA,D,SD,SD,F,F,D,F,SA,SA,SA
230,HALOTEL,FEMALE,MARRIED,0 TO 2,18-35,MUM,BACHELOR,BELOW 450000,2020,0.7,6,6,A,F,F,A,F,D,F,D,F,F,A,A,D,D,D,A,F,F,F
231,VODA,FEMALE,SINGLE,0 TO 2,18-35,SJMC,BACHELOR,BELOW 450000,2023,0,1,1,A,A,D,SD,D,D,D,D,F,F,A,SD,SD,SD,SD,F,F,F,F
232,HALOTEL,MALE,SINGLE,MORE THAN 4,18-35,MUM,BACHELOR,BELOW 450000,2008,0.3,1,1,A,D,D,SD,D,A,SA,SA,A,F,SA,F,D,SD,SD,F,SD,D,F
233,VODA,MALE,SINGLE,0 TO 2,18-35,SUA,BACHELOR,BELOW 450000,2013,0,21,19,D,SD,F,F,A,A,SD,A,A,F,D,SD,D,SA,A,SA,F,A,A
234,AIRTEL,MALE,SINGLE,0 TO 2,18-35,SUA,BACHELOR,BELOW 450000,2022,,3,3,D,A,SD,F,A,F,F,A,F,SA,F,F,F,F,SD,SD,SD,A,A
235,VODA,MALE,SINGLE,0 TO 2,18-35,SUA,BACHELOR,BELOW 450000,2022,,12,12,SD,SD,SD,SD,A,SD,SD,SD,A,A,SA,SA,A,A,A,A,A,A,A
236,TIGO,FEMALE,SINGLE,0 TO 2,18-35,SUA,BACHELOR,BELOW 450000,2022,,16,15,D,A,SD,A,SD,SA,SD,A,A,A,D,A,F,A,A,D,SA,SA,SA
237,AIRTEL,FEMALE,SINGLE,0 TO 2,18-35,SUA,BACHELOR,BELOW 450000,2019,0,11,6,A,A,SD,SD,SD,A,SD,F,SA,D,F,D,F,A,A,A,F,F,F
238,VODA,MALE,SINGLE,0 TO 2,18-35,SUA,BACHELOR,BELOW 450000,2016,0,15,96,SD,SD,SD,SD,A,SD,SD,SD,A,A,SA,SA,A,A,A,A,A,A,A
239,VODA,MALE,SINGLE,0 TO 2,18-35,SUA,BACHELOR,BELOW 450000,2022,1,61,51,A,F,SA,A,SD,SA,F,SA,F,F,F,SD,D,F,F,F,A,A,A
240,VODA,MALE,SINGLE,0 TO 2,18-35,SUA,BACHELOR,BELOW 450000,,,35,80,A,F,SD,SA,SA,F,F,D,F,A,F,D,F,A,F,F,SA,SA,A
241,VODA,MALE,SINGLE,0 TO 2,18-35,SUA,BACHELOR,BELOW 450000,,,20,12,F,F,D,A,A,F,A,A,A,A,A,A,A,F,D,D,F,F,A
242,AIRTEL,MALE,SINGLE,0 TO 2,18-35,SUA,BACHELOR,BELOW 450000,2019,,24,24,D,F,D,F,D,F,A,A,A,A,A,A,F,F,F,F,A,F,D
243,HALOTEL,MALE,SINGLE,0 TO 2,18-35,SUA,BACHELOR,BELOW 450000,2017,,7,9,SD,SD,F,F,F,SA,D,A,F,D,F,SD,SA,F,A,SA,F,F,D
244,TIGO,MALE,SINGLE,0 TO 2,18-35,SUA,BACHELOR,BELOW 450000,2022,0,18,18,F,SD,D,D,F,SD,D,F,A,SA,SD,F,F,A,SA,A,A,D,D
245,VODA,MALE,SINGLE,0 TO 2,18-35,SUA,BACHELOR,BELOW 450000,2022,1,9,9,F,SD,D,D,A,F,F,D,D,F,F,A,A,A,F,F,D,SD,D
246,TIGO,MALE,SINGLE,0 TO 2,18-35,SUA,BACHELOR,BELOW 450000,2019,0.7,21,21,A,A,F,D,A,F,F,A,F,A,D,SA,F,A,A,A,A,F,A
247,TTCL,MALE,SINGLE,0 TO 2,18-35,SUA,BACHELOR,BELOW 450000,2020,1,4,3,D,A,D,D,A,D,SA,SA,SA,F,D,,A,A,SA,SA,SA,SA,SA
248,VODA,MALE,SINGLE,0 TO 2,18-35,SUA,BACHELOR,BELOW 450000,2017,1,6,11,F,F,F,F,F,F,F,D,SD,SD,SD,A,SD,A,D,A,A,SA,F
249,VODA,MALE,SINGLE,0 TO 2,18-35,SUA,BACHELOR,BELOW 450000,2019,0,24,24,F,F,F,F,A,A,D,A,A,A,D,D,A,A,A,A,A,A,A
250,HALOTEL,MALE,SINGLE,3 TO 4,18-35,SUA,BACHELOR,BELOW 450000,2019,0.6,3,3,F,D,F,D,SA,F,F,F,F,F,D,D,F,F,A,A,F,D,D
251,VODA,FEMALE,SINGLE,0 TO 2,18-35,SUA,BACHELOR,BELOW 450000,2022,1,9,8,F,F,A,D,SD,F,D,F,F,A,D,A,D,F,A,F,F,F,F
252,VODA,MALE,SINGLE,0 TO 2,18-35,SUA,BACHELOR,BELOW 450000,2019,,47,24,F,D,F,A,A,D,A,F,F,F,A,A,A,A,A,A,F,SA,A
253,VODA,MALE,SINGLE,0 TO 2,18-35,SUA,BACHELOR,BELOW 450000,2022,1,10,7,F,F,F,F,F,SA,SD,SD,D,SA,SA,A,F,SD,F,D,D,D,D
254,HALOTEL,MALE,SINGLE,0 TO 2,18-35,SUA,BACHELOR,BELOW 450000,2020,,11,12,SD,SD,SD,A,F,SA,SD,SD,SA,D,F,D,SD,D,SA,F,F,F,F
255,TIGO,MALE,SINGLE,0 TO 2,18-35,SUA,BACHELOR,BELOW 450000,2020,0,15,3,SD,D,SD,SD,SD,D,D,A,A,SA,A,D,D,A,F,A,D,A,A
256,AIRTEL,MALE,SINGLE,0 TO 2,18-35,SUA,BACHELOR,BELOW 450000,2022,1,17,11,A,F,A,F,F,A,F,F,D,SD,F,A,D,A,F,F,SA,,SD
257,AIRTEL,FEMALE,SINGLE,0 TO 2,18-35,SUA,BACHELOR,BELOW 450000,2022,0,30,13,SD,A,SA,SA,SA,SD,SA,A,SD,D,D,F,A,A,A,A,SA,SA,SA
258,VODA,MALE,SINGLE,0 TO 2,18-35,SUA,BACHELOR,BELOW 450000,2009,0.5,15,15,D,SD,SD,SD,D,SA,D,SD,SD,F,A,A,D,F,D,SA,F,SA,A
259,VODA,MALE,SINGLE,MORE THAN 4,18-35,SUA,BACHELOR,BELOW 450000,2010,1,12,15,D,D,D,SD,A,F,D,SD,D,A,A,A,A,F,SD,A,A,A,F
260,TIGO,MALE,SINGLE,0 TO 2,18-35,SUA,BACHELOR,BELOW 450000,,0.5,19,12,A,D,SD,SD,F,F,D,A,D,F,D,A,F,D,SD,A,SD,F,D
261,TIGO,FEMALE,SINGLE,0 TO 2,18-35,SUA,BACHELOR,BELOW 450000,2020,,15,3,D,A,SD,D,F,SA,F,SD,D,,,D,F,SD,D,A,D,SA,A
262,TIGO,FEMALE,SINGLE,0 TO 2,18-35,SUA,BACHELOR,BELOW 450000,2020,,17,10,SD,SD,SA,SD,SA,SD,F,SA,SD,F,SD,SD,D,A,F,SA,F,SA,F
263,VODA,MALE,SINGLE,0 TO 2,18-35,SUA,BACHELOR,BELOW 450000,2021,0.5,11,15,SD,D,A,F,SA,D,A,A,F,A,F,A,A,A,F,A,F,F,A
264,TIGO,MALE,SINGLE,0 TO 2,18-35,SUA,BACHELOR,BELOW 450000,2023,,13,16,D,D,F,F,SD,SA,SD,F,A,D,A,A,A,F,D,SA,A,SD,SA
265,AIRTEL,MALE,SINGLE,0 TO 2,18-35,SUA,BACHELOR,BELOW 450000,2020,0.5,20,25,A,D,SD,SD,A,F,F,SA,A,D,A,A,D,F,D,SA,F,F,F
266,TIGO,MALE,SINGLE,0 TO 2,18-35,SUA,BACHELOR,BELOW 450000,2022,1,26,29,F,A,F,F,F,F,SD,D,SD,F,F,A,F,D,F,F,D,F,F
267,VODA,FEMALE,SINGLE,0 TO 2,18-35,SUA,BACHELOR,BELOW 450000,2017,0,16,9,SA,F,,F,SA,F,A,D,F,F,F,A,F,F,A,SA,F,A,F
268,TIGO,MALE,SINGLE,MORE THAN 4,18-35,SUA,BACHELOR,BELOW 450000,2020,0.5,26,26,D,D,D,,A,D,A,A,D,F,A,SA,F,A,F,A,A,A,A
269,AIRTEL,MALE,SINGLE,0 TO 2,18-35,SUA,BACHELOR,BELOW 450000,2021,1,122,103,SA,SA,F,SA,SA,F,A,A,F,A,F,F,F,F,F,F,F,F,F
270,VODA,MALE,MARRIED,0 TO 2,18-35,SUA,BACHELOR,BELOW 450000,2014,0,26,26,SA,A,SA,F,F,A,F,SA,SA,A,A,F,F,A,SA,F,A,SA,A
271,HALOTEL,MALE,SINGLE,0 TO 2,18-35,SUA,BACHELOR,BELOW 450000,2023,0.5,12,18,F,D,A,,SA,D,D,A,A,D,D,D,D,D,A,A,A,F,A
272,TIGO,MALE,SINGLE,0 TO 2,18-35,SUA,BACHELOR,BELOW 450000,2022,,36,27,A,A,SD,D,F,D,D,A,D,A,A,D,A,A,F,F,F,A,A
273,AIRTEL,MALE,SINGLE,0 TO 2,18-35,SUA,BACHELOR,BELOW 450000,2016,,24,24,SD,D,D,F,A,A,A,A,A,A,F,A,D,A,A,A,A,A,A
274,TIGO,MALE,SINGLE,0 TO 2,18-35,SUA,BACHELOR,BELOW 450000,2019,1,10,15,SD,A,SA,SD,D,D,D,F,A,D,A,SD,SA,SA,SA,SA,SA,SA,F
275,VODA,MALE,SINGLE,0 TO 2,18-35,SUA,BACHELOR,BELOW 450000,,,105,113,F,F,F,D,F,F,D,F,A,A,A,A,A,D,A,A,A,A,D
276,TIGO,MALE,SINGLE,0 TO 2,18-35,SUA,BACHELOR,BELOW 450000,2021,,16,12,F,A,SD,F,SA,SA,A,A,SA,A,D,SD,D,SD,SA,SA,F,F,A
277,TIGO,MALE,SINGLE,0 TO 2,18-35,SUA,BACHELOR,BELOW 450000,2019,,14,10,F,A,A,A,SD,F,F,SA,D,F,SA,F,SA,SA,SA,A,SA,A,D
278,HALOTEL,MALE,SINGLE,0 TO 2,18-35,SUA,BACHELOR,BELOW 450000,2022,,21,22,A,SA,D,,F,D,SD,D,SD,F,A,A,A,SD,SD,A,A,A,A
279,VODA,MALE,SINGLE,0 TO 2,18-35,SUA,DIPLOMA,BELOW 450000,2008,0.5,17,16,F,D,SD,SD,F,A,D,F,D,F,F,A,D,F,D,F,D,F,D
280,TIGO,MALE,SINGLE,0 TO 2,18-35,SUA,BACHELOR,BELOW 450000,2019,0,22,22,A,A,D,D,A,A,A,A,F,F,F,A,F,F,F,A,A,A,A
281,TIGO,MALE,SINGLE,0 TO 2,18-35,SUA,BACHELOR,BELOW 450000,2022,,22,24,F,F,F,A,A,SA,F,F,SA,A,D,F,SA,D,F,A,SA,A,SA
282,AIRTEL,MALE,SINGLE,0 TO 2,18-35,SUA,BACHELOR,BELOW 450000,2022,,24,24,SD,D,A,D,F,D,A,A,A,D,F,SA,D,A,F,A,SA,A,SA
283,VODA,MALE,SINGLE,0 TO 2,18-35,SUA,BACHELOR,BELOW 450000,2021,,20,4,SD,SD,,F,F,SD,SD,D,SD,A,,F,D,D,F,A,A,D,SA
284,TIGO,MALE,SINGLE,0 TO 2,18-35,SUA,BACHELOR,BELOW 450000,2021,0,34,,A,SA,F,D,F,F,D,SD,SD,D,A,A,D,A,A,SA,F,SA,F
285,AIRTEL,MALE,SINGLE,0 TO 2,18-35,SUA,BACHELOR,BELOW 450000,2023,,10,12,SA,SA,SD,F,A,SA,SD,SD,F,F,A,A,A,F,F,SA,D,F,D
286,AIRTEL,MALE,SINGLE,0 TO 2,18-35,SUA,BACHELOR,BELOW 450000,2022,,5,4,D,D,A,A,D,SD,D,SA,SD,A,F,A,F,A,A,F,A,D,F
287,VODA,MALE,SINGLE,0 TO 2,18-35,SUA,BACHELOR,BELOW 450000,2022,,27,33,SD,SD,SD,SD,F,D,A,A,F,SD,SA,A,A,A,F,F,D,SA,SD
288,HALOTEL,MALE,SINGLE,3 TO 4,18-35,SUA,BACHELOR,BELOW 450000,2020,0.85,10,8,F,F,A,D,D,D,SD,A,A,A,D,A,A,A,A,A,F,F,A
289,TIGO,MALE,SINGLE,0 TO 2,18-35,SUA,BACHELOR,BELOW 450000,2020,1,17,23,D,SA,D,D,SA,SD,SA,SA,SA,D,SA,D,SA,SA,D,D,SA,SA,SA
290,TIGO,MALE,SINGLE,0 TO 2,18-35,SUA,BACHELOR,BELOW 450000,2020,,21,26,F,SA,SD,SD,F,F,SD,A,F,F,F,A,F,A,A,A,A,A,F
291,TIGO,MALE,SINGLE,0 TO 2,18-35,SUA,BACHELOR,BELOW 450000,2020,0,9,6,F,F,F,F,A,A,D,D,D,F,D,A,F,A,F,D,F,F,D
292,HALOTEL,MALE,SINGLE,0 TO 2,18-35,SUA,BACHELOR,BELOW 450000,2022,,16,9,D,D,,SD,F,F,,D,A,F,A,SD,D,SA,SA,SA,F,SA,F
293,TIGO,MALE,SINGLE,3 TO 4,18-35,SUA,BACHELOR,BELOW 450000,2022,,7,12,D,D,D,A,F,SA,D,A,SD,F,F,A,A,F,SA,SA,,F,F
294,TIGO,MALE,SINGLE,0 TO 2,18-35,SUA,BACHELOR,BELOW 450000,2020,0.5,23,15,A,SA,SD,D,A,SA,F,A,A,A,D,D,A,A,F,SA,SA,F,SA
295,TIGO,MALE,SINGLE,0 TO 2,18-35,SUA,BACHELOR,BELOW 450000,2017,0,9,12,A,D,SD,F,A,SA,SA,SA,F,F,SA,A,F,A,D,SA,D,F,D
296,VODA,FEMALE,SINGLE,0 TO 2,18-35,SUA,BACHELOR,BELOW 450000,2022,0,35,20,SA,SA,SA,F,F,F,SD,SD,SD,A,D,SD,F,SA,SA,SA,SA,SA,SA
297,AIRTEL,MALE,SINGLE,0 TO 2,18-35,SUA,BACHELOR,BELOW 450000,2023,,45,72,D,A,SD,SD,D,SA,SD,D,D,SA,A,A,A,D,D,A,F,F,D
298,TIGO,MALE,SINGLE,0 TO 2,18-35,SUA,BACHELOR,BELOW 450000,2022,,8,20,D,SD,F,,D,SD,D,SA,SD,A,F,A,F,SA,D,A,F,SD,D
299,TIGO,MALE,SINGLE,0 TO 2,18-35,SUA,BACHELOR,BELOW 450000,2020,,18,19,A,A,F,D,A,A,D,SD,D,F,F,A,A,SD,F,F,A,A,F
300,HALOTEL,MALE,SINGLE,0 TO 2,18-35,SUA,BACHELOR,BELOW 450000,2015,0.5,18,18,A,SA,F,A,D,A,D,A,SD,F,A,D,SA,F,D,A,D,A,SA
301,HALOTEL,MALE,SINGLE,0 TO 2,18-35,SUA,BACHELOR,BELOW 450000,2019,,9,9,D,A,A,A,A,D,A,SA,D,A,A,A,D,A,SA,SA,SA,A,A
302,AIRTEL,MALE,SINGLE,0 TO 2,18-35,SUA,BACHELOR,BELOW 450000,2022,,152,165,SD,F,D,A,D,A,SD,F,SA,D,SD,SA,D,F,SD,SA,A,SD,D
303,VODA,MALE,SINGLE,0 TO 2,18-35,SUA,BACHELOR,BELOW 450000,2021,0.8,10,16,F,F,,F,SD,D,D,A,,F,,F,,SD,F,D,,D,SD
304,HALOTEL,MALE,SINGLE,0 TO 2,18-35,SUA,BACHELOR,BELOW 450000,2018,1,14,9,A,F,A,F,A,A,A,SA,A,A,D,A,D,A,A,D,F,F,A
305,TIGO,FEMALE,SINGLE,0 TO 2,18-35,SUA,BACHELOR,BELOW 450000,2022,,16,12,SD,SD,SD,SD,A,A,A,A,SD,F,A,A,A,,A,A,F,A,F
306,AIRTEL,MALE,MARRIED,0 TO 2,18-35,SUA,BACHELOR,BELOW 450000,2023,,28,13,F,A,A,F,SA,A,D,F,A,SA,D,A,F,A,F,A,SA,A,F
307,TIGO,MALE,SINGLE,0 TO 2,18-35,SUA,BACHELOR,BELOW 450000,2022,,38,36,A,A,D,F,A,A,SA,A,SD,A,A,A,A,A,SD,SA,F,A,A
308,VODA,FEMALE,SINGLE,0 TO 2,18-35,SUA,BACHELOR,BELOW 450000,2020,,7,3,F,A,A,A,F,SD,F,A,SD,F,A,A,SD,A,A,D,D,D,D
309,VODA,MALE,SINGLE,MORE THAN 4,18-35,SUA,BACHELOR,BELOW 450000,2019,1,19,18,A,F,SA,A,F,A,F,D,A,SA,F,A,SA,A,F,A,SA,F,D
310,HALOTEL,MALE,SINGLE,0 TO 2,18-35,SUA,BACHELOR,BELOW 450000,2021,0,8,9,D,A,D,D,D,D,A,A,F,F,A,A,A,A,F,A,A,F,A
311,TIGO,MALE,SINGLE,0 TO 2,18-35,SUA,BACHELOR,BELOW 450000,2018,,14,10,SD,D,F,A,SD,F,SD,A,SD,F,A,D,A,SA,A,F,A,SD,SA
312,HALOTEL,MALE,SINGLE,0 TO 2,18-35,SUA,BACHELOR,BELOW 450000,2016,,13,17,SD,D,A,A,A,SD,A,SA,,A,SD,SA,,A,SD,SA,SA,A,SA
313,TIGO,MALE,MARRIED,0 TO 2,18-35,SUA,BACHELOR,BELOW 450000,2022,0,11,20,SD,F,A,SA,F,D,F,F,SD,F,F,SD,F,F,A,F,SA,SA,SA
314,HALOTEL,MALE,SINGLE,0 TO 2,18-35,SUA,BACHELOR,BELOW 450000,2019,,6,6,F,SD,SA,F,D,A,SD,,D,SD,F,D,D,A,A,A,F,F,A
315,VODA,MALE,SINGLE,0 TO 2,18-35,SUA,BACHELOR,BELOW 450000,2022,,15,19,SD,A,A,F,A,SA,SD,SD,F,F,F,SA,SD,SD,F,F,SA,SA,SA
316,HALOTEL,MALE,SINGLE,0 TO 2,18-35,SUA,BACHELOR,BELOW 450000,2022,0.5,23,9,F,F,F,F,F,,A,A,A,F,A,A,A,A,A,F,A,F,A
317,TIGO,MALE,SINGLE,0 TO 2,18-35,SUA,BACHELOR,BELOW 450000,2022,0.5,23,9,F,F,F,F,F,,A,F,A,F,F,A,A,F,A,F,A,F,A
318,TIGO,MALE,SINGLE,0 TO 2,18-35,SUA,BACHELOR,BELOW 450000,2022,1,6,5,SD,A,SA,A,A,F,D,A,SA,A,SA,SA,SA,SA,SA,SA,D,A,D
319,VODA,MALE,SINGLE,0 TO 2,18-35,SUA,BACHELOR,BELOW 450000,2022,,22,30,D,F,F,F,F,A,F,F,D,F,D,SA,A,A,F,A,F,F,F
320,TIGO,MALE,SINGLE,0 TO 2,18-35,SUA,BACHELOR,BELOW 450000,2022,1,17,3,F,D,SD,F,A,F,A,A,SD,D,F,F,F,SA,SA,A,A,D,F
321,HALOTEL,MALE,SINGLE,0 TO 2,18-35,SUA,BACHELOR,BELOW 450000,2016,,38,24,F,A,SD,SD,D,F,F,F,D,A,A,F,F,F,F,F,SD,F,A
322,VODA,MALE,SINGLE,0 TO 2,18-35,SUA,BACHELOR,BELOW 450000,2021,0,10,8,A,D,D,F,F,F,D,F,SD,A,A,D,A,F,F,A,F,A,A
323,HALOTEL,MALE,SINGLE,0 TO 2,18-35,SUA,BACHELOR,BELOW 450000,2023,,14,14,F,F,F,F,SA,F,SA,F,D,SA,F,A,A,F,F,D,SA,F,SA
324,VODA,MALE,SINGLE,0 TO 2,18-35,SUA,BACHELOR,BELOW 450000,2023,,28,6,F,F,F,D,A,F,A,SA,D,D,D,F,F,A,F,F,A,A,A
325,AIRTEL,MALE,SINGLE,0 TO 2,18-35,SUA,BACHELOR,BELOW 450000,2022,,63,63,F,F,SA,SA,SA,SD,SA,SA,F,SA,A,F,SA,SA,SA,SA,SA,SA,SA
326,AIRTEL,FEMALE,SINGLE,0 TO 2,18-35,SUA,BACHELOR,BELOW 450000,2022,,11,15,A,A,D,SD,SA,A,SD,D,A,F,A,A,F,D,F,D,F,F,A
327,AIRTEL,MALE,SINGLE,0 TO 2,18-35,SUA,BACHELOR,BELOW 450000,2021,0.19,16,17,D,F,D,D,SA,A,F,A,A,F,F,F,A,A,A,A,F,A,D
328,AIRTEL,MALE,SINGLE,0 TO 2,18-35,SUA,BACHELOR,BELOW 450000,2023,0.5,7,3,A,A,F,D,SD,D,F,F,SA,F,SA,SA,F,F,D,F,F,F,F
329,VODA,FEMALE,SINGLE,0 TO 2,18-35,SUA,BACHELOR,BELOW 450000,2022,0,10,12,A,A,F,F,A,D,SA,F,F,D,D,F,F,A,F,SA,A,A,F
330,AIRTEL,MALE,SINGLE,0 TO 2,18-35,SUA,BACHELOR,BELOW 450000,2022,1,12,10,SD,D,D,SD,D,A,F,A,F,D,A,A,A,F,F,SA,F,A,F
331,VODA,MALE,SINGLE,0 TO 2,18-35,SUA,BACHELOR,BELOW 450000,2022,,8,9,D,D,SD,SD,SD,A,F,F,SA,SD,SA,A,A,F,SD,D,SD,SA,SD
332,VODA,MALE,SINGLE,0 TO 2,18-35,SUA,BACHELOR,BELOW 450000,2018,1,10,7,SA,SA,F,,A,D,A,A,A,,D,D,A,A,F,A,F,A,A
333,VODA,MALE,SINGLE,0 TO 2,18-35,SUA,BACHELOR,BELOW 450000,2023,1,39,39,A,D,A,F,SD,A,D,A,D,D,A,A,F,F,SD,A,F,SD,F
334,AIRTEL,MALE,SINGLE,0 TO 2,18-35,SUA,BACHELOR,BELOW 450000,2022,0.9,12,18,SD,F,A,F,D,F,D,A,D,A,F,D,SD,SA,SA,SD,D,A,SD
335,VODA,MALE,SINGLE,0 TO 2,18-35,SUA,BACHELOR,BELOW 450000,2021,1,47,81,A,A,SD,SD,F,A,D,D,A,SA,SA,A,D,A,A,A,A,F,F
336,AIRTEL,MALE,SINGLE,0 TO 2,18-35,SUA,BACHELOR,BELOW 450000,2022,,15,12,SD,A,SD,A,A,A,A,A,A,A,SA,SA,A,A,A,SA,A,A,A
337,TIGO,FEMALE,SINGLE,0 TO 2,18-35,SUA,BACHELOR,BELOW 450000,2018,1,13,12,D,SA,F,F,A,D,F,A,A,A,D,A,A,F,A,SA,SA,A,SA
338,TIGO,FEMALE,SINGLE,0 TO 2,18-35,SUA,BACHELOR,BELOW 450000,2019,,6,12,SD,D,D,A,A,,SA,F,D,SD,F,D,SD,F,F,SD,SD,F,SD
339,TIGO,MALE,SINGLE,0 TO 2,18-35,SUA,BACHELOR,BELOW 450000,2020,,13,10,F,A,D,F,F,D,D,D,D,F,D,F,A,A,A,A,F,F,A
340,VODA,MALE,SINGLE,0 TO 2,18-35,SUA,BACHELOR,BELOW 450000,2020,,12,12,D,A,F,F,A,D,A,F,D,D,D,SA,A,F,A,SA,A,SA,F
341,HALOTEL,MALE,SINGLE,0 TO 2,18-35,SUA,BACHELOR,BELOW 450000,2018,,8,4,A,A,SD,SD,D,D,SD,F,D,D,A,A,F,F,F,SA,D,D,A
342,TIGO,FEMALE,SINGLE,0 TO 2,18-35,SUA,BACHELOR,BELOW 450000,2020,,6,3,A,A,A,A,A,F,A,A,A,A,SA,SA,SA,SA,F,SA,F,SA,SA
343,AIRTEL,MALE,SINGLE,0 TO 2,18-35,SUA,BACHELOR,BELOW 450000,2015,,10,15,D,D,A,SD,F,SD,F,SA,,SD,D,A,SA,SD,D,F,A,SA,SD
344,HALOTEL,MALE,SINGLE,0 TO 2,18-35,SUA,BACHELOR,BELOW 450000,2017,1,14,14,SD,SD,F,D,F,A,D,SD,A,A,SA,SD,D,D,A,A,A,F,A
345,HALOTEL,MALE,SINGLE,0 TO 2,18-35,SUA,BACHELOR,BELOW 450000,2022,1,21,19,F,A,A,A,A,F,F,SA,F,F,F,F,SA,F,A,SA,SA,A,F
346,AIRTEL,FEMALE,SINGLE,0 TO 2,18-35,SUA,BACHELOR,BELOW 450000,2019,,9,10,D,SD,A,A,SA,A,SA,A,D,D,A,D,D,D,A,A,A,F,A
347,VODA,FEMALE,SINGLE,0 TO 2,18-35,SUA,BACHELOR,BELOW 450000,2020,0.5,21,21,SA,D,SD,SD,F,D,A,A,F,D,D,A,A,A,A,A,A,A,A
348,HALOTEL,FEMALE,SINGLE,0 TO 2,18-35,IAA_DAR,DIPLOMA,BELOW 450000,2022,0,23,15,F,F,F,D,F,F,F,D,F,F,A,F,F,F,F,SA,A,SA,A
349,TIGO,FEMALE,SINGLE,0 TO 2,18-35,IAA_DAR,DIPLOMA,BELOW 450000,2020,0,9,7,A,A,A,F,SA,SD,A,SA,F,SA,SD,SA,SA,SA,SA,SA,F,SA,SD
350,VODA,FEMALE,SINGLE,0 TO 2,18-35,IAA_DAR,DIPLOMA,BELOW 450000,2019,0,30,24,D,D,F,SA,SA,A,SA,,D,F,F,D,F,F,A,A,SA,SA,SA
351,AIRTEL,MALE,SINGLE,0 TO 2,18-35,IAA_DAR,DIPLOMA,BELOW 450000,2019,0,16,16,SD,SD,SD,SD,F,SD,F,F,F,F,SD,F,F,F,F,F,SA,SA,SA
352,AIRTEL,FEMALE,SINGLE,0 TO 2,18-35,IAA_DAR,DIPLOMA,BELOW 450000,2020,0,16,15,D,D,A,F,SA,SD,SA,SA,F,D,D,A,F,SA,SA,SA,A,SA,SA
353,TIGO,FEMALE,SINGLE,0 TO 2,18-35,IAA_DAR,DIPLOMA,BELOW 450000,2020,0,17,10,SA,F,A,F,F,A,A,SA,A,A,F,F,A,D,F,A,F,F,F
354,VODA,FEMALE,SINGLE,0 TO 2,18-35,IAA_DAR,DIPLOMA,BELOW 450000,2020,0,12,6,D,A,A,D,SA,D,SA,A,A,F,F,D,D,SA,SA,SA,A,F,A
355,HALOTEL,FEMALE,SINGLE,0 TO 2,18-35,IAA_DAR,DIPLOMA,BELOW 450000,2021,0,20,14,D,D,F,A,,A,SA,SA,A,A,SA,SA,SA,SA,SA,SA,SA,SA,SA
356,VODA,FEMALE,SINGLE,0 TO 2,18-35,IAA_DAR,DIPLOMA,BELOW 450000,2020,0,8,8,D,F,A,,SA,D,D,F,F,SD,F,D,D,F,A,F,D,SA,A
357,VODA,FEMALE,SINGLE,0 TO 2,18-35,IAA_DAR,DIPLOMA,BELOW 450000,2018,0,11,9,A,D,F,F,A,D,D,F,F,SD,D,,D,F,F,A,A,F,A
358,HALOTEL,FEMALE,SINGLE,0 TO 2,18-35,IAA_DAR,DIPLOMA,BELOW 450000,2019,0,15,12,D,D,F,F,A,F,F,A,A,A,F,A,A,A,A,SA,SA,SA,A
359,VODA,FEMALE,SINGLE,0 TO 2,18-35,IAA_DAR,DIPLOMA,BELOW 450000,2019,0,58,16,D,F,F,D,A,A,A,A,SA,SA,F,D,A,A,A,A,A,A,SA
360,AIRTEL,FEMALE,SINGLE,0 TO 2,18-35,IAA_DAR,DIPLOMA,BELOW 450000,2020,0,4,3,D,D,A,A,A,D,F,D,,,D,D,D,D,F,A,F,SA,A
361,HALOTEL,FEMALE,SINGLE,0 TO 2,18-35,IAA_DAR,DIPLOMA,BELOW 450000,2018,0,11,10,D,SD,D,F,A,F,SD,SD,D,F,F,D,,SD,F,A,D,F,A
362,AIRTEL,MALE,SINGLE,0 TO 2,18-35,IAA_DAR,DIPLOMA,BELOW 450000,2019,0,16,17,D,D,A,F,A,F,D,A,F,SD,A,A,SA,A,D,A,A,SA,A
363,AIRTEL,FEMALE,SINGLE,0 TO 2,18-35,IAA_DAR,DIPLOMA,BELOW 450000,2021,0,24,24,D,D,F,A,SA,A,SA,SA,SA,SA,F,A,SA,A,A,SA,A,SA,SA
364,AIRTEL,MALE,SINGLE,0 TO 2,18-35,IAA_DAR,CERTIFICATE,BELOW 450000,2019,0,6,18,D,D,SA,SD,D,SD,D,D,A,D,SD,SD,D,SA,D,D,A,A,SD
365,TIGO,MALE,SINGLE,0 TO 2,18-35,IAA_DAR,DIPLOMA,BELOW 450000,2012,0,13,12,A,F,F,D,A,F,SA,D,F,F,F,D,F,F,SD,A,A,SA,F
366,AIRTEL,MALE,SINGLE,0 TO 2,18-35,IAA_DAR,DIPLOMA,BELOW 450000,2023,0,8,12,A,A,A,SA,A,SA,SD,F,A,A,A,F,A,F,F,F,F,A,A
367,TIGO,MALE,SINGLE,0 TO 2,18-35,IAA_DAR,DIPLOMA,BELOW 450000,2021,0,8,4,F,SA,A,D,SA,SD,D,A,D,F,A,A,D,F,A,F,A,A,A
368,AIRTEL,MALE,SINGLE,0 TO 2,18-35,IAA_DAR,DIPLOMA,BELOW 450000,2021,0,8,4,F,SA,A,D,SA,SD,D,A,D,F,A,A,D,F,A,F,A,A,A
369,TIGO,FEMALE,MARRIED,0 TO 2,18-35,IAA_DAR,DIPLOMA,BELOW 450000,2022,0,11,8,A,A,F,F,SA,SD,D,D,,F,F,F,F,F,A,F,A,A,F
370,AIRTEL,MALE,SINGLE,0 TO 2,18-35,IAA_DAR,DIPLOMA,BELOW 450000,2020,0,8,9,D,D,A,SA,F,,,SA,A,A,A,A,A,D,F,SA,D,D,A
371,TIGO,FEMALE,SINGLE,0 TO 2,18-35,IAA_DAR,DIPLOMA,BELOW 450000,2021,0,3,3,A,A,F,F,A,F,D,F,A,F,F,SD,D,SA,SA,SA,F,SA,SA
372,AIRTEL,FEMALE,SINGLE,0 TO 2,18-35,IAA_DAR,DIPLOMA,BELOW 450000,2021,0,6,15,A,A,F,SA,SA,SD,SD,D,F,F,F,F,A,F,F,F,F,A,A
373,HALOTEL,FEMALE,SINGLE,0 TO 2,18-35,IAA_DAR,DIPLOMA,BELOW 450000,2020,0,7,11,D,D,F,A,F,SD,D,SA,F,F,A,A,SD,D,SA,SA,SA,SA,SA
374,TIGO,MALE,SINGLE,0 TO 2,18-35,IAA_DAR,DIPLOMA,BELOW 450000,2019,0,24,24,A,A,D,SA,SD,D,F,SD,SD,F,SA,D,SD,A,F,SA,D,A,D
375,VODA,FEMALE,SINGLE,MORE THAN 4,18-35,IAA_DAR,BACHELOR,BELOW 450000,2020,0.1,10,9,A,D,D,A,D,D,D,F,D,A,SA,D,A,A,F,F,A,SA,A
376,AIRTEL,FEMALE,SINGLE,0 TO 2,18-35,KIUT,CERTIFICATE,BELOW 450000,2022,0,12,18,D,F,A,F,F,D,F,D,D,D,A,F,A,A,D,F,A,A,A
377,AIRTEL,FEMALE,SINGLE,0 TO 2,18-35,KIUT,CERTIFICATE,BELOW 450000,2023,0,6,26,D,D,F,A,A,F,D,A,A,A,A,D,D,A,D,A,SD,SD,A
378,TIGO,FEMALE,SINGLE,0 TO 2,18-35,KIUT,CERTIFICATE,BELOW 450000,2020,0,24,20,D,F,D,D,A,F,SD,F,A,F,A,A,F,A,A,A,F,D,D
379,HALOTEL,FEMALE,SINGLE,0 TO 2,18-35,KIUT,CERTIFICATE,BELOW 450000,2021,0,24,21,A,D,F,F,A,F,F,A,A,A,SA,D,SA,A,A,A,F,F,A
380,AIRTEL,FEMALE,SINGLE,0 TO 2,18-35,KIUT,CERTIFICATE,BELOW 450000,2020,0,33,63,SA,A,F,F,F,A,D,A,A,F,D,A,F,A,SD,A,A,A,A
381,HALOTEL,FEMALE,SINGLE,0 TO 2,18-35,KIUT,CERTIFICATE,BELOW 450000,2021,0,14,6,A,SD,F,SD,SA,SA,D,A,A,SD,SA,SA,SD,F,F,D,A,A,SA
382,HALOTEL,FEMALE,SINGLE,0 TO 2,18-35,KIUT,CERTIFICATE,BELOW 450000,2023,0,74,144,D,A,SD,D,SA,SD,F,D,A,SD,F,A,D,F,A,SA,A,SA,A
383,HALOTEL,FEMALE,SINGLE,0 TO 2,18-35,KIUT,CERTIFICATE,BELOW 450000,2020,0,14,15,A,D,SD,D,A,A,SD,D,SA,D,D,D,D,D,D,A,A,A,A
384,TIGO,FEMALE,SINGLE,0 TO 2,18-35,KIUT,CERTIFICATE,BELOW 450000,2016,0,15,21,D,D,F,F,A,F,F,F,A,F,F,F,D,A,F,SA,A,A,A
385,HALOTEL,FEMALE,SINGLE,0 TO 2,18-35,KIUT,CERTIFICATE,BELOW 450000,2022,0,30,39,SA,SA,A,A,SA,D,F,A,SA,F,A,A,SD,F,F,SA,F,F,A
386,VODA,MALE,SINGLE,0 TO 2,18-35,KIUT,CERTIFICATE,BELOW 450000,2022,0,21,21,D,F,D,F,D,F,D,F,SA,SD,A,D,SA,A,SD,D,A,SD,A
387,AIRTEL,FEMALE,SINGLE,0 TO 2,18-35,KIUT,CERTIFICATE,BELOW 450000,2021,0,8,6,D,D,F,SA,SA,F,F,A,A,A,F,A,A,A,A,F,A,A,SA
388,VODA,MALE,SINGLE,0 TO 2,18-35,KIUT,CERTIFICATE,BELOW 450000,2022,0,25,23,SA,SD,SD,SD,A,F,F,A,D,F,A,F,A,A,F,F,A,A,A
389,TIGO,FEMALE,SINGLE,0 TO 2,18-35,KIUT,CERTIFICATE,BELOW 450000,2022,0,9,11,A,D,A,A,F,A,A,F,A,A,A,F,F,A,D,SA,A,A,A
390,AIRTEL,FEMALE,SINGLE,0 TO 2,18-35,KIUT,CERTIFICATE,BELOW 450000,2022,0,10,4,SD,SD,SD,F,F,SD,F,A,SA,F,F,F,D,F,D,F,A,F,A
391,TIGO,FEMALE,SINGLE,0 TO 2,18-35,KIUT,CERTIFICATE,BELOW 450000,2021,0,12,8,D,F,A,F,F,D,F,D,D,F,D,A,A,A,D,A,F,D,F
392,HALOTEL,MALE,SINGLE,0 TO 2,18-35,KIUT,CERTIFICATE,BELOW 450000,2022,0,12,15,SD,SD,F,A,F,SA,F,F,A,A,D,A,D,F,A,A,F,A,SA
393,HALOTEL,FEMALE,SINGLE,0 TO 2,18-35,KIUT,CERTIFICATE,BELOW 450000,2019,0,120,67,A,D,SD,A,SA,SD,D,SD,SA,D,F,A,D,F,D,SA,A,SA,SA
394,HALOTEL,FEMALE,SINGLE,0 TO 2,18-35,KIUT,CERTIFICATE,BELOW 450000,2023,0,28,24,D,F,F,D,SA,D,SA,D,A,D,A,A,D,D,D,F,F,F,F
395,HALOTEL,MALE,SINGLE,0 TO 2,18-35,KIUT,CERTIFICATE,BELOW 450000,2018,0,10,9,F,D,D,F,D,F,F,A,F,A,F,F,F,A,SA,A,A,F,A
396,TIGO,FEMALE,SINGLE,0 TO 2,18-35,KIUT,CERTIFICATE,BELOW 450000,2022,0,12,8,D,F,A,F,F,D,F,D,D,F,D,F,A,A,D,F,A,A,A
397,TIGO,MALE,SINGLE,0 TO 2,18-35,KIUT,BACHELOR,BELOW 450000,2018,0,12,12,SD,D,SD,A,F,F,F,F,A,A,F,F,F,A,A,D,F,SD,D
398,TIGO,MALE,SINGLE,0 TO 2,18-35,KIUT,BACHELOR,BELOW 450000,2020,1,21,21,SD,F,F,F,A,A,D,A,SA,F,F,D,A,SA,A,A,A,F,SA
399,VODA,MALE,SINGLE,0 TO 2,18-35,KIUT,BACHELOR,BELOW 450000,,1,3,3,SA,SD,F,F,D,D,SD,SA,SA,F,SD,F,F,A,A,F,A,F,SA
400,VODA,FEMALE,SINGLE,0 TO 2,18-35,KIUT,BACHELOR,BELOW 450000,,,39,39,SA,SA,A,SD,SA,SA,SA,D,SA,D,F,SD,A,F,D,SD,SD,SA,SA
401,TIGO,FEMALE,SINGLE,0 TO 2,18-35,KIUT,BACHELOR,BELOW 450000,2020,0,7,6,D,D,A,A,A,,D,F,A,A,D,A,A,A,F,A,SD,,SA
402,AIRTEL,FEMALE,SINGLE,0 TO 2,18-35,KIUT,CERTIFICATE,BELOW 450000,2021,0,13,12,D,D,D,D,SA,SD,SA,SA,A,A,A,SD,D,SD,F,SA,SD,SA,A
403,TIGO,FEMALE,SINGLE,0 TO 2,18-35,KIUT,BACHELOR,BELOW 450000,2017,0,14,3,D,D,SD,SA,SA,D,,SA,D,A,SA,D,,A,SA,SA,SA,SA,SA
404,VODA,FEMALE,SINGLE,0 TO 2,18-35,KIUT,BACHELOR,BELOW 450000,2018,1,22,22,A,A,SD,SD,A,D,A,A,A,D,D,SD,SA,SA,A,A,SA,A,A
405,TIGO,FEMALE,SINGLE,0 TO 2,18-35,KIUT,BACHELOR,BELOW 450000,2015,1,26,25,F,D,SD,SD,A,D,A,F,F,F,F,D,F,F,F,D,D,D,D
406,TIGO,FEMALE,MARRIED,MORE THAN 4,18-35,KIUT,BACHELOR,450000-1000000,2011,0,11,10,A,A,SD,D,SA,SA,SD,A,A,SA,SA,SA,SA,SA,SA,SA,F,F,SA
407,HALOTEL,FEMALE,SINGLE,0 TO 2,18-35,KIUT,BACHELOR,BELOW 450000,2020,0,15,13,A,A,D,A,F,A,D,D,F,A,A,SA,A,SA,A,SA,SA,A,SA
408,TIGO,FEMALE,SINGLE,0 TO 2,18-35,KIUT,BACHELOR,,2018,,56,44,A,SD,A,D,A,A,A,F,F,F,F,A,F,F,A,A,SA,SA,SA
409,TIGO,FEMALE,SINGLE,0 TO 2,18-35,KIUT,BACHELOR,BELOW 450000,2021,0,58,18,A,A,SD,D,SA,SA,SD,,A,A,SA,SA,SA,SA,SA,SA,F,F,SA
410,TIGO,FEMALE,SINGLE,0 TO 2,18-35,KIUT,BACHELOR,BELOW 450000,2022,0.2,12,7,D,F,SA,D,A,SD,D,A,A,A,D,A,SA,SA,SA,SA,SA,SA,SA
411,AIRTEL,FEMALE,SINGLE,0 TO 2,18-35,KIUT,BACHELOR,BELOW 450000,2021,0,93,6,D,A,D,D,F,D,SD,D,SA,SD,A,A,SA,A,A,A,A,SA,A
412,HALOTEL,MALE,SINGLE,0 TO 2,18-35,KIUT,BACHELOR,BELOW 450000,2019,0,12,15,F,A,SD,SD,A,A,A,A,A,A,A,A,A,A,,F,F,F,A
413,VODA,FEMALE,SINGLE,0 TO 2,18-35,KIUT,BACHELOR,BELOW 450000,,1,40,32,SD,SA,SA,SA,SA,A,A,SA,SA,F,SA,SD,SA,,D,SD,SA,SA,SA
414,TIGO,MALE,SINGLE,MORE THAN 4,18-35,KIUT,BACHELOR,BELOW 450000,,0,17,9,A,F,F,D,D,F,F,F,D,F,A,F,F,F,F,D,A,F,F
415,TIGO,MALE,SINGLE,,18-35,KIUT,BACHELOR,BELOW 450000,2013,1,25,9,SA,SD,SD,F,F,F,D,D,F,F,A,A,F,F,F,A,SD,F,D
416,TTCL,FEMALE,SINGLE,MORE THAN 4,18-35,KIUT,BACHELOR,BELOW 450000,,0,13,14,D,F,SD,SD,A,D,D,D,F,D,D,F,SD,D,F,F,F,A,A
417,VODA,MALE,SINGLE,0 TO 2,18-35,KIUT,BACHELOR,BELOW 450000,2011,0,15,17,SA,F,SD,SA,SA,F,SA,SA,SA,F,SA,F,SA,SD,SA,SA,F,SA,F
418,AIRTEL,MALE,SINGLE,0 TO 2,18-35,KIUT,BACHELOR,BELOW 450000,2016,,36,12,SD,F,SD,SD,A,SD,F,A,SD,F,F,F,SD,F,F,SA,F,F,F
419,VODA,FEMALE,SINGLE,0 TO 2,18-35,KIUT,BACHELOR,BELOW 450000,2018,1,6,5,SA,SA,A,D,SA,F,SA,A,F,F,F,SA,F,SD,D,SA,A,A,SA
420,VODA,MALE,SINGLE,0 TO 2,18-35,KIUT,BACHELOR,BELOW 450000,2015,1,33,27,A,F,D,F,A,SA,A,F,D,F,D,F,A,A,A,SA,F,A,F
421,TIGO,MALE,MARRIED,MORE THAN 4,51-60,KIUT,BACHELOR,ABOVE 1000000,1999,0,,,A,A,D,SD,SA,D,A,F,A,D,D,D,A,F,F,SA,A,SA,D
422,AIRTEL,FEMALE,MARRIED,0 TO 2,18-35,KIUT,BACHELOR,BELOW 450000,2019,0,44,12,A,SD,SD,SA,D,SD,A,SD,F,D,A,SD,A,F,F,A,F,SD,F
423,VODA,MALE,SINGLE,0 TO 2,18-35,KIUT,BACHELOR,BELOW 450000,2022,0,19,21,F,D,A,A,A,F,A,A,A,A,A,F,A,A,A,F,A,A,F
424,TIGO,MALE,SINGLE,0 TO 2,18-35,KIUT,BACHELOR,BELOW 450000,2017,0,3,3,A,A,A,A,D,D,D,A,A,A,A,D,SA,A,D,A,A,A,SA
425,TIGO,FEMALE,SINGLE,0 TO 2,18-35,KIUT,BACHELOR,BELOW 450000,2017,0.7,15,12,A,D,A,A,F,D,SD,SD,F,F,F,F,F,F,F,F,F,A,F
426,TIGO,FEMALE,SINGLE,0 TO 2,18-35,KIUT,BACHELOR,BELOW 450000,2016,1,102,98,A,A,SD,SD,SD,SD,SD,SD,SD,SD,A,SD,SD,SA,SD,SA,A,SA,SA
427,TIGO,MALE,SINGLE,0 TO 2,18-35,KIUT,BACHELOR,BELOW 450000,2010,0,36,12,SA,SA,SD,SA,SD,SD,SD,SD,F,F,SA,SD,SD,SD,SA,SA,F,F,SA
428,HALOTEL,MALE,SINGLE,0 TO 2,18-35,KIUT,BACHELOR,BELOW 450000,2018,0,47,33,D,SA,F,F,A,,F,F,A,D,SD,A,A,F,F,SA,F,SA,
429,HALOTEL,FEMALE,SINGLE,3 TO 4,18-35,KIUT,BACHELOR,BELOW 450000,2018,0,5,3,D,F,F,F,A,D,A,D,F,A,D,A,SA,SA,SA,D,A,A,F
430,VODA,FEMALE,SINGLE,0 TO 2,18-35,KIUT,BACHELOR,BELOW 450000,2020,,45,15,D,A,D,D,A,A,SD,D,A,D,A,A,D,A,SD,A,F,SA,F
431,TIGO,FEMALE,SINGLE,0 TO 2,18-35,KIUT,BACHELOR,BELOW 450000,2014,0,4,3,D,D,SD,SA,SA,D,SA,SA,SA,A,D,D,SA,SA,A,SA,SA,SA,SA
432,TIGO,FEMALE,SINGLE,0 TO 2,18-35,KIUT,BACHELOR,BELOW 450000,2015,1,12,10,A,SA,SA,D,F,F,SD,D,A,F,A,A,D,D,D,A,D,F,F
433,TIGO,MALE,SINGLE,0 TO 2,18-35,KIUT,BACHELOR,BELOW 450000,2017,1,28,34,SD,SD,F,F,D,SD,D,D,F,SA,F,SD,F,D,A,SD,F,F,F
434,AIRTEL,MALE,SINGLE,0 TO 2,18-35,KIUT,BACHELOR,ABOVE 1000000,2019,0.5,69,69,SA,A,A,SA,SA,SA,F,A,A,A,SD,A,A,SA,SA,SA,SA,SA,A
435,TIGO,MALE,SINGLE,0 TO 2,18-35,KIUT,BACHELOR,BELOW 450000,2017,,18,18,SA,A,F,A,A,A,A,A,SA,F,F,A,A,A,F,F,A,SA,A
436,TIGO,FEMALE,SINGLE,0 TO 2,18-35,KIUT,BACHELOR,BELOW 450000,,0,11,11,A,D,A,A,F,F,F,A,SA,F,F,SD,A,A,F,A,F,SA,F
437,TIGO,FEMALE,SINGLE,3 TO 4,18-35,KIUT,BACHELOR,BELOW 450000,2021,1,14,12,A,A,F,F,A,SD,SD,F,F,D,F,F,F,D,A,SA,F,A,A
438,HALOTEL,MALE,SINGLE,3 TO 4,18-35,KIUT,BACHELOR,BELOW 450000,,1,40,20,D,SA,SD,A,F,,A,D,A,,A,A,,D,D,SA,F,F,SA
439,HALOTEL,FEMALE,SINGLE,0 TO 2,18-35,KIUT,BACHELOR,BELOW 450000,2020,,15,6,A,SA,SA,SA,F,SD,SD,D,A,D,A,A,D,D,D,A,D,F,A
440,VODA,FEMALE,SINGLE,0 TO 2,18-35,KIUT,BACHELOR,BELOW 450000,2014,,31,30,A,F,A,A,A,F,F,A,F,F,F,A,A,A,F,A,A,F,A
441,TIGO,FEMALE,MARRIED,MORE THAN 4,18-35,KIUT,BACHELOR,BELOW 450000,2007,,18,14,D,F,A,F,SA,F,A,F,F,A,A,F,F,A,A,F,A,F,A
442,HALOTEL,FEMALE,SINGLE,0 TO 2,18-35,KIUT,BACHELOR,BELOW 450000,2018,0,20,22,D,F,SA,SD,F,SD,D,D,SD,F,A,SA,A,A,F,F,A,A,D
443,VODA,FEMALE,SINGLE,0 TO 2,18-35,SUA,BACHELOR,BELOW 450000,2021,1,16,19,A,A,D,A,SA,SD,A,SD,A,D,D,D,D,A,D,SD,A,D,SA
444,VODA,FEMALE,SINGLE,0 TO 2,18-35,SUA,BACHELOR,BELOW 450000,2021,0,6,8,A,SD,D,A,A,D,A,F,A,F,D,A,F,A,D,SA,SD,F,D
445,HALOTEL,MALE,SINGLE,0 TO 2,18-35,SUA,BACHELOR,BELOW 450000,2020,0.8,5,4,A,F,D,D,A,D,F,A,A,SA,F,A,A,F,F,SA,A,F,A
446,AIRTEL,MALE,SINGLE,0 TO 2,18-35,SUA,BACHELOR,BELOW 450000,2021,1,12,25,A,A,A,A,D,A,D,A,A,A,A,A,A,A,A,A,A,A,A
447,VODA,MALE,SINGLE,MORE THAN 4,18-35,SUA,BACHELOR,BELOW 450000,2020,0.8,16,17,D,F,A,SA,SA,D,F,A,SA,A,A,SA,A,SA,SA,SA,A,A,A
448,HALOTEL,FEMALE,SINGLE,3 TO 4,18-35,SUA,BACHELOR,BELOW 450000,2021,1,14,15,F,D,F,D,A,D,F,F,A,D,F,D,A,A,F,D,F,A,A
449,VODA,FEMALE,SINGLE,0 TO 2,18-35,SUA,BACHELOR,BELOW 450000,2020,0,21,14,D,F,D,A,F,D,F,A,A,F,F,F,SA,SA,A,A,F,F,D
450,VODA,FEMALE,SINGLE,0 TO 2,18-35,SUA,BACHELOR,450000-1000000,2018,1,15,14,F,D,SD,SD,A,SD,SD,SA,F,F,F,A,A,A,F,SA,SA,SA,F
451,HALOTEL,FEMALE,SINGLE,0 TO 2,18-35,SUA,BACHELOR,BELOW 450000,2021,1,27,27,D,D,SA,D,A,D,F,D,A,D,D,D,A,F,A,A,A,A,F
452,HALOTEL,FEMALE,SINGLE,0 TO 2,18-35,SUA,BACHELOR,BELOW 450000,2021,0,58,63,A,A,SD,D,D,A,D,A,A,D,SA,A,A,A,F,F,D,A,A
453,AIRTEL,FEMALE,SINGLE,0 TO 2,18-35,SUA,BACHELOR,BELOW 450000,2020,1,20,19,A,D,F,A,A,F,D,F,D,D,D,F,A,SA,SA,SA,F,A,SA
454,VODA,MALE,SINGLE,0 TO 2,18-35,SUA,BACHELOR,BELOW 450000,2021,1,27,18,SD,D,A,SA,A,F,A,A,F,A,SD,A,D,F,F,A,F,A,F
455,TIGO,FEMALE,SINGLE,0 TO 2,18-35,SUA,BACHELOR,BELOW 450000,2020,1,12,11,D,D,SD,A,A,SD,D,A,SA,A,A,D,F,F,A,SA,F,F,D
456,AIRTEL,FEMALE,SINGLE,0 TO 2,18-35,SUA,BACHELOR,BELOW 450000,2018,1,11,9,D,D,D,A,A,A,D,A,A,D,D,D,A,A,A,A,F,A,D
457,TIGO,MALE,SINGLE,3 TO 4,18-35,SUA,BACHELOR,BELOW 450000,2015,0.2,73,53,A,SA,A,D,SD,SD,SA,SA,A,F,F,SD,F,A,F,F,SA,A,SA
458,HALOTEL,FEMALE,SINGLE,0 TO 2,18-35,SUA,BACHELOR,BELOW 450000,2018,1,111,53,SD,SD,SD,D,SA,SD,SD,F,D,A,SD,SA,F,F,A,A,SD,SA,SA
459,VODA,MALE,SINGLE,0 TO 2,18-35,SUA,BACHELOR,BELOW 450000,2016,1,90,90,F,SA,SA,SA,SA,SD,D,SA,A,SA,SD,SD,SA,SA,F,SA,SA,SA,SA
460,AIRTEL,MALE,SINGLE,0 TO 2,18-35,SUA,BACHELOR,BELOW 450000,2019,1,16,10,D,D,D,A,A,D,F,A,A,A,A,SA,F,A,A,A,A,SA,A
461,TIGO,MALE,SINGLE,0 TO 2,18-35,SUA,BACHELOR,BELOW 450000,2021,1,44,45,A,A,SD,F,A,A,D,F,A,A,F,F,A,F,F,SA,A,SA,A
462,HALOTEL,MALE,SINGLE,0 TO 2,18-35,SUA,BACHELOR,BELOW 450000,2022,1,21,21,A,SA,SD,D,SD,SD,F,SD,D,A,SD,SA,A,SD,A,SA,A,A,F
463,HALOTEL,MALE,SINGLE,0 TO 2,18-35,SUA,BACHELOR,BELOW 450000,2015,0,9,9,SD,SD,SD,A,SA,SD,SD,SD,SA,SA,SA,A,SD,A,SD,F,SD,SD,SD
464,HALOTEL,MALE,SINGLE,0 TO 2,18-35,SUA,BACHELOR,BELOW 450000,2020,1,5,8,F,SD,D,F,F,F,D,F,A,D,D,SA,A,F,A,SA,SA,A,F
465,TIGO,FEMALE,SINGLE,0 TO 2,18-35,SUA,BACHELOR,BELOW 450000,2022,0,21,17,D,D,D,D,A,A,SA,A,D,A,D,SD,F,A,A,A,A,F,A
466,HALOTEL,MALE,SINGLE,0 TO 2,18-35,SUA,BACHELOR,BELOW 450000,2018,1,20,20,A,D,A,D,D,D,D,D,SA,D,,D,A,A,A,A,D,A,F
467,AIRTEL,FEMALE,SINGLE,0 TO 2,18-35,SUA,BACHELOR,BELOW 450000,2021,0.5,,,A,A,A,SD,SD,F,SD,SD,A,F,SD,F,SD,SA,SD,SA,SA,SA,SA
468,TIGO,FEMALE,SINGLE,3 TO 4,18-35,SUA,BACHELOR,BELOW 450000,2018,0,6,15,F,F,A,A,A,A,F,A,A,A,A,SD,F,A,A,SD,A,A,D
469,VODA,MALE,SINGLE,0 TO 2,18-35,SUA,BACHELOR,BELOW 450000,2015,0.8,40,22,SA,A,SD,SA,F,SD,F,SD,A,A,SA,SA,SA,SD,SD,F,F,F,F
470,HALOTEL,MALE,SINGLE,0 TO 2,18-35,SUA,BACHELOR,BELOW 450000,2016,1,15,24,F,SA,SD,SD,A,A,SD,F,A,SA,SD,SD,F,D,D,SA,SA,A,SA
471,TIGO,FEMALE,SINGLE,0 TO 2,18-35,SUA,BACHELOR,BELOW 450000,2018,1,22,,F,A,D,A,F,A,F,D,A,D,A,A,D,A,F,A,A,SA,A
472,TIGO,MALE,SINGLE,0 TO 2,18-35,SUA,BACHELOR,BELOW 450000,2019,0.6,9,10,SD,F,SD,F,A,SD,D,SD,A,SD,SD,D,F,A,A,,F,SA,D
473,HALOTEL,FEMALE,SINGLE,0 TO 2,18-35,SUA,BACHELOR,BELOW 450000,2021,0.75,10,13,SD,SD,D,F,D,D,F,D,SA,F,A,D,F,F,F,F,F,SA,SA
474,AIRTEL,FEMALE,SINGLE,0 TO 2,18-35,SUA,BACHELOR,BELOW 450000,2019,1,6,6,A,D,F,D,A,D,D,F,A,F,A,A,D,A,F,A,F,F,F
475,HALOTEL,MALE,SINGLE,0 TO 2,18-35,SUA,BACHELOR,BELOW 450000,2018,1,28,14,SD,D,SD,D,F,F,D,A,A,F,SA,SA,SA,A,A,A,D,D,F
476,VODA,MALE,SINGLE,0 TO 2,18-35,SUA,BACHELOR,BELOW 450000,2018,1,11,12,D,D,D,A,A,D,D,A,A,D,A,D,A,F,F,SA,F,SD,A
477,AIRTEL,MALE,SINGLE,0 TO 2,18-35,SUA,BACHELOR,BELOW 450000,2022,1,15,12,D,D,SA,SD,A,SA,A,A,D,D,SD,D,F,F,A,SA,SA,A,A
478,VODA,MALE,SINGLE,0 TO 2,18-35,SUA,BACHELOR,BELOW 450000,2018,1,15,12,D,D,A,D,F,D,A,A,SD,D,D,D,A,A,A,SA,F,F,F
479,HALOTEL,MALE,SINGLE,0 TO 2,18-35,SUA,BACHELOR,BELOW 450000,2022,1,18,11,SA,A,A,D,F,F,D,SD,A,A,F,F,SD,SD,F,D,F,A,F
480,TIGO,MALE,SINGLE,0 TO 2,18-35,SUA,BACHELOR,BELOW 450000,2021,1,21,16,F,D,A,A,F,SD,D,F,A,F,A,SA,A,F,A,A,F,A,SD
481,HALOTEL,FEMALE,SINGLE,0 TO 2,18-35,SUA,BACHELOR,BELOW 450000,2019,0.4,10,9,D,D,F,D,F,D,D,A,A,A,A,SA,F,F,F,A,F,A,A
482,HALOTEL,FEMALE,SINGLE,0 TO 2,18-35,SUA,BACHELOR,BELOW 450000,2021,0.3,8,6,A,A,F,A,A,D,F,SA,A,D,A,SA,A,SA,SA,A,F,SA,SA
483,HALOTEL,FEMALE,SINGLE,0 TO 2,18-35,SUA,BACHELOR,450000-1000000,2019,1,3,3,D,SD,SD,D,D,SD,SD,A,A,D,SD,SD,D,SD,SD,SD,SD,F,SD
484,AIRTEL,MALE,SINGLE,3 TO 4,18-35,SUA,BACHELOR,BELOW 450000,2021,0.8,10,8,F,A,SA,F,A,D,A,SA,D,F,D,A,D,F,A,A,F,F,F
485,HALOTEL,MALE,SINGLE,0 TO 2,18-35,SUA,BACHELOR,BELOW 450000,2020,1,12,7,F,D,D,F,F,F,D,A,A,F,F,D,D,A,A,A,F,F,A
486,TIGO,MALE,SINGLE,0 TO 2,18-35,SUA,BACHELOR,BELOW 450000,2012,0.6,90,90,SD,SD,SD,F,SA,SD,SA,SD,SD,F,SA,SA,A,SA,A,SA,F,,
487,TIGO,FEMALE,SINGLE,0 TO 2,18-35,SUA,BACHELOR,BELOW 450000,2020,1,60,54,SA,SD,SD,A,D,D,D,F,F,D,A,A,A,F,F,SA,SD,F,SA
488,VODA,FEMALE,SINGLE,0 TO 2,18-35,SUA,BACHELOR,BELOW 450000,2023,1,12,12,SD,SA,F,SA,SA,SD,SA,SD,SD,F,SA,SA,A,A,SA,SA,A,F,A
489,VODA,FEMALE,SINGLE,0 TO 2,18-35,SUA,BACHELOR,BELOW 450000,2017,1,16,10,SA,SA,A,F,A,SD,SD,SD,F,D,D,A,A,SD,SD,A,F,A,A
490,VODA,FEMALE,SINGLE,0 TO 2,18-35,SUA,BACHELOR,BELOW 450000,2018,0,26,24,D,SD,F,A,A,A,F,A,A,SA,D,SA,A,A,A,SA,SA,SA,SA
491,VODA,FEMALE,SINGLE,0 TO 2,18-35,SUA,BACHELOR,BELOW 450000,2016,0,17,16,SD,A,A,F,SA,A,SA,F,A,SA,D,SA,A,SA,A,SA,F,SA,SA
492,TIGO,FEMALE,SINGLE,0 TO 2,18-35,SUA,BACHELOR,BELOW 450000,2018,0,,,F,A,SD,F,A,SD,D,F,A,D,D,A,D,F,D,A,F,SA,SA
493,TIGO,FEMALE,SINGLE,0 TO 2,18-35,SUA,BACHELOR,BELOW 450000,2020,0.5,29,28,D,A,A,A,D,D,SD,F,A,A,A,A,D,A,F,D,D,F,F
494,TIGO,FEMALE,SINGLE,0 TO 2,18-35,SUA,BACHELOR,BELOW 450000,2018,0.8,41,45,D,A,F,A,SA,D,SD,F,F,F,A,A,F,F,A,SA,A,F,A
495,HALOTEL,FEMALE,SINGLE,0 TO 2,18-35,SUA,BACHELOR,BELOW 450000,2018,0.2,10,10,D,D,SD,F,F,A,A,F,A,SA,A,A,SA,A,A,A,SA,SA,SA
496,TIGO,FEMALE,SINGLE,0 TO 2,18-35,SUA,BACHELOR,BELOW 450000,2018,0.6,45,61,A,F,F,SA,A,SD,A,SD,A,A,A,D,A,SD,F,SA,F,A,SA
497,HALOTEL,FEMALE,SINGLE,0 TO 2,18-35,SUA,BACHELOR,BELOW 450000,2018,1,40,48,SD,SD,D,D,F,F,SD,SD,A,SD,A,SD,A,A,SD,SA,SD,SA,SA
498,HALOTEL,FEMALE,SINGLE,0 TO 2,18-35,SUA,BACHELOR,BELOW 450000,2018,0,28,25,D,D,A,A,A,D,F,D,A,A,A,A,A,A,A,A,D,F,F
499,VODA,FEMALE,SINGLE,0 TO 2,18-35,SUA,BACHELOR,BELOW 450000,2018,0,23,18,D,F,A,A,A,A,A,A,A,A,A,A,A,A,A,SA,SA,SA,SA
500,TIGO,FEMALE,SINGLE,0 TO 2,18-35,SUA,BACHELOR,BELOW 450000,2018,0.6,36,54,D,SD,A,SA,SA,D,F,A,SA,A,SA,SA,SA,SA,A,A,SD,A,A
501,TIGO,FEMALE,SINGLE,0 TO 2,18-35,SUA,BACHELOR,450000-1000000,2021,0.75,24,21,D,F,A,A,F,SD,A,A,A,F,F,D,D,A,A,F,SA,SA,A
502,TIGO,FEMALE,SINGLE,0 TO 2,18-35,SUA,BACHELOR,BELOW 450000,2020,0,32,60,A,SD,SD,F,A,A,F,A,A,SD,A,A,A,F,A,SA,A,A,A
503,TIGO,FEMALE,SINGLE,3 TO 4,18-35,SUA,BACHELOR,BELOW 450000,2020,0.3,33,12,D,D,SD,F,A,SD,D,A,A,SA,F,A,SA,A,F,D,A,F,F
504,TIGO,FEMALE,SINGLE,0 TO 2,18-35,SUA,BACHELOR,BELOW 450000,2020,1,11,13,D,D,SD,A,A,A,F,F,A,A,A,F,A,F,F,SA,A,SA,SA
505,HALOTEL,FEMALE,SINGLE,0 TO 2,18-35,SUA,BACHELOR,BELOW 450000,2020,1,35,9,SD,F,A,A,SA,F,A,F,A,A,SA,F,A,A,SA,A,SD,SD,D
506,TIGO,MALE,SINGLE,MORE THAN 4,18-35,SUA,BACHELOR,BELOW 450000,2020,0.9,24,12,SD,F,A,A,SA,F,A,SD,SA,D,F,F,A,D,F,SA,SD,SD,D
507,TIGO,MALE,SINGLE,0 TO 2,18-35,SUA,BACHELOR,BELOW 450000,2021,1,23,24,A,SA,SD,D,D,SA,F,D,SA,F,A,A,F,A,SD,SA,SA,SA,SA
508,AIRTEL,MALE,SINGLE,0 TO 2,18-35,SUA,BACHELOR,BELOW 450000,2017,1,15,12,A,F,SD,D,D,SD,SD,F,A,A,A,A,D,A,SD,SA,F,SA,A
509,AIRTEL,MALE,SINGLE,0 TO 2,18-35,SUA,BACHELOR,BELOW 450000,2022,0,14,36,A,A,A,D,A,A,A,A,A,A,D,D,D,A,A,SA,A,A,A
510,HALOTEL,FEMALE,SINGLE,0 TO 2,18-35,SUA,BACHELOR,BELOW 450000,2015,0.62,74,50,SD,A,SD,D,A,F,F,D,A,F,A,A,D,F,D,D,D,D,D
511,VODA,FEMALE,SINGLE,0 TO 2,18-35,SUA,BACHELOR,BELOW 450000,2020,0.2,11,11,SD,F,F,SA,A,SD,SD,F,SD,F,D,SD,F,D,A,SA,A,A,A
512,VODA,FEMALE,SINGLE,0 TO 2,18-35,SUA,BACHELOR,450000-1000000,2020,0,24,27,SD,A,F,SA,A,SD,A,D,F,A,F,A,D,A,A,D,A,A,F
513,TIGO,MALE,SINGLE,0 TO 2,18-35,SUA,BACHELOR,BELOW 450000,2018,1,12,12,SA,F,SD,F,SA,F,SD,F,SA,F,SD,SD,SA,SA,SA,SA,SA,SA,SA
514,VODA,MALE,SINGLE,0 TO 2,18-35,SUA,BACHELOR,BELOW 450000,2020,0,12,12,A,A,SD,A,SA,F,A,A,F,SD,D,F,F,A,F,SA,F,A,A
515,TIGO,FEMALE,SINGLE,MORE THAN 4,18-35,SUA,BACHELOR,BELOW 450000,2019,0.75,8,7,F,D,D,D,A,D,D,D,D,F,D,F,F,F,F,A,A,A,A
516,TIGO,MALE,SINGLE,0 TO 2,18-35,SUA,BACHELOR,BELOW 450000,2016,0.8,15,9,SA,SA,D,F,F,SD,F,F,A,F,SA,F,SA,A,F,SA,F,F,F
517,AIRTEL,MALE,SINGLE,0 TO 2,18-35,SUA,BACHELOR,450000-1000000,2015,0.7,3,12,SD,D,SA,SD,D,SD,A,D,SA,SD,F,SA,D,A,D,SA,SD,A,SD
518,TIGO,MALE,SINGLE,MORE THAN 4,18-35,SUA,BACHELOR,BELOW 450000,2017,1,9,19,SD,SD,SA,D,SD,A,SD,D,SD,D,A,SD,D,A,SD,D,SD,D,F
519,AIRTEL,FEMALE,SINGLE,0 TO 2,18-35,SUA,BACHELOR,BELOW 450000,2023,1,7,10,SA,SA,F,D,A,SD,A,A,A,D,D,D,A,A,F,A,SA,SA,SA
520,AIRTEL,FEMALE,SINGLE,MORE THAN 4,18-35,SUA,BACHELOR,BELOW 450000,2018,0.8,17,17,A,D,D,D,F,D,D,A,A,D,D,D,D,A,A,A,A,A,A
521,TIGO,MALE,SINGLE,MORE THAN 4,18-35,SUA,BACHELOR,BELOW 450000,2018,0.52,11,12,SA,A,SA,SD,SA,SD,D,SA,SA,A,A,F,SA,SA,SA,SA,A,SA,SA
522,VODA,FEMALE,MARRIED,0 TO 2,18-35,SUA,BACHELOR,BELOW 450000,2019,0.98,12,12,SA,SA,SA,SA,SA,D,A,D,A,D,D,A,A,A,D,D,D,D,D
523,TIGO,FEMALE,SINGLE,0 TO 2,18-35,SUA,BACHELOR,BELOW 450000,2018,0,90,45,SD,D,SD,SA,SD,SD,SA,SD,SA,SA,F,SA,SD,SD,SD,A,SA,A,SD
524,VODA,FEMALE,SINGLE,0 TO 2,18-35,SUA,BACHELOR,BELOW 450000,2022,1,16,12,SD,D,SD,SA,SD,SD,SD,D,SA,SA,F,SA,SD,D,D,A,SA,A,SD
525,HALOTEL,FEMALE,SINGLE,MORE THAN 4,18-35,SUA,BACHELOR,BELOW 450000,2020,1,18,7,SA,SA,SD,SA,F,A,SD,SD,SA,F,SD,A,SA,SA,SD,SA,SA,SA,SA
526,TIGO,MALE,SINGLE,MORE THAN 4,18-35,SUA,BACHELOR,BELOW 450000,2020,0,6,19,SD,SA,SA,SA,SD,SD,SD,SA,SA,SD,SA,SA,SD,SA,SA,SA,SA,SA,SA
527,VODA,MALE,SINGLE,0 TO 2,18-35,SUA,BACHELOR,BELOW 450000,2019,0,6,18,SA,A,A,SA,SA,D,D,D,D,A,A,A,A,A,A,A,A,A,SA
528,VODA,MALE,MARRIED,0 TO 2,18-35,SUA,BACHELOR,BELOW 450000,2009,0.75,40,52,SD,SD,A,SA,F,SD,A,SA,SD,A,A,SA,SD,D,SA,SA,SA,A,SA
529,TIGO,FEMALE,SINGLE,3 TO 4,18-35,SUA,BACHELOR,BELOW 450000,2020,1,12,12,SD,A,A,A,A,SD,D,D,A,F,A,A,A,A,A,A,D,F,D
530,HALOTEL,MALE,SINGLE,0 TO 2,18-35,SUA,BACHELOR,BELOW 450000,2009,1,13,25,SA,SA,A,SA,A,F,A,SA,SA,A,A,A,SA,SA,F,SA,SA,SA,SA
531,HALOTEL,FEMALE,SINGLE,0 TO 2,18-35,SUA,BACHELOR,450000-1000000,2019,1,17,8,D,D,F,A,D,SD,SD,D,A,F,A,D,D,D,D,SA,D,A,D
532,HALOTEL,MALE,SINGLE,0 TO 2,18-35,SUA,BACHELOR,BELOW 450000,2013,0,12,14,A,A,A,SA,SA,A,A,SD,SA,F,F,SA,D,D,SD,SA,F,SA,F
533,TIGO,FEMALE,SINGLE,0 TO 2,18-35,SUA,BACHELOR,BELOW 450000,2020,0,19,10,D,D,SD,SA,SA,D,SD,SD,A,D,SA,SD,D,A,D,SA,SD,A,A
534,VODA,MALE,SINGLE,MORE THAN 4,18-35,SUA,BACHELOR,BELOW 450000,2009,0.4,13,12,F,SD,A,F,SA,SD,SA,SA,SA,F,F,F,F,SA,SA,SA,A,A,SA
535,AIRTEL,MALE,SINGLE,0 TO 2,18-35,SUA,BACHELOR,BELOW 450000,2018,0.66,16,12,D,D,SD,SD,SD,SD,A,A,SA,A,A,D,F,A,D,F,A,D,F
536,TIGO,FEMALE,SINGLE,0 TO 2,18-35,SUA,BACHELOR,BELOW 450000,2020,0.6,14,13,A,SD,F,A,A,SD,A,SA,F,F,A,SD,F,A,A,SA,F,F,A
537,TIGO,FEMALE,SINGLE,0 TO 2,18-35,SUA,BACHELOR,BELOW 450000,2016,0,15,12,SD,A,A,A,A,SD,A,A,A,D,D,A,SD,A,SD,A,A,A,A
538,VODA,FEMALE,SINGLE,0 TO 2,18-35,SUA,BACHELOR,BELOW 450000,2020,0,8,11,SA,SA,F,F,A,F,SA,F,SA,F,D,D,F,D,SD,F,F,SA,F
539,TIGO,FEMALE,SINGLE,3 TO 4,18-35,SUA,DIPLOMA,BELOW 450000,2016,0,13,19,D,SD,SD,D,A,A,D,SD,SA,F,SA,F,D,D,SD,A,F,F,D
540,HALOTEL,MALE,SINGLE,0 TO 2,18-35,SUA,DIPLOMA,BELOW 450000,2017,0,14,8,SA,D,SA,D,F,A,D,A,D,A,SA,SD,SD,F,F,SA,F,A,A
541,VODA,FEMALE,MARRIED,0 TO 2,18-35,SUA,BACHELOR,BELOW 450000,2018,0.85,24,16,SA,A,A,D,A,SD,SA,A,A,A,A,A,SD,SA,SA,F,SA,SA,A
542,VODA,FEMALE,SINGLE,0 TO 2,18-35,SUA,DIPLOMA,BELOW 450000,2016,0,80,60,SA,D,SD,SA,A,A,D,F,SA,A,SA,SA,A,F,F,A,A,SA,A
543,TIGO,FEMALE,SINGLE,0 TO 2,18-35,SUA,DIPLOMA,BELOW 450000,2018,0,58,56,SA,D,SD,D,D,D,F,F,D,A,D,D,A,A,A,A,A,A,A
544,HALOTEL,MALE,SINGLE,0 TO 2,18-35,SUA,DIPLOMA,BELOW 450000,2023,0,23,23,F,A,SA,SD,SA,SD,D,SD,SA,SD,D,SA,SD,SD,SD,SA,A,D,A
545,AIRTEL,FEMALE,SINGLE,0 TO 2,18-35,SUA,DIPLOMA,BELOW 450000,2020,0,12,9,A,SA,SD,A,SD,D,D,F,A,SD,F,SA,F,F,F,A,D,F,F
546,VODA,MALE,SINGLE,0 TO 2,18-35,SUA,DIPLOMA,BELOW 450000,2015,0,9,6,A,A,SD,SA,SD,F,SD,D,A,D,A,D,SD,F,D,A,D,F,F
547,VODA,FEMALE,SINGLE,0 TO 2,18-35,SUA,DIPLOMA,BELOW 450000,2019,0,14,18,A,D,SD,A,D,D,D,SD,SA,SD,SD,SA,SD,SD,SD,A,A,SA,SA
548,VODA,FEMALE,SINGLE,0 TO 2,18-35,SUA,DIPLOMA,BELOW 450000,2019,0,10,8,D,D,F,A,D,D,SD,SD,A,A,SA,A,D,D,D,SD,F,SD,SA
549,TIGO,FEMALE,SINGLE,0 TO 2,18-35,SUA,DIPLOMA,BELOW 450000,2022,0,16,19,D,D,SD,F,A,D,SD,SD,A,D,SA,A,F,SD,F,F,F,SA,SA
550,TIGO,MALE,MARRIED,3 TO 4,36-50,SUA,DIPLOMA,BELOW 450000,2020,0,18,15,D,D,A,A,A,A,A,A,A,A,A,SA,A,D,D,SA,F,SD,F
551,AIRTEL,FEMALE,SINGLE,0 TO 2,18-35,SUA,DIPLOMA,BELOW 450000,2020,0,20,16,F,D,SD,F,A,A,SD,SD,F,F,SA,A,SD,A,F,A,F,F,F
552,HALOTEL,MALE,SINGLE,0 TO 2,18-35,SUA,DIPLOMA,BELOW 450000,2019,0,22,13,F,F,SD,A,D,D,D,SD,F,D,SA,SA,SD,F,D,SA,F,SD,F
553,TIGO,FEMALE,SINGLE,0 TO 2,18-35,SUA,DIPLOMA,BELOW 450000,2021,0,9,7,A,A,D,A,D,D,D,D,SA,D,F,A,D,A,D,A,A,D,A
554,TIGO,MALE,SINGLE,0 TO 2,18-35,SUA,DIPLOMA,BELOW 450000,2019,0,24,22,SD,SD,SD,SD,SA,D,F,F,A,F,SA,SA,A,F,A,SA,F,A,F
555,AIRTEL,MALE,SINGLE,0 TO 2,18-35,SUA,DIPLOMA,BELOW 450000,2021,0,16,21,A,A,SD,SA,F,A,A,A,A,SA,A,A,D,F,A,A,F,D,F
556,TIGO,MALE,SINGLE,0 TO 2,18-35,SUA,DIPLOMA,BELOW 450000,2019,0,10,9,F,A,SD,F,D,F,D,A,A,A,F,A,D,A,F,F,F,A,F
557,AIRTEL,FEMALE,SINGLE,0 TO 2,18-35,SUA,DIPLOMA,BELOW 450000,2020,0,3,3,D,F,D,F,D,D,A,A,SA,A,F,D,A,A,A,D,A,A,A
558,HALOTEL,MALE,SINGLE,0 TO 2,18-35,SUA,DIPLOMA,BELOW 450000,2019,0,24,12,F,A,SD,D,D,SD,D,F,A,D,A,A,A,A,A,A,A,A,A
559,TIGO,MALE,SINGLE,0 TO 2,18-35,SUA,DIPLOMA,BELOW 450000,2020,0,24,6,F,D,D,F,F,A,A,A,A,A,A,A,D,A,A,D,F,D,F
560,TIGO,MALE,SINGLE,0 TO 2,18-35,SUA,DIPLOMA,BELOW 450000,2021,0,19,28,SD,A,SD,D,SD,D,F,A,SA,SA,A,SA,SD,SA,F,D,SD,SA,SD
561,AIRTEL,MALE,SINGLE,0 TO 2,18-35,SUA,DIPLOMA,BELOW 450000,2018,0,14,17,F,F,D,A,A,F,A,A,F,D,SD,A,D,F,SD,SA,A,A,A
562,VODA,MALE,SINGLE,0 TO 2,18-35,SUA,DIPLOMA,BELOW 450000,2021,0,13,14,D,D,D,SA,F,D,D,F,SA,SA,SD,A,SD,SA,F,F,F,D,F
563,VODA,MALE,SINGLE,0 TO 2,18-35,SUA,DIPLOMA,BELOW 450000,2020,0,14,14,D,F,SD,A,SA,A,F,F,A,D,F,D,D,F,F,SA,A,F,SA
564,TIGO,FEMALE,SINGLE,0 TO 2,18-35,SUA,BACHELOR,BELOW 450000,2022,1,18,21,A,A,D,SA,D,A,SD,A,A,A,A,A,F,A,A,A,F,A,D
565,VODA,MALE,SINGLE,MORE THAN 4,18-35,SUA,BACHELOR,BELOW 450000,2023,0,10,11,F,SD,D,A,A,D,D,D,A,SD,A,SD,F,D,A,SA,SA,D,A
566,TIGO,FEMALE,SINGLE,0 TO 2,18-35,SUA,BACHELOR,BELOW 450000,2022,1,16,13,SD,SA,A,SA,SA,A,D,A,D,SD,F,A,D,F,F,D,SD,F,A
567,HALOTEL,FEMALE,SINGLE,0 TO 2,18-35,SUA,BACHELOR,BELOW 450000,2020,0.59,14,14,SD,D,SD,F,SA,SD,A,SA,SD,A,A,SA,SA,SA,SA,SA,A,SA,D
568,TIGO,MALE,SINGLE,3 TO 4,18-35,SUA,BACHELOR,BELOW 450000,2021,0.3,12,5,F,F,SA,SA,SA,A,F,F,SA,F,SD,F,F,F,F,F,F,F,F
569,VODA,FEMALE,SINGLE,0 TO 2,18-35,SUA,BACHELOR,BELOW 450000,2020,1,20,31,A,A,A,F,A,SD,F,D,D,SD,F,F,F,A,A,A,A,F,F
570,HALOTEL,MALE,SINGLE,0 TO 2,18-35,SUA,BACHELOR,BELOW 450000,2018,0.61,12,12,SD,SD,A,SD,A,D,D,F,A,F,A,F,F,F,F,SA,A,A,A
571,VODA,MALE,SINGLE,0 TO 2,18-35,SUA,BACHELOR,BELOW 450000,2014,1,10,11,A,F,F,F,A,SD,SD,D,A,F,F,D,F,A,A,A,A,D,SA
572,TIGO,MALE,SINGLE,MORE THAN 4,18-35,SUA,BACHELOR,BELOW 450000,2020,1,6,18,SD,SD,A,SA,SA,D,A,A,SD,A,A,SD,D,SA,SD,SA,SA,D,SD
573,TIGO,MALE,SINGLE,0 TO 2,18-35,SUA,BACHELOR,BELOW 450000,2019,1,8,6,D,F,F,D,A,D,F,F,F,D,A,D,F,F,D,SA,SA,D,SD
574,HALOTEL,MALE,SINGLE,0 TO 2,18-35,SUA,BACHELOR,BELOW 450000,2019,1,61,61,A,D,A,D,A,D,A,A,A,A,D,A,A,A,A,A,D,A,A
575,AIRTEL,MALE,SINGLE,0 TO 2,18-35,SUA,BACHELOR,BELOW 450000,2018,1,12,12,D,SA,A,D,A,D,A,A,SA,D,A,A,A,A,A,A,A,F,D
576,TIGO,FEMALE,SINGLE,0 TO 2,18-35,SUA,BACHELOR,BELOW 450000,2020,0,15,9,D,A,A,D,A,SA,SA,D,A,A,D,A,A,SA,SA,SA,F,SA,SA
577,TIGO,FEMALE,SINGLE,0 TO 2,18-35,SUA,BACHELOR,BELOW 450000,2021,0.9,12,11,SD,D,F,A,A,A,A,A,D,A,D,D,A,A,F,A,A,A,A
578,TIGO,MALE,SINGLE,0 TO 2,18-35,SUA,BACHELOR,BELOW 450000,2020,1,14,21,D,SD,F,F,F,D,F,A,A,A,F,SA,A,A,F,SA,A,F,SA
579,HALOTEL,FEMALE,MARRIED,0 TO 2,18-35,SUA,BACHELOR,BELOW 450000,2020,1,11,13,SD,A,F,F,SA,F,SD,D,SD,SD,A,SA,SD,SA,SA,SA,F,SA,F
580,HALOTEL,FEMALE,SINGLE,0 TO 2,18-35,SUA,BACHELOR,BELOW 450000,2020,1,85,91,F,F,SA,D,A,A,F,D,SA,D,F,F,A,F,F,F,F,A,A
581,HALOTEL,MALE,SINGLE,0 TO 2,18-35,SUA,BACHELOR,BELOW 450000,2020,1,10,13,D,SD,F,D,A,D,A,D,A,F,A,D,D,F,F,SA,F,A,SA
582,HALOTEL,FEMALE,SINGLE,0 TO 2,18-35,SUA,BACHELOR,BELOW 450000,2020,0,60,63,F,SA,D,D,A,SD,F,D,SD,D,D,D,F,SA,SA,SA,A,A,F
583,HALOTEL,MALE,SINGLE,0 TO 2,18-35,SUA,BACHELOR,BELOW 450000,2020,0.6,12,12,D,SA,A,SD,A,SD,SA,D,D,A,D,A,D,F,D,A,D,F,D
584,HALOTEL,MALE,SINGLE,0 TO 2,18-35,SUA,BACHELOR,BELOW 450000,2016,,18,21,A,A,A,F,A,SA,SD,SD,A,F,F,A,D,F,F,SA,F,A,A
585,HALOTEL,MALE,SINGLE,0 TO 2,18-35,SUA,BACHELOR,BELOW 450000,2021,1,25,15,SD,D,F,A,F,D,D,A,A,A,F,A,D,D,D,F,A,A,F
586,VODA,MALE,SINGLE,0 TO 2,18-35,SUA,BACHELOR,BELOW 450000,2020,0,11,11,D,SD,A,SA,SA,SD,SA,SA,F,SD,A,SD,A,,SA,D,SA,SA,SA
587,TIGO,MALE,SINGLE,MORE THAN 4,18-35,SUA,BACHELOR,BELOW 450000,2019,0,58,12,A,D,A,SA,SD,SA,A,SD,A,D,A,A,SD,A,F,SA,A,A,A
588,TIGO,MALE,SINGLE,0 TO 2,18-35,SUA,BACHELOR,BELOW 450000,2023,0,19,17,SD,D,A,SD,F,A,SD,SA,F,A,SD,A,F,SA,SA,A,SA,SA,A
589,TIGO,FEMALE,SINGLE,MORE THAN 4,18-35,SUA,BACHELOR,BELOW 450000,2016,0,12,8,D,A,A,SA,SA,D,F,F,D,A,SA,F,A,A,SA,F,F,A,A
590,TIGO,MALE,SINGLE,0 TO 2,18-35,SUA,BACHELOR,BELOW 450000,2020,0,27,29,SD,A,D,A,A,SA,,A,SA,A,D,D,A,SA,SA,SA,A,A,SA
591,TIGO,FEMALE,SINGLE,0 TO 2,18-35,SUA,BACHELOR,BELOW 450000,2019,0.5,12,15,F,D,D,SA,SD,SD,F,A,A,F,SD,A,A,A,F,SA,A,A,F
592,AIRTEL,MALE,SINGLE,0 TO 2,18-35,SUA,BACHELOR,450000-1000000,2010,0,12,12,SD,SD,SD,F,A,SD,F,F,A,F,F,SA,SA,F,F,SA,SA,SD,F
593,HALOTEL,MALE,SINGLE,0 TO 2,18-35,SUA,BACHELOR,BELOW 450000,2017,0,12,3,SD,D,SD,F,SD,D,F,D,D,A,F,SD,D,F,F,D,SA,D,SA
594,TIGO,MALE,SINGLE,0 TO 2,18-35,SUA,BACHELOR,BELOW 450000,2016,0.5,17,20,SD,F,SD,A,F,F,SD,F,A,SA,D,SA,A,F,F,SA,F,A,A
595,AIRTEL,MALE,SINGLE,0 TO 2,18-35,SUA,BACHELOR,BELOW 450000,2017,0,64,6,SA,SA,SA,SD,F,D,F,F,SD,F,SD,SD,SA,SA,A,F,SA,A,SA
596,HALOTEL,MALE,SINGLE,3 TO 4,18-35,SUA,BACHELOR,BELOW 450000,2015,0.9,16,17,D,A,A,SD,A,SA,D,A,SD,A,F,A,SD,SA,D,,A,SA,SD
597,VODA,MALE,SINGLE,0 TO 2,18-35,SUA,BACHELOR,BELOW 450000,2013,1,18,12,F,A,SA,A,F,F,SA,F,SA,A,SA,F,A,F,A,F,SA,F,SA
598,VODA,FEMALE,SINGLE,0 TO 2,18-35,SUA,BACHELOR,BELOW 450000,2020,0.9,12,11,SD,SD,SD,A,F,A,D,D,A,A,A,SA,F,F,SA,SA,F,A,SA
599,TIGO,FEMALE,SINGLE,0 TO 2,18-35,SUA,BACHELOR,BELOW 450000,2022,1,13,12,SD,SD,A,F,SA,SD,SA,SA,D,F,F,A,F,SA,SA,SA,F,A,SA
600,HALOTEL,MALE,SINGLE,0 TO 2,18-35,SUA,BACHELOR,BELOW 450000,2020,0,8,6,A,F,D,F,A,D,F,F,F,A,F,F,D,A,A,A,A,SA,A
601,HALOTEL,FEMALE,MARRIED,0 TO 2,18-35,SUA,BACHELOR,BELOW 450000,2020,1,16,16,SD,D,A,A,SA,SD,F,,SD,F,F,F,A,F,SD,SA,SD,D,SA
602,TIGO,FEMALE,SINGLE,0 TO 2,18-35,SUA,BACHELOR,BELOW 450000,2020,0,16,15,SD,SD,D,A,D,F,F,A,SA,A,D,D,A,A,A,SA,F,A,F
603,VODA,FEMALE,SINGLE,MORE THAN 4,18-35,SUA,BACHELOR,BELOW 450000,2020,0,9,7,SD,D,SD,F,SA,D,D,F,SA,D,A,D,F,SD,F,SA,SA,F,A
604,HALOTEL,FEMALE,SINGLE,MORE THAN 4,18-35,SUA,BACHELOR,BELOW 450000,2021,0.61,3,0,SD,SA,SD,SA,SA,SA,SD,SD,SA,F,SA,SA,SD,SD,SD,SA,SD,SD,SD
605,HALOTEL,MALE,SINGLE,MORE THAN 4,18-35,SUA,BACHELOR,BELOW 450000,2022,1,12,12,A,A,A,SD,A,SA,A,A,SA,SD,D,D,SA,SA,A,SA,SA,SA,SA
606,HALOTEL,MALE,MARRIED,MORE THAN 4,18-35,SUA,BACHELOR,ABOVE 1000000,2017,0,29,31,D,F,A,SA,SD,D,F,A,SA,A,F,D,SD,D,F,A,SA,A,F
607,AIRTEL,MALE,SINGLE,0 TO 2,18-35,SUA,BACHELOR,BELOW 450000,2016,1,12,12,D,A,D,A,SA,A,D,SD,D,A,SA,F,D,SD,D,A,SA,D,SA
608,VODA,MALE,SINGLE,0 TO 2,18-35,SUA,BACHELOR,BELOW 450000,2016,0.84,15,15,SD,SD,SA,SA,D,F,SD,D,F,A,SA,F,SA,D,SD,SA,SA,SA,SA
609,HALOTEL,MALE,SINGLE,0 TO 2,18-35,SUA,BACHELOR,BELOW 450000,2020,,17,17,SA,SA,A,F,SA,F,SA,F,A,F,SA,A,F,A,F,SA,A,F,A
610,HALOTEL,MALE,SINGLE,MORE THAN 4,18-35,SUA,BACHELOR,BELOW 450000,2020,1,6,6,F,F,SD,F,A,SD,F,SD,SA,SD,F,SD,F,SD,F,D,SD,D,A
611,TIGO,FEMALE,SINGLE,0 TO 2,18-35,SUA,BACHELOR,BELOW 450000,2021,0,6,9,SD,D,SD,A,SA,SD,SA,SA,SD,F,F,SD,SA,SA,SA,SA,A,SA,SA
612,TIGO,FEMALE,SINGLE,0 TO 2,18-35,SUA,BACHELOR,BELOW 450000,2019,0,14,11,D,SD,A,A,A,D,A,A,A,A,A,D,A,A,A,A,A,A,A
613,TIGO,FEMALE,SINGLE,0 TO 2,18-35,SUA,BACHELOR,BELOW 450000,2018,0.6,13,12,D,A,A,F,A,D,A,F,F,F,F,D,F,F,F,F,F,F,F
614,AIRTEL,FEMALE,MARRIED,0 TO 2,18-35,SUA,BACHELOR,BELOW 450000,2023,0.5,42,42,D,D,F,SA,A,A,F,F,A,SD,A,F,F,A,F,A,F,A,F
615,HALOTEL,MALE,SINGLE,0 TO 2,18-35,SUA,BACHELOR,BELOW 450000,2014,0,16,10,SD,A,D,F,F,F,D,D,F,F,A,F,A,A,A,F,F,D,F
616,AIRTEL,MALE,SINGLE,0 TO 2,18-35,SUA,BACHELOR,450000-1000000,2019,0.6,25,25,SD,SD,A,A,F,D,SD,SD,D,F,F,A,F,A,F,F,F,F,F
617,VODA,MALE,SINGLE,0 TO 2,18-35,SUA,BACHELOR,BELOW 450000,2022,0.9,16,16,SD,F,SD,F,SD,SD,SD,F,A,SA,SA,SA,F,F,D,SA,F,A,F
618,AIRTEL,MALE,SINGLE,0 TO 2,18-35,SUA,BACHELOR,,2019,0,12,11,SD,D,A,D,F,SD,D,A,A,A,D,D,A,SA,A,SA,A,SA,SA
619,TIGO,MALE,SINGLE,0 TO 2,18-35,SUA,BACHELOR,BELOW 450000,2020,1,12,12,SD,A,D,A,D,D,D,A,D,D,A,A,A,A,F,A,D,A,A
620,VODA,FEMALE,SINGLE,0 TO 2,18-35,SUA,BACHELOR,BELOW 450000,2023,1,34,31,A,A,F,F,A,SD,A,F,F,F,D,D,F,A,A,F,F,SA,A
621,TIGO,MALE,SINGLE,0 TO 2,18-35,SUA,BACHELOR,450000-1000000,2014,1,28,19,D,A,SD,A,A,D,D,SD,A,A,SD,D,A,D,F,A,SD,SA,F
622,HALOTEL,MALE,SINGLE,0 TO 2,18-35,SUA,BACHELOR,BELOW 450000,2019,0.5,6,7,A,SA,F,A,F,D,SD,F,A,D,F,SA,A,A,A,SD,A,D,A
623,VODA,FEMALE,SINGLE,MORE THAN 4,18-35,SUA,BACHELOR,450000-1000000,2022,0.85,11,15,A,F,D,A,SA,A,D,F,A,F,D,D,D,A,F,A,A,SA,SA
624,VODA,MALE,MARRIED,0 TO 2,18-35,SUA,BACHELOR,BELOW 450000,2015,0.6,11,13,A,SD,A,D,A,SD,A,A,F,A,D,D,A,A,A,A,F,A,SA
625,VODA,MALE,SINGLE,0 TO 2,18-35,SUA,BACHELOR,BELOW 450000,2014,1,64,36,A,A,F,SA,SA,SD,D,SD,A,SA,D,D,F,SD,A,SA,F,A,SD
626,TIGO,MALE,MARRIED,0 TO 2,18-35,SUA,BACHELOR,BELOW 450000,2017,0,12,10,A,SA,A,SD,SA,SD,D,F,SA,F,SD,A,SA,A,A,SA,F,SA,SA
627,VODA,MALE,SINGLE,MORE THAN 4,,SUA,BACHELOR,BELOW 450000,2018,0.8,18,5,A,SD,SD,A,SA,A,D,A,D,D,A,A,A,A,D,A,A,A,A
628,VODA,MALE,SINGLE,3 TO 4,18-35,SUA,BACHELOR,BELOW 450000,2014,0.8,23,24,A,A,SA,D,SA,SD,F,SD,A,A,D,A,A,F,A,A,A,SA,A
629,AIRTEL,MALE,SINGLE,0 TO 2,18-35,SUA,BACHELOR,BELOW 450000,2016,1,68,28,D,A,SD,D,A,SA,D,A,SA,A,A,SA,SA,SA,SA,SA,SD,A,SA
630,TIGO,FEMALE,SINGLE,0 TO 2,18-35,SUA,BACHELOR,450000-1000000,2016,0.5,155,154,D,A,A,D,A,D,D,D,A,A,D,A,D,A,D,A,A,A,A
631,HALOTEL,FEMALE,SINGLE,0 TO 2,,SUA,BACHELOR,BELOW 450000,2019,0,17,15,F,A,A,A,A,A,SD,A,SD,SD,F,F,F,F,F,F,F,SA,A
632,VODA,FEMALE,SINGLE,0 TO 2,18-35,SUA,BACHELOR,BELOW 450000,2018,0.5,18,16,SD,SD,SA,SD,SA,SA,SA,SA,SA,F,D,SD,A,A,F,SA,SA,A,SA
633,TIGO,FEMALE,SINGLE,3 TO 4,18-35,SUA,BACHELOR,BELOW 450000,2020,0.95,91,12,SD,F,SD,F,SA,SA,SA,SD,A,SA,A,A,SD,F,A,,SA,SA,SA
634,HALOTEL,FEMALE,SINGLE,0 TO 2,18-35,SUA,BACHELOR,BELOW 450000,2020,0.9,60,45,D,F,SD,F,SD,F,SD,SD,SA,SD,SA,A,SD,F,D,SA,SD,SD,D
635,TIGO,MALE,SINGLE,0 TO 2,18-35,SUA,BACHELOR,BELOW 450000,2020,0.7,11,11,SD,A,A,D,A,F,A,A,SA,A,D,A,A,A,F,D,D,A,D
636,TIGO,FEMALE,SINGLE,3 TO 4,18-35,SUA,BACHELOR,BELOW 450000,2023,1,28,10,SA,SD,F,A,A,F,F,F,A,F,F,SD,SA,F,A,D,SD,SA,F
637,TIGO,MALE,MARRIED,0 TO 2,18-35,SUA,DIPLOMA,BELOW 450000,2019,0,11,16,SD,SD,SD,D,D,A,SD,F,A,F,D,SA,D,SD,SD,SA,SA,A,F
638,VODA,FEMALE,SINGLE,0 TO 2,18-35,SUA,BACHELOR,BELOW 450000,2018,0.5,20,22,A,D,SD,F,F,F,F,D,D,F,,A,A,A,F,A,A,A,F
639,HALOTEL,MALE,SINGLE,0 TO 2,18-35,SUA,BACHELOR,BELOW 450000,2018,1,6,6,F,D,A,D,A,D,D,F,F,D,D,D,A,A,A,A,D,F,A
640,AIRTEL,MALE,SINGLE,3 TO 4,18-35,SUA,DIPLOMA,BELOW 450000,2021,0,15,18,SA,D,SA,D,F,D,D,F,SA,D,A,D,D,SA,SA,SA,A,A,A
641,AIRTEL,MALE,SINGLE,0 TO 2,18-35,SUA,BACHELOR,BELOW 450000,2018,0.5,29,75,D,SA,SA,A,A,SD,SA,A,A,A,A,A,A,A,A,A,A,A,A
642,VODA,MALE,SINGLE,0 TO 2,18-35,SUA,BACHELOR,,2020,0,15,15,SD,SD,SA,SD,F,SD,A,D,D,F,SD,SD,SD,A,F,SA,SA,A,A
643,TIGO,FEMALE,MARRIED,0 TO 2,18-35,SUA,BACHELOR,BELOW 450000,2019,0.3,56,30,F,A,SD,SA,A,A,D,D,F,F,A,A,F,A,D,D,SD,F,SD
644,TIGO,MALE,MARRIED,MORE THAN 4,18-35,SUA,BACHELOR,BELOW 450000,2008,0,21,26,F,A,A,A,A,SD,F,SD,SD,F,F,F,F,F,F,SA,SA,SA,F
645,HALOTEL,FEMALE,MARRIED,3 TO 4,18-35,SUA,BACHELOR,BELOW 450000,2022,0.9,9,11,A,A,A,D,A,D,D,A,A,D,D,A,A,F,A,A,F,SA,SA
646,AIRTEL,MALE,SINGLE,0 TO 2,18-35,SUA,BACHELOR,BELOW 450000,2022,1,22,11,D,A,A,A,A,SA,D,A,F,D,F,A,SD,SD,SD,SA,D,SA,SA
647,AIRTEL,FEMALE,SINGLE,0 TO 2,18-35,SUA,BACHELOR,BELOW 450000,2020,0.6,10,8,SD,SD,A,,F,D,SD,D,SA,F,A,SD,SA,A,A,SA,F,SA,SA
648,TIGO,FEMALE,SINGLE,0 TO 2,18-35,SUA,BACHELOR,BELOW 450000,2018,0.8,3,3,SD,D,A,A,A,A,A,A,F,A,A,A,D,A,F,F,A,A,A
649,TIGO,MALE,SINGLE,0 TO 2,18-35,SUA,BACHELOR,BELOW 450000,2018,1,15,15,SD,F,SA,,F,,F,SA,SA,F,A,F,A,SA,SA,SA,A,SA,SA
650,HALOTEL,MALE,SINGLE,0 TO 2,18-35,SUA,BACHELOR,BELOW 450000,2018,1,14,10,D,D,F,D,A,D,F,A,SA,A,D,D,F,SA,A,SA,A,SA,A
651,VODA,FEMALE,SINGLE,0 TO 2,18-35,SUA,BACHELOR,BELOW 450000,2022,0.2,9,15,A,D,D,SA,SA,SD,SA,D,F,A,F,SA,F,D,D,SD,A,SA,D
652,TIGO,MALE,MARRIED,0 TO 2,18-35,SUA,BACHELOR,BELOW 450000,2022,1,8,8,SA,SD,SA,A,A,F,F,SA,SA,A,F,SA,SA,SA,SA,SA,SA,SA,SA
653,AIRTEL,MALE,SINGLE,0 TO 2,18-35,SUA,BACHELOR,BELOW 450000,2021,1,12,5,SD,SD,SD,D,A,F,SA,SA,SA,A,F,SA,SA,SA,SA,SA,A,SA,SA
654,TIGO,FEMALE,SINGLE,0 TO 2,18-35,SUA,BACHELOR,BELOW 450000,2020,0.75,13,14,SD,D,F,A,F,F,A,SA,F,D,SD,SD,F,A,A,A,A,A,A
655,TIGO,FEMALE,SINGLE,0 TO 2,18-35,SUA,BACHELOR,BELOW 450000,2022,1,25,30,F,D,A,D,A,A,D,A,D,A,D,A,A,D,A,D,A,A,A
656,AIRTEL,MALE,SINGLE,0 TO 2,18-35,SUA,BACHELOR,BELOW 450000,2021,0.5,12,12,D,A,D,A,D,D,F,A,F,D,D,A,SA,SA,A,SA,A,SA,SA
657,HALOTEL,FEMALE,SINGLE,0 TO 2,18-35,SUA,BACHELOR,BELOW 450000,2021,0.2,15,21,SD,SD,D,D,F,SD,F,F,F,A,F,A,D,SA,SA,SA,F,SA,SA
658,AIRTEL,FEMALE,SINGLE,0 TO 2,18-35,SUA,BACHELOR,BELOW 450000,2021,0.3,5,6,SD,SD,D,A,A,A,D,F,A,F,D,D,A,A,A,A,A,F,F
659,HALOTEL,FEMALE,SINGLE,MORE THAN 4,18-35,SUA,BACHELOR,BELOW 450000,2018,1,12,3,D,A,SD,F,SD,A,F,SD,A,SD,A,SD,A,D,A,D,A,D,A
660,TIGO,FEMALE,SINGLE,MORE THAN 4,18-35,SUA,BACHELOR,BELOW 450000,2021,0.2,133,98,F,A,D,A,A,D,D,A,A,D,A,SA,A,F,SD,F,A,A,A
661,HALOTEL,FEMALE,SINGLE,0 TO 2,18-35,SUA,BACHELOR,BELOW 450000,2021,1,10,14,A,A,SD,F,A,D,D,F,A,D,F,A,A,F,D,SA,F,F,F
662,HALOTEL,MALE,SINGLE,0 TO 2,18-35,SUA,BACHELOR,BELOW 450000,2016,1,78,51,D,SD,D,D,SD,SD,SD,D,A,F,A,SA,A,F,D,SA,F,A,SD
663,VODA,FEMALE,SINGLE,0 TO 2,18-35,SUA,BACHELOR,BELOW 450000,2019,1,110,23,D,D,A,SA,F,SD,SD,SD,A,D,SA,SA,F,F,F,SA,F,F,D
664,AIRTEL,MALE,SINGLE,0 TO 2,18-35,SUA,BACHELOR,BELOW 450000,2019,1,20,18,D,D,F,F,A,D,A,F,A,F,D,F,D,F,A,A,F,F,F
665,TIGO,MALE,SINGLE,0 TO 2,18-35,SUA,BACHELOR,BELOW 450000,2020,0.5,17,14,D,F,F,A,D,D,D,D,F,A,D,D,F,A,A,D,D,D,A
666,VODA,MALE,SINGLE,0 TO 2,18-35,SUA,BACHELOR,BELOW 450000,2017,0.9,15,15,SA,F,SD,F,A,F,A,SA,A,F,SD,A,SA,SA,F,F,SA,SA,SA
667,HALOTEL,MALE,SINGLE,0 TO 2,18-35,SUA,BACHELOR,BELOW 450000,2018,1,16,15,D,F,SD,SA,SA,F,D,A,A,F,D,A,A,F,SA,SA,A,SA,F
668,HALOTEL,MALE,SINGLE,0 TO 2,18-35,SUA,BACHELOR,BELOW 450000,,1,21,10,SA,D,SD,F,SD,D,SD,SD,SA,F,A,SA,F,D,SD,SA,F,F,A
669,HALOTEL,FEMALE,SINGLE,0 TO 2,18-35,SUA,BACHELOR,BELOW 450000,2021,1,9,10,D,SD,SD,A,D,D,SD,D,A,A,SA,A,SA,F,SA,SA,F,SA,SA
670,HALOTEL,FEMALE,SINGLE,0 TO 2,18-35,SUA,BACHELOR,BELOW 450000,2021,,16,15,D,A,F,D,,SA,F,A,F,F,D,F,A,A,A,A,A,SA,A
671,AIRTEL,MALE,SINGLE,0 TO 2,18-35,SUA,BACHELOR,BELOW 450000,2022,1,60,36,A,A,SD,A,A,D,SD,SD,F,F,SD,D,D,F,F,SA,D,A,D
672,TIGO,MALE,SINGLE,MORE THAN 4,18-35,SUA,BACHELOR,BELOW 450000,2021,0.7,13,22,A,A,F,F,A,A,A,SA,A,A,F,SA,D,SA,D,D,F,SA,SA
673,TIGO,MALE,SINGLE,0 TO 2,18-35,SUA,BACHELOR,BELOW 450000,2022,1,38,34,SD,F,F,D,A,F,SA,A,A,F,D,F,A,A,F,SA,F,F,F
674,TIGO,FEMALE,MARRIED,0 TO 2,18-35,MUM,BACHELOR,BELOW 450000,2017,1,39,59,SD,SD,F,SD,SA,SD,F,SA,D,F,D,A,SA,D,A,A,SA,F,SA
675,TIGO,FEMALE,SINGLE,0 TO 2,18-35,MUM,BACHELOR,BELOW 450000,2020,1,20,11,SA,D,SD,SA,SD,F,,F,SA,A,SA,SA,A,F,A,F,D,SA,A
676,VODA,FEMALE,SINGLE,0 TO 2,18-35,MUM,BACHELOR,BELOW 450000,2021,0.1,11,15,SA,D,F,A,D,D,A,A,A,F,A,F,A,D,F,SD,F,F,SD
677,HALOTEL,FEMALE,SINGLE,0 TO 2,18-35,MUM,BACHELOR,BELOW 450000,2020,1,14,13,D,SD,F,F,F,F,F,F,SA,F,A,A,D,F,F,F,A,A,F
678,HALOTEL,MALE,SINGLE,0 TO 2,18-35,MUM,BACHELOR,BELOW 450000,2017,1,6,9,SA,SA,F,D,A,D,F,F,A,F,D,D,D,F,A,D,F,F,A
679,AIRTEL,FEMALE,SINGLE,0 TO 2,18-35,MUM,BACHELOR,BELOW 450000,2020,1,12,12,SD,D,SD,SA,F,F,F,D,F,SD,F,SA,SD,F,SD,F,SA,SA,F
680,AIRTEL,FEMALE,SINGLE,0 TO 2,18-35,MUM,BACHELOR,BELOW 450000,2022,1,10,7,SA,SD,F,SA,A,A,SD,F,SA,F,A,D,F,SA,D,SD,F,SA,F
681,TIGO,FEMALE,SINGLE,3 TO 4,18-35,MUM,BACHELOR,BELOW 450000,2020,1,13,14,SD,D,SA,A,A,A,A,A,D,D,D,SA,SA,F,F,F,A,A,A
682,TIGO,FEMALE,SINGLE,0 TO 2,18-35,MUM,BACHELOR,BELOW 450000,2022,1,15,12,F,F,SD,D,SA,D,SD,A,D,A,D,D,D,SA,D,SD,A,SD,SD
683,HALOTEL,FEMALE,SINGLE,0 TO 2,18-35,MUM,BACHELOR,BELOW 450000,2020,0,13,14,SD,D,A,D,A,D,D,F,F,D,D,A,A,A,F,A,A,SA,SA
684,HALOTEL,FEMALE,SINGLE,0 TO 2,18-35,MUM,BACHELOR,BELOW 450000,2019,0.3,10,10,SD,D,SD,F,A,SD,SD,F,A,F,A,SD,F,A,D,A,A,F,A
685,TIGO,FEMALE,MARRIED,MORE THAN 4,18-35,MUM,BACHELOR,BELOW 450000,2018,0,18,15,SD,SD,SA,SD,SA,SD,SA,F,F,A,A,A,F,SD,SD,D,SA,,SA
686,TIGO,FEMALE,SINGLE,0 TO 2,18-35,MUM,BACHELOR,BELOW 450000,2020,0,7,4,D,SD,SD,D,F,A,D,SD,A,F,D,D,F,SA,F,SA,F,A,A
687,AIRTEL,FEMALE,SINGLE,0 TO 2,18-35,MUM,BACHELOR,BELOW 450000,2022,0.8,14,14,F,D,A,F,A,SD,F,A,SD,D,F,F,A,A,D,D,SA,F,A
688,VODA,FEMALE,MARRIED,3 TO 4,18-35,MUM,BACHELOR,450000-1000000,2015,0,12,10,A,A,SA,D,A,SD,SA,D,A,,F,F,F,SA,SA,SA,,A,SA
689,TIGO,FEMALE,SINGLE,0 TO 2,18-35,MUM,BACHELOR,BELOW 450000,2015,1,15,19,A,D,D,D,D,D,A,D,A,D,A,D,F,F,A,SD,A,A,A
690,TIGO,FEMALE,SINGLE,0 TO 2,18-35,MUM,BACHELOR,BELOW 450000,2012,1,18,21,A,F,D,A,A,D,D,A,A,SA,SA,A,A,SA,SA,SA,SA,A,SA
691,TIGO,FEMALE,SINGLE,0 TO 2,18-35,MUM,BACHELOR,BELOW 450000,2020,0.27,10,8,F,D,SD,SD,A,A,A,SA,F,F,F,D,D,A,A,A,F,F,A
692,HALOTEL,FEMALE,SINGLE,0 TO 2,18-35,MUM,BACHELOR,,2020,1,6,6,SD,D,SD,F,SD,D,D,D,SA,A,SD,A,D,A,SD,F,SD,D,F
693,TIGO,FEMALE,SINGLE,3 TO 4,18-35,MUM,BACHELOR,BELOW 450000,2019,0.8,60,60,SD,A,SD,SD,A,SD,SD,SD,SA,SD,SD,SD,,SD,SD,SA,SA,SA,SA
694,HALOTEL,FEMALE,SINGLE,0 TO 2,18-35,MUM,BACHELOR,BELOW 450000,2021,0.65,30,25,SD,SD,A,D,SA,SD,SD,F,,SD,F,,SD,SA,SA,SA,A,A,SA
695,TIGO,MALE,SINGLE,3 TO 4,18-35,MUM,BACHELOR,BELOW 450000,2020,1,10,9,F,SD,F,F,A,SD,SD,F,A,F,A,SA,F,A,A,A,F,F,F
696,HALOTEL,MALE,SINGLE,3 TO 4,18-35,MUM,BACHELOR,BELOW 450000,2020,0.95,19,14,F,SD,D,D,A,A,F,A,SA,A,A,SA,A,F,A,F,SA,SA,A
697,AIRTEL,FEMALE,MARRIED,0 TO 2,36-50,MUM,BACHELOR,450000-1000000,2006,0,18,16,SD,F,D,A,SA,D,A,D,A,A,SA,A,A,A,A,SA,A,D,
698,VODA,FEMALE,MARRIED,0 TO 2,18-35,MUM,BACHELOR,450000-1000000,2019,1,15,15,SD,SD,D,SA,A,D,F,A,SA,A,D,D,A,D,F,F,SA,SA,SA
699,TIGO,MALE,SINGLE,0 TO 2,18-35,MUM,BACHELOR,BELOW 450000,2023,1,24,16,F,F,SD,SD,F,SD,F,SD,SD,F,F,F,SD,SA,F,SD,SA,SA,SA
700,AIRTEL,MALE,SINGLE,0 TO 2,18-35,MUM,BACHELOR,BELOW 450000,2017,1,12,10,SD,D,D,A,A,D,F,F,F,D,F,D,F,F,A,F,A,F,A
701,HALOTEL,MALE,SINGLE,0 TO 2,18-35,MUM,BACHELOR,BELOW 450000,2018,0.5,6,6,F,A,SA,D,SA,SD,SD,D,A,F,F,SD,A,F,F,SA,SA,SA,SA
702,TIGO,FEMALE,SINGLE,0 TO 2,18-35,SUA,CERTIFICATE,BELOW 450000,2021,0,7,11,SD,D,SD,F,SA,F,F,D,SA,F,SA,A,D,SD,SD,F,A,A,A
703,VODA,MALE,SINGLE,0 TO 2,18-35,SUA,CERTIFICATE,BELOW 450000,2020,0,22,27,SA,SD,A,SA,SA,F,A,SA,A,A,A,SA,F,A,A,A,D,SA,A
704,VODA,MALE,SINGLE,0 TO 2,18-35,SUA,CERTIFICATE,BELOW 450000,2020,0,11,12,SD,D,D,SA,SA,A,A,A,A,SA,SD,A,D,SA,A,SA,A,A,A
705,TIGO,MALE,SINGLE,0 TO 2,18-35,SUA,CERTIFICATE,BELOW 450000,2017,0,34,24,D,D,A,D,SA,D,SA,A,D,A,A,A,A,A,A,A,A,A,A
706,AIRTEL,MALE,SINGLE,0 TO 2,18-35,SUA,CERTIFICATE,BELOW 450000,2020,0,12,23,D,D,D,F,D,SD,F,F,A,F,F,A,A,SA,A,F,A,SA,A
707,VODA,FEMALE,SINGLE,0 TO 2,18-35,SUA,CERTIFICATE,BELOW 450000,2023,0,20,31,D,D,SD,SD,F,SD,F,F,SD,D,F,D,D,SD,A,F,A,SA,A
708,AIRTEL,MALE,SINGLE,0 TO 2,18-35,SUA,CERTIFICATE,BELOW 450000,2020,0,5,6,SA,D,SA,D,A,A,A,SA,D,SA,D,A,SA,F,A,SA,A,A,SA
709,AIRTEL,FEMALE,SINGLE,0 TO 2,18-35,SUA,CERTIFICATE,,2022,0,21,12,D,SD,A,SD,A,SD,SA,A,SD,SA,D,F,SA,SA,A,A,SA,A,A
710,HALOTEL,MALE,SINGLE,0 TO 2,18-35,SUA,CERTIFICATE,BELOW 450000,2020,0,22,15,D,A,A,D,A,D,D,A,SA,SA,F,SA,F,F,A,SD,SA,F,SA
711,HALOTEL,FEMALE,SINGLE,0 TO 2,18-35,SUA,CERTIFICATE,BELOW 450000,2021,0,14,15,SD,D,D,SD,D,SD,D,D,SD,SA,SD,D,SA,F,SD,F,D,SD,SD
712,TIGO,FEMALE,SINGLE,0 TO 2,18-35,SUA,CERTIFICATE,BELOW 450000,2022,0,12,15,SD,SD,F,SA,SD,A,D,D,A,A,A,SA,SA,SA,F,F,SD,SA,SD
713,HALOTEL,MALE,MARRIED,0 TO 2,18-35,SUA,CERTIFICATE,BELOW 450000,2019,0,11,10,F,A,D,A,SA,F,D,D,A,F,D,D,A,A,F,A,F,A,F
714,HALOTEL,MALE,SINGLE,0 TO 2,18-35,SUA,CERTIFICATE,450000-1000000,2020,0,6,17,SA,D,SA,D,A,A,A,SA,F,A,D,A,A,A,A,SA,A,A,A
715,HALOTEL,MALE,SINGLE,0 TO 2,18-35,SUA,CERTIFICATE,BELOW 450000,2020,0,14,25,SA,SD,SA,D,A,SD,A,SA,D,SA,D,A,A,A,A,SA,A,A,SA
716,TIGO,MALE,SINGLE,0 TO 2,18-35,SUA,CERTIFICATE,BELOW 450000,2020,0,6,6,D,SD,SA,SA,A,F,A,A,F,D,F,A,D,SA,SD,F,SA,F,A
717,AIRTEL,MALE,SINGLE,0 TO 2,18-35,MUM,BACHELOR,BELOW 450000,2020,1,13,8,SA,SA,F,SA,A,SD,SD,SD,SD,D,SA,SA,A,A,SD,SD,SD,SD,F
718,AIRTEL,MALE,SINGLE,MORE THAN 4,18-35,MUM,BACHELOR,BELOW 450000,2013,1,15,11,SD,SA,SD,SD,A,A,D,SA,SD,A,D,A,A,SA,A,A,A,SA,D
719,HALOTEL,MALE,MARRIED,3 TO 4,18-35,MUM,BACHELOR,BELOW 450000,2023,1,18,22,D,A,SA,A,SA,SD,SA,SA,SD,SA,A,A,SA,A,A,A,A,SA,SA
720,HALOTEL,MALE,SINGLE,0 TO 2,18-35,MUM,BACHELOR,BELOW 450000,2018,1,22,0,D,D,A,D,A,SD,F,A,F,D,F,SD,D,A,SD,A,D,SD,D
721,AIRTEL,MALE,MARRIED,3 TO 4,36-50,MUM,BACHELOR,BELOW 450000,2020,0,18,18,F,A,A,A,D,D,A,A,SA,F,A,A,A,SA,A,F,A,D,D
722,AIRTEL,MALE,SINGLE,0 TO 2,18-35,MUM,BACHELOR,BELOW 450000,2022,1,12,10,D,D,D,A,A,A,D,F,A,A,A,F,SD,SD,F,A,D,D,A
723,TIGO,MALE,SINGLE,0 TO 2,18-35,MUM,BACHELOR,BELOW 450000,2021,1,12,12,D,A,A,A,A,SD,A,A,A,SA,A,A,A,SA,SA,A,A,A,A
724,AIRTEL,MALE,SINGLE,0 TO 2,18-35,MUM,BACHELOR,BELOW 450000,2017,0.98,22,15,D,A,A,D,SA,D,SA,SA,A,D,F,A,F,D,SA,SA,A,D,A
725,HALOTEL,MALE,MARRIED,0 TO 2,18-35,MUM,BACHELOR,BELOW 450000,2020,1,11,8,D,A,D,A,A,D,F,A,D,A,,D,D,A,D,A,F,F,D
726,HALOTEL,MALE,SINGLE,0 TO 2,18-35,MUM,BACHELOR,BELOW 450000,2016,1,10,10,A,D,D,A,A,F,F,A,,F,D,A,D,A,F,SA,A,A,SA
727,TIGO,MALE,SINGLE,0 TO 2,18-35,MUM,BACHELOR,BELOW 450000,2017,1,6,6,A,SD,A,F,A,SD,SA,SA,SA,F,D,A,A,A,A,F,A,A,A
728,AIRTEL,MALE,SINGLE,3 TO 4,18-35,MUM,BACHELOR,BELOW 450000,2019,1,12,13,SA,D,A,SD,A,SD,SA,F,A,SD,F,,F,SA,D,F,SA,F,SD
729,HALOTEL,MALE,SINGLE,0 TO 2,18-35,MUM,BACHELOR,BELOW 450000,2018,1,13,14,A,D,SD,F,SD,SD,F,SA,D,SA,A,F,SD,F,SA,D,SA,D,SA
730,VODA,MALE,MARRIED,0 TO 2,18-35,MUM,BACHELOR,450000-1000000,2016,1,6,6,D,SD,SA,D,A,A,F,F,A,F,F,F,A,A,SA,SA,SA,SA,F
731,AIRTEL,MALE,SINGLE,0 TO 2,18-35,MUM,BACHELOR,BELOW 450000,2017,0.98,16,10,SD,SD,A,F,SA,D,D,A,F,F,A,F,A,A,A,A,F,F,A
732,TIGO,MALE,MARRIED,MORE THAN 4,18-35,MUM,BACHELOR,BELOW 450000,2005,1,18,,F,SD,F,D,D,SD,A,SD,D,SD,SD,D,SD,F,SD,D,D,SD,D
733,HALOTEL,MALE,SINGLE,0 TO 2,18-35,MUM,BACHELOR,450000-1000000,2020,1,66,39,SA,SA,SD,SA,F,SD,SD,SD,F,F,F,A,A,A,SD,D,D,F,F
734,TIGO,MALE,SINGLE,0 TO 2,18-35,MUM,BACHELOR,450000-1000000,2020,0.3,34,24,D,A,A,SD,F,SD,SA,SA,D,D,A,SD,F,SD,F,SA,A,SA,A
735,TIGO,MALE,SINGLE,0 TO 2,18-35,MUM,BACHELOR,450000-1000000,2016,1,17,15,SD,SA,SA,A,SA,D,D,SD,F,A,F,A,F,A,F,D,F,A,D
736,TIGO,FEMALE,SINGLE,3 TO 4,18-35,MUM,BACHELOR,450000-1000000,2012,0,18,11,F,SD,SD,SD,SD,F,F,SD,SD,SD,SD,SD,SD,SD,SD,SD,SD,F,F
737,TIGO,FEMALE,SINGLE,0 TO 2,18-35,MUM,BACHELOR,BELOW 450000,2020,0.8,24,20,SD,D,F,SD,SD,D,SA,SA,A,A,SD,SD,SA,A,F,F,SD,F,SD
738,VODA,FEMALE,SINGLE,0 TO 2,18-35,MUM,BACHELOR,BELOW 450000,2017,0.34,22,18,D,F,SA,SA,F,F,F,D,D,A,SA,F,SA,SD,SD,A,A,SA,SA
739,HALOTEL,FEMALE,MARRIED,MORE THAN 4,18-35,MUM,BACHELOR,BELOW 450000,2015,1,6,0,SA,SA,SD,D,SD,SD,SA,SA,SA,SA,A,SD,SA,SA,SA,SD,SD,SD,SD
740,TIGO,MALE,SINGLE,0 TO 2,18-35,MUM,BACHELOR,BELOW 450000,2018,0.98,9,10,F,SD,SD,SD,F,D,F,SD,F,SD,F,F,F,SD,F,A,SD,A,F
741,HALOTEL,MALE,SINGLE,0 TO 2,18-35,MUM,BACHELOR,BELOW 450000,2021,1,11,8,A,A,SA,SD,A,D,D,A,A,A,D,D,SD,SD,A,A,A,A,A
742,TIGO,MALE,SINGLE,MORE THAN 4,18-35,MUM,BACHELOR,450000-1000000,2010,1,12,,SA,SA,SD,SD,A,SD,SD,SD,SD,SD,SD,SA,SD,SD,SD,SD,SD,SD,SD
743,HALOTEL,FEMALE,SINGLE,0 TO 2,18-35,MUM,BACHELOR,BELOW 450000,2022,1,18,19,D,D,D,D,A,D,D,A,SD,D,SD,SD,SD,SD,,SD,F,SD,SD
744,VODA,FEMALE,SINGLE,0 TO 2,18-35,MUM,BACHELOR,BELOW 450000,2018,0,14,12,D,SA,SD,SA,A,F,SA,SA,A,A,D,A,D,A,A,F,D,SA,A
745,AIRTEL,FEMALE,MARRIED,0 TO 2,18-35,MUM,BACHELOR,BELOW 450000,2020,1,6,15,SA,SA,F,A,,SD,D,F,D,D,,D,SD,D,D,D,A,D,A
746,TIGO,MALE,SINGLE,MORE THAN 4,18-35,MUM,BACHELOR,BELOW 450000,2023,1,14,18,SA,SD,SD,SD,SD,SD,SD,SD,SD,SD,SD,SD,SD,SD,SD,SD,SD,SD,SD
747,AIRTEL,FEMALE,SINGLE,0 TO 2,18-35,MUM,BACHELOR,BELOW 450000,2020,1,34,32,SD,D,F,F,D,F,A,D,SD,A,F,SD,D,F,F,SA,A,SA,SA
748,TIGO,FEMALE,SINGLE,0 TO 2,18-35,MUM,BACHELOR,BELOW 450000,2020,0,32,30,SD,F,D,D,A,SA,F,F,F,F,F,F,F,F,F,D,SD,F,F
749,AIRTEL,FEMALE,SINGLE,0 TO 2,18-35,MUM,BACHELOR,BELOW 450000,2019,1,12,12,SD,SD,D,D,SD,D,SD,A,A,A,A,SD,D,A,SD,A,SD,D,SD
750,TIGO,MALE,SINGLE,0 TO 2,18-35,MUM,BACHELOR,BELOW 450000,2020,0.5,10,45,SD,SD,SD,SD,A,SD,SD,SD,SD,SD,D,A,D,SA,SA,SA,SA,A,D
751,HALOTEL,MALE,SINGLE,0 TO 2,18-35,MUM,BACHELOR,BELOW 450000,2020,1,16,22,SA,SD,SD,F,SD,F,F,SA,SA,D,,A,D,F,SA,SD,D,F,SD
752,TIGO,MALE,SINGLE,0 TO 2,18-35,MUM,BACHELOR,BELOW 450000,2021,1,75,84,F,SD,A,D,A,SD,A,A,F,D,A,SD,SA,F,A,SA,SA,SA,SA
753,AIRTEL,MALE,SINGLE,0 TO 2,18-35,MUM,BACHELOR,BELOW 450000,2019,1,17,7,A,SD,SA,A,SA,A,SD,A,SA,A,A,SA,SA,F,D,A,SA,A,SA
754,AIRTEL,FEMALE,SINGLE,0 TO 2,18-35,MUM,BACHELOR,BELOW 450000,2021,0,45,15,SD,SD,F,F,A,SD,SD,D,A,D,F,A,F,F,A,A,SA,SA,SA
755,VODA,FEMALE,MARRIED,0 TO 2,18-35,MUM,BACHELOR,BELOW 450000,2020,1,47,45,D,A,SA,A,SA,SD,D,F,SD,F,A,SA,A,A,SA,SA,A,SA,A
756,TIGO,MALE,SINGLE,3 TO 4,18-35,MUM,BACHELOR,BELOW 450000,2020,0.91,15,15,SD,SD,F,SA,A,D,F,A,SD,A,SA,F,F,D,F,D,A,A,F
757,TIGO,FEMALE,SINGLE,0 TO 2,18-35,MUM,BACHELOR,BELOW 450000,2022,1,12,12,D,D,A,A,A,SD,D,SD,A,SD,A,A,F,SD,A,A,A,A,A
758,TIGO,FEMALE,SINGLE,,18-35,MUM,BACHELOR,BELOW 450000,2016,1,14,6,SD,D,SA,A,A,F,A,SA,F,,F,A,A,SA,F,A,F,SA,SA
759,AIRTEL,MALE,SINGLE,0 TO 2,18-35,MUM,BACHELOR,ABOVE 1000000,2022,1,21,16,D,F,SD,D,SA,D,A,D,SD,SA,D,A,SD,F,SA,SD,A,SD,A
760,HALOTEL,MALE,SINGLE,0 TO 2,18-35,MUM,BACHELOR,BELOW 450000,2021,1,37,12,D,SA,SA,SD,SA,SD,A,F,D,A,D,F,SA,SA,F,F,A,SA,SA
761,TIGO,FEMALE,SINGLE,0 TO 2,18-35,MUM,BACHELOR,BELOW 450000,2021,0.2,38,60,A,A,SA,SA,D,A,D,D,A,A,A,A,A,A,A,A,A,A,F
762,AIRTEL,FEMALE,MARRIED,3 TO 4,36-50,MUM,BACHELOR,450000-1000000,2009,0,12,12,SD,D,F,D,D,F,D,F,D,F,SD,F,D,F,D,A,SD,D,SD
763,HALOTEL,FEMALE,MARRIED,3 TO 4,18-35,MUM,BACHELOR,BELOW 450000,2021,1,12,10,SD,D,D,A,A,SD,A,D,SD,F,D,SD,F,D,D,A,SA,A,SA
764,TIGO,FEMALE,SINGLE,3 TO 4,18-35,MUM,BACHELOR,BELOW 450000,2015,0.85,6,24,SD,A,SD,D,A,F,A,F,A,SA,A,F,F,F,SA,F,F,F,F
765,TIGO,FEMALE,SINGLE,0 TO 2,18-35,MUM,BACHELOR,BELOW 450000,2020,0,32,33,SD,SD,A,D,F,SD,D,F,SD,D,F,SD,D,F,D,D,A,SA,A
766,TIGO,FEMALE,MARRIED,0 TO 2,18-35,MUM,BACHELOR,BELOW 450000,2022,0,26,15,SA,SA,F,SD,SD,SA,SD,SA,SD,D,SA,SD,SD,,F,F,F,F,SA
767,TIGO,MALE,SINGLE,0 TO 2,18-35,MUM,BACHELOR,BELOW 450000,2022,0,17,15,F,A,SA,D,F,F,F,D,A,A,F,F,D,F,A,F,D,SD,D
768,HALOTEL,FEMALE,SINGLE,0 TO 2,18-35,MUM,BACHELOR,BELOW 450000,2019,0.3,89,16,F,SA,SD,SD,F,A,A,SD,SA,SD,SA,A,F,SD,A,SA,SD,D,D
769,AIRTEL,FEMALE,SINGLE,MORE THAN 4,18-35,MUM,BACHELOR,BELOW 450000,2019,0.2,36,62,SA,SA,SA,SD,SA,F,SA,SA,A,D,SA,SA,F,SA,F,D,A,F,F
770,AIRTEL,MALE,SINGLE,0 TO 2,18-35,MUM,BACHELOR,BELOW 450000,2020,1,17,15,SA,A,F,A,A,D,D,F,D,D,D,D,F,A,A,D,A,A,A
771,HALOTEL,MALE,SINGLE,0 TO 2,18-35,MUM,BACHELOR,BELOW 450000,2020,1,6,4,SD,D,F,F,F,F,F,F,D,,,F,F,A,A,A,F,F,F
772,TIGO,FEMALE,SINGLE,0 TO 2,18-35,MUM,BACHELOR,BELOW 450000,2019,1,14,6,D,D,F,SD,A,A,F,SD,F,D,F,A,A,A,A,SA,A,SA,A
773,TIGO,FEMALE,SINGLE,0 TO 2,18-35,MUM,BACHELOR,450000-1000000,2020,1,11,9,F,SA,SD,A,SD,D,SD,A,SA,A,F,SA,SD,SA,D,SA,SD,SA,D
774,AIRTEL,MALE,SINGLE,0 TO 2,18-35,MUM,BACHELOR,BELOW 450000,2022,1,15,20,D,SD,A,SA,D,D,D,F,SA,SD,A,A,D,D,A,A,SD,SD,SD
775,TIGO,FEMALE,SINGLE,0 TO 2,18-35,MUM,BACHELOR,BELOW 450000,2017,0,24,12,SD,SD,F,SA,SA,SA,SA,SA,SA,SA,SA,SA,SA,SA,SA,SA,F,SA,F
776,HALOTEL,MALE,SINGLE,0 TO 2,18-35,MUM,BACHELOR,BELOW 450000,2019,1,27,46,SA,SD,D,SD,F,SD,SD,SD,SD,SD,SA,SD,SD,A,D,SA,F,A,D
777,TIGO,MALE,SINGLE,MORE THAN 4,18-35,MUM,BACHELOR,BELOW 450000,2020,1,17,8,A,F,D,D,F,D,D,D,A,SD,,D,D,D,D,SA,SD,SD,F
778,HALOTEL,FEMALE,SINGLE,0 TO 2,18-35,MUM,BACHELOR,BELOW 450000,2020,1,6,6,D,D,A,SD,F,,F,A,A,F,A,A,SA,SA,F,SA,A,F,A
779,TIGO,MALE,SINGLE,0 TO 2,18-35,MUM,BACHELOR,BELOW 450000,2013,0,15,15,D,D,SD,D,F,SD,F,SA,F,F,A,F,SD,SD,SD,F,F,F,F
780,AIRTEL,FEMALE,MARRIED,0 TO 2,18-35,MUM,BACHELOR,BELOW 450000,2015,1,45,20,F,D,F,F,A,F,D,F,F,F,F,A,A,A,A,A,D,F,SD
781,AIRTEL,FEMALE,SINGLE,0 TO 2,18-35,MUM,BACHELOR,BELOW 450000,2017,0.3,9,6,D,SD,D,A,D,F,F,SD,SA,D,F,SD,D,D,F,,SD,SD,D
782,TIGO,FEMALE,MARRIED,0 TO 2,18-35,MUM,BACHELOR,BELOW 450000,2022,0.8,13,9,SD,D,SD,A,A,D,F,D,D,F,F,D,F,D,D,SD,A,A,F
783,AIRTEL,FEMALE,SINGLE,0 TO 2,18-35,KIUT,DIPLOMA,BELOW 450000,2023,0,18,,D,SA,SD,SA,SD,D,D,A,D,D,A,SD,SA,A,SD,,SA,SA,SA
784,TIGO,FEMALE,SINGLE,0 TO 2,18-35,KIUT,DIPLOMA,BELOW 450000,2021,0,12,12,F,F,D,F,D,D,D,F,D,D,D,D,A,A,A,A,A,A,SA
785,HALOTEL,MALE,SINGLE,0 TO 2,18-35,KIUT,DIPLOMA,BELOW 450000,2022,0,57,63,A,SD,SD,SA,SA,SD,SA,SA,SD,D,D,D,SA,SA,SA,SA,SA,SA,SA
786,VODA,FEMALE,SINGLE,0 TO 2,18-35,KIUT,DIPLOMA,BELOW 450000,2022,0,23,28,D,D,A,F,SA,SA,SA,A,A,A,D,F,A,A,A,A,A,SA,A
787,VODA,FEMALE,SINGLE,0 TO 2,18-35,KIUT,DIPLOMA,BELOW 450000,2021,0,8,9,SA,F,A,A,SA,SA,SD,D,A,SD,SA,A,D,F,SD,SA,A,SA,SA
788,HALOTEL,FEMALE,SINGLE,0 TO 2,18-35,KIUT,DIPLOMA,BELOW 450000,2019,0,11,12,A,F,D,SA,A,SA,D,F,SA,A,A,SA,SD,A,F,SA,F,SA,A
789,AIRTEL,FEMALE,SINGLE,0 TO 2,18-35,KIUT,DIPLOMA,,2023,0,17,10,D,A,A,D,D,D,D,A,A,A,D,A,D,A,D,A,D,A,A
790,HALOTEL,FEMALE,SINGLE,0 TO 2,18-35,KIUT,DIPLOMA,,2020,0,33,27,A,F,F,A,D,D,A,A,A,D,A,A,D,A,A,A,A,A,A
791,TIGO,FEMALE,SINGLE,0 TO 2,18-35,KIUT,DIPLOMA,BELOW 450000,2022,0,29,22,F,F,A,A,F,A,D,D,A,D,D,D,A,A,A,A,A,A,A
792,HALOTEL,FEMALE,SINGLE,0 TO 2,18-35,KIUT,DIPLOMA,BELOW 450000,2018,0,33,30,F,D,F,F,D,D,D,D,A,A,F,A,A,A,A,A,F,A,A
793,TIGO,FEMALE,SINGLE,0 TO 2,18-35,KIUT,DIPLOMA,BELOW 450000,2020,0,24,25,F,D,F,A,A,D,D,D,F,A,F,A,A,A,A,A,F,A,A
794,AIRTEL,MALE,SINGLE,0 TO 2,18-35,KIUT,DIPLOMA,BELOW 450000,2021,0,8,4,D,F,SA,F,A,SD,SA,SD,SD,F,SA,D,SA,SA,SA,SA,A,SA,A
795,AIRTEL,MALE,SINGLE,0 TO 2,18-35,KIUT,DIPLOMA,,2022,0,12,24,F,SD,SD,D,D,F,SD,A,D,,D,SA,A,A,A,A,D,A,F
796,AIRTEL,FEMALE,SINGLE,0 TO 2,18-35,KIUT,DIPLOMA,BELOW 450000,2020,0,29,18,D,D,SD,F,D,F,A,SD,A,A,D,F,SA,A,A,SA,SA,SA,SA
797,AIRTEL,MALE,SINGLE,0 TO 2,18-35,KIUT,DIPLOMA,BELOW 450000,2016,0,30,30,F,SD,F,SA,A,F,D,D,F,F,D,SD,SD,SD,D,SA,SA,SA,SA
798,VODA,FEMALE,SINGLE,0 TO 2,18-35,KIUT,DIPLOMA,BELOW 450000,2020,0,12,12,D,D,A,D,SA,D,SA,D,D,D,D,SA,D,A,D,SA,SA,SA,D
799,HALOTEL,MALE,SINGLE,0 TO 2,18-35,KIUT,DIPLOMA,BELOW 450000,2020,0,5,7,D,F,D,,SA,SA,D,SD,SA,D,A,A,A,A,SD,A,F,A,F
800,VODA,MALE,SINGLE,3 TO 4,18-35,KIUT,DIPLOMA,BELOW 450000,2020,0,25,21,D,D,F,F,A,SD,F,A,A,F,D,F,A,F,A,A,A,F,SA
801,VODA,MALE,SINGLE,0 TO 2,18-35,KIUT,DIPLOMA,BELOW 450000,2017,0,7,7,F,F,SD,SA,F,F,F,F,A,,F,D,F,,A,A,F,A,A
802,AIRTEL,MALE,MARRIED,3 TO 4,36-50,KIUT,DIPLOMA,450000-1000000,2019,0,12,12,SA,D,SD,F,D,F,F,F,F,SD,F,SA,SA,SD,D,F,F,A,A
803,AIRTEL,MALE,SINGLE,0 TO 2,18-35,KIUT,DIPLOMA,BELOW 450000,2023,0,22,18,D,D,D,SA,D,A,D,D,D,D,D,A,A,A,A,D,D,SA,SA
804,TIGO,FEMALE,SINGLE,0 TO 2,18-35,KIUT,DIPLOMA,BELOW 450000,2022,0,27,24,D,D,D,A,D,A,D,A,A,F,D,A,F,A,A,A,A,A,A
805,VODA,MALE,SINGLE,3 TO 4,36-50,KIUT,DIPLOMA,BELOW 450000,2017,0,33,24,SA,A,SD,D,A,A,D,F,A,A,A,A,SD,F,D,SD,D,F,D
806,HALOTEL,FEMALE,SINGLE,3 TO 4,18-35,KIUT,DIPLOMA,BELOW 450000,2016,0,14,9,SA,A,SD,D,A,A,D,F,A,A,D,D,A,F,A,SA,A,F,F
807,HALOTEL,FEMALE,SINGLE,0 TO 2,18-35,KIUT,DIPLOMA,BELOW 450000,2021,0,39,34,SD,SD,SD,A,SD,SA,,D,A,D,SA,A,D,SA,A,SD,A,D,F
808,HALOTEL,FEMALE,SINGLE,3 TO 4,18-35,KIUT,DIPLOMA,BELOW 450000,2020,0,12,9,SD,D,A,A,F,A,A,A,A,A,A,A,A,A,A,A,A,A,SA
809,HALOTEL,FEMALE,SINGLE,0 TO 2,18-35,KIUT,DIPLOMA,BELOW 450000,2016,0,30,14,SD,SD,A,D,A,D,F,SA,,A,D,D,A,F,A,SA,A,F,F
810,TIGO,FEMALE,SINGLE,MORE THAN 4,18-35,KIUT,DIPLOMA,BELOW 450000,2020,0,10,7,F,F,A,SA,F,D,F,A,A,A,D,F,A,F,F,F,F,A,F
811,HALOTEL,FEMALE,SINGLE,0 TO 2,18-35,KIUT,DIPLOMA,BELOW 450000,2018,0,32,36,A,F,F,D,A,D,A,F,F,D,F,F,SD,A,D,SA,A,A,SA
812,HALOTEL,MALE,SINGLE,0 TO 2,18-35,KIUT,DIPLOMA,BELOW 450000,2017,0,12,12,D,F,F,A,A,D,SD,SD,D,SA,A,D,A,A,A,D,A,SA,SA
813,HALOTEL,MALE,SINGLE,0 TO 2,18-35,KIUT,DIPLOMA,BELOW 450000,2018,0,9,18,A,A,A,D,A,D,D,D,A,A,A,A,D,A,D,A,A,A,A
814,AIRTEL,FEMALE,SINGLE,0 TO 2,18-35,KIUT,DIPLOMA,BELOW 450000,2021,0,47,43,SA,SA,D,F,D,SA,F,F,F,F,SA,SA,F,SA,SA,SD,SA,SA,SA
815,HALOTEL,MALE,SINGLE,0 TO 2,18-35,KIUT,DIPLOMA,BELOW 450000,2021,0,35,41,A,SA,A,F,SA,SD,F,A,SA,F,SD,F,F,A,A,SA,SA,SA,SA
816,VODA,MALE,SINGLE,0 TO 2,18-35,KIUT,BACHELOR,BELOW 450000,2019,0,20,18,A,D,A,D,A,D,D,A,A,D,D,A,D,A,A,A,D,SA,SD
817,AIRTEL,MALE,SINGLE,0 TO 2,18-35,KIUT,BACHELOR,BELOW 450000,2022,0.8,33,26,A,D,A,A,D,A,D,A,D,A,D,A,A,A,A,A,A,A,A
818,TIGO,MALE,SINGLE,0 TO 2,18-35,KIUT,BACHELOR,BELOW 450000,2022,0.75,6,6,A,A,A,D,F,SD,A,F,A,F,A,A,A,F,SA,SA,SA,D,A
819,VODA,FEMALE,SINGLE,0 TO 2,18-35,KIUT,BACHELOR,BELOW 450000,2021,0.3,6,3,D,A,F,D,A,F,A,D,SA,F,F,F,A,A,A,A,F,F,D
820,HALOTEL,FEMALE,SINGLE,0 TO 2,18-35,KIUT,BACHELOR,BELOW 450000,2022,0.5,10,13,D,D,A,D,A,F,A,A,A,A,A,A,D,A,A,A,A,A,A
821,TIGO,MALE,SINGLE,0 TO 2,18-35,KIUT,BACHELOR,BELOW 450000,2021,0.17,17,13,D,D,D,A,A,A,A,A,A,A,SA,A,D,F,F,SA,SA,SA,F
822,AIRTEL,MALE,SINGLE,0 TO 2,18-35,KIUT,BACHELOR,BELOW 450000,2010,0,12,8,A,F,SD,SD,SA,SD,A,A,F,A,D,F,F,F,A,SD,F,A,F
823,TIGO,FEMALE,SINGLE,0 TO 2,18-35,KIUT,BACHELOR,BELOW 450000,2019,0,3,5,D,SD,SD,A,D,D,D,D,A,A,A,A,SD,A,A,A,A,A,A
824,TIGO,FEMALE,SINGLE,0 TO 2,18-35,KIUT,BACHELOR,BELOW 450000,2023,0,4,6,D,D,D,A,A,D,A,A,A,A,D,D,A,A,A,A,A,A,A
825,VODA,FEMALE,SINGLE,0 TO 2,18-35,KIUT,BACHELOR,BELOW 450000,2020,0,5,8,A,F,D,D,D,SD,SD,SD,D,SD,A,A,D,SD,SD,F,SD,D,SD
826,HALOTEL,MALE,SINGLE,0 TO 2,18-35,KIUT,BACHELOR,450000-1000000,2020,0.2,12,,SA,SD,SD,,SA,SD,SD,SA,SA,SD,SA,SD,SD,SD,SA,SA,SD,SD,SA
827,HALOTEL,MALE,SINGLE,0 TO 2,18-35,KIUT,BACHELOR,450000-1000000,2019,0.5,10,12,F,A,A,F,D,F,SA,SA,A,A,D,D,A,A,SA,SA,SA,SA,SA
828,VODA,MALE,SINGLE,0 TO 2,18-35,KIUT,BACHELOR,BELOW 450000,2021,0.5,14,12,A,D,D,D,A,,A,D,D,A,D,A,A,D,D,A,A,A,SD
829,HALOTEL,MALE,SINGLE,0 TO 2,18-35,KIUT,BACHELOR,BELOW 450000,2022,0,5,8,A,D,A,D,A,A,A,A,A,D,D,A,A,A,D,A,A,A,D
830,TIGO,MALE,SINGLE,0 TO 2,18-35,KIUT,BACHELOR,BELOW 450000,2021,0.25,8,18,SD,D,D,A,D,A,D,D,A,A,D,A,A,A,A,A,D,A,D
831,TIGO,FEMALE,SINGLE,0 TO 2,18-35,KIUT,BACHELOR,BELOW 450000,2020,0.29,71,60,D,D,SD,A,A,D,D,D,A,D,A,A,SD,A,SD,SD,SA,A,A
832,VODA,MALE,SINGLE,0 TO 2,18-35,KIUT,BACHELOR,BELOW 450000,2022,0.46,60,30,SA,SA,F,A,SA,SD,SA,F,D,F,D,SD,A,SA,SA,SA,A,SA,SA
833,AIRTEL,MALE,SINGLE,0 TO 2,18-35,KIUT,BACHELOR,BELOW 450000,2020,0.5,19,13,D,D,A,D,A,D,A,A,A,A,D,A,A,A,A,A,A,A,A
834,TIGO,MALE,SINGLE,0 TO 2,18-35,KIUT,BACHELOR,BELOW 450000,2015,0,7,8,D,D,D,D,D,D,D,A,A,A,A,D,D,A,A,D,A,D,A
835,AIRTEL,FEMALE,SINGLE,0 TO 2,18-35,KIUT,BACHELOR,BELOW 450000,2020,0.5,8,12,SD,D,SD,SA,SD,SD,SA,SD,SD,SD,SA,SA,SD,SD,SD,SA,SA,SA,SD
836,VODA,MALE,SINGLE,0 TO 2,18-35,KIUT,DIPLOMA,BELOW 450000,2020,0,24,24,D,D,A,D,D,D,A,SD,D,D,A,A,D,A,A,A,A,SA,SA
837,VODA,MALE,SINGLE,0 TO 2,18-35,KIUT,BACHELOR,BELOW 450000,2022,0.39,14,13,A,D,A,A,D,A,D,A,D,A,D,A,A,A,A,A,A,A,A
838,VODA,MALE,MARRIED,MORE THAN 4,36-50,KIUT,DIPLOMA,450000-1000000,2021,0,12,12,F,F,SD,F,F,F,D,F,A,F,A,A,A,A,F,F,F,F,F
839,AIRTEL,FEMALE,SINGLE,0 TO 2,18-35,KIUT,DIPLOMA,BELOW 450000,2022,0,30,23,SD,SD,D,A,SA,F,A,A,A,F,F,SD,A,A,SA,SA,A,SA,A
840,AIRTEL,FEMALE,SINGLE,0 TO 2,18-35,KIUT,DIPLOMA,BELOW 450000,2019,0,13,12,SD,D,F,A,D,A,A,A,SA,A,D,SD,A,A,A,SA,F,SA,SA
841,VODA,FEMALE,MARRIED,0 TO 2,18-35,KIUT,DIPLOMA,,2019,0,41,27,SA,D,D,A,A,A,A,D,D,A,A,A,A,A,A,D,D,SA,SA
842,VODA,MALE,SINGLE,0 TO 2,18-35,KIUT,DIPLOMA,450000-1000000,2018,0,56,39,F,,SD,F,SA,F,F,SA,SD,SD,F,F,SA,F,F,SD,F,SD,SD
843,AIRTEL,MALE,SINGLE,0 TO 2,18-35,KIUT,DIPLOMA,,2021,0,34,36,SA,A,SA,A,A,SA,A,SA,A,SA,A,SA,A,SA,A,SA,A,A,SA
844,AIRTEL,FEMALE,SINGLE,0 TO 2,18-35,KIUT,DIPLOMA,BELOW 450000,2019,0,15,12,A,D,SD,D,F,A,D,F,A,A,A,F,D,A,A,SA,F,SA,F
845,AIRTEL,FEMALE,SINGLE,0 TO 2,18-35,KIUT,DIPLOMA,BELOW 450000,2019,0,19,9,F,F,SA,A,D,A,A,SA,D,SA,D,A,SA,A,A,SA,SA,SA,A
846,HALOTEL,FEMALE,SINGLE,,18-35,KIUT,DIPLOMA,BELOW 450000,2019,0,17,14,SA,D,D,SD,SD,A,D,SD,SA,SD,SD,SA,SD,SD,D,SA,D,SA,D
847,AIRTEL,MALE,MARRIED,3 TO 4,18-35,KIUT,DIPLOMA,,2017,0,12,12,D,D,A,F,SD,F,A,F,A,A,A,A,A,D,A,A,D,A,A
848,HALOTEL,MALE,SINGLE,0 TO 2,18-35,KIUT,DIPLOMA,BELOW 450000,2020,0,24,24,D,SD,SA,SA,D,D,SD,SD,A,A,SA,A,SD,F,D,A,F,SA,SA
849,AIRTEL,MALE,SINGLE,0 TO 2,18-35,KIUT,DIPLOMA,BELOW 450000,2022,0,12,12,D,A,,D,A,D,A,A,A,A,A,D,D,A,A,A,A,A,A
850,VODA,FEMALE,SINGLE,0 TO 2,18-35,KIUT,DIPLOMA,BELOW 450000,2020,0,3,10,SD,SD,D,SD,D,SD,D,SD,SD,SD,SD,SD,SD,D,SD,SA,D,F,SD
851,HALOTEL,FEMALE,MARRIED,MORE THAN 4,18-35,KIUT,BACHELOR,BELOW 450000,2012,0.5,11,24,F,F,F,F,F,F,F,F,F,F,F,F,F,F,F,F,F,F,F
852,VODA,MALE,SINGLE,0 TO 2,18-35,KIUT,BACHELOR,BELOW 450000,2021,0.72,11,12,SD,SD,D,A,D,A,SD,A,A,SA,F,A,A,A,F,SA,F,F,F
853,VODA,MALE,MARRIED,MORE THAN 4,36-50,KIUT,BACHELOR,450000-1000000,2006,0,12,21,D,D,F,F,D,D,D,A,A,A,A,F,D,F,F,F,F,SA,SA
854,TIGO,FEMALE,SINGLE,MORE THAN 4,18-35,KIUT,BACHELOR,BELOW 450000,2015,0,21,21,A,D,F,SA,F,SA,A,F,A,D,F,D,F,F,F,SA,F,F,F
855,HALOTEL,FEMALE,SINGLE,0 TO 2,18-35,KIUT,BACHELOR,BELOW 450000,2023,0,11,22,D,A,SD,SA,F,SA,A,F,D,D,SD,D,F,F,F,SA,F,F,F
856,AIRTEL,FEMALE,SINGLE,0 TO 2,18-35,KIUT,BACHELOR,BELOW 450000,2022,,17,23,SA,A,SD,SA,D,SA,A,A,F,F,SD,D,F,F,F,SA,F,F,F
857,VODA,FEMALE,SINGLE,0 TO 2,18-35,KIUT,BACHELOR,BELOW 450000,2020,0,5,12,F,SD,D,SD,F,F,SA,F,F,SD,D,F,SA,F,D,SD,SD,SA,F
858,VODA,MALE,SINGLE,0 TO 2,18-35,KIUT,BACHELOR,BELOW 450000,2022,1,26,23,SD,SD,SA,SA,A,D,F,F,A,A,SA,A,F,A,SA,SA,SA,SA,SA
859,AIRTEL,FEMALE,SINGLE,0 TO 2,18-35,KIUT,BACHELOR,BELOW 450000,2023,1,,,SD,SD,SD,F,A,D,F,F,A,F,SD,D,SD,F,SD,F,F,F,A
860,TIGO,MALE,SINGLE,0 TO 2,18-35,KIUT,BACHELOR,450000-1000000,2021,1,12,12,A,A,SD,F,A,SD,F,A,F,F,F,D,A,A,A,A,A,A,A
861,HALOTEL,FEMALE,SINGLE,0 TO 2,18-35,KIUT,BACHELOR,450000-1000000,2022,,18,18,A,SD,SA,SA,SD,A,A,SA,SA,SA,A,SD,A,F,A,SA,SA,SA,SA
862,TIGO,FEMALE,SINGLE,0 TO 2,18-35,KIUT,BACHELOR,450000-1000000,2022,0.15,14,15,SD,SD,SD,F,SD,D,D,SA,A,A,F,F,D,F,A,F,SA,A,F
863,AIRTEL,MALE,SINGLE,3 TO 4,18-35,KIUT,BACHELOR,BELOW 450000,2007,0,12,15,D,F,SD,A,F,D,D,D,F,F,D,SD,F,D,D,A,F,A,F
864,VODA,MALE,SINGLE,0 TO 2,18-35,KIUT,BACHELOR,BELOW 450000,2022,0.8,15,17,F,A,A,SA,SD,D,SD,F,A,F,SA,SD,D,F,F,F,SD,SA,SA
865,TIGO,MALE,SINGLE,,18-35,KIUT,BACHELOR,BELOW 450000,2022,0.5,36,42,F,D,SD,F,A,A,F,D,SD,F,SA,SD,D,F,SA,SA,SD,A,F
866,HALOTEL,MALE,MARRIED,MORE THAN 4,36-50,KIUT,BACHELOR,450000-1000000,2016,0,12,6,F,A,D,F,SA,F,F,F,A,F,A,SA,D,F,A,SA,F,D,F
867,TIGO,FEMALE,SINGLE,0 TO 2,18-35,KIUT,BACHELOR,,2022,0,18,18,SD,SD,SD,SA,SA,SD,F,D,A,A,D,SD,D,SD,F,SD,F,D,F
868,HALOTEL,FEMALE,SINGLE,0 TO 2,18-35,KIUT,BACHELOR,BELOW 450000,2022,0.5,12,6,SD,SD,F,F,D,F,SD,F,D,F,SA,F,A,A,A,A,D,F,F
869,VODA,FEMALE,SINGLE,MORE THAN 4,18-35,KIUT,BACHELOR,BELOW 450000,2019,0.38,12,9,D,D,D,A,A,D,A,A,A,SA,A,D,A,A,A,SA,A,SA,SA
870,VODA,MALE,MARRIED,MORE THAN 4,18-35,KIUT,BACHELOR,BELOW 450000,2018,0,3,6,A,SD,SD,SA,F,SD,F,SD,,F,F,SD,F,F,F,A,SD,SD,SD
871,HALOTEL,MALE,SINGLE,0 TO 2,18-35,KIUT,BACHELOR,BELOW 450000,2017,1,55,15,SD,SD,SD,A,A,D,D,D,SA,A,A,D,SD,F,F,A,F,SA,SA
872,AIRTEL,MALE,SINGLE,0 TO 2,18-35,KIUT,BACHELOR,BELOW 450000,2022,0.5,,,F,F,SD,A,,SA,SD,F,F,F,SA,F,F,SD,SD,SD,SD,F,F
873,TIGO,FEMALE,SINGLE,0 TO 2,18-35,KIUT,BACHELOR,BELOW 450000,2020,0,9,6,SD,SD,A,A,SA,A,F,A,SA,A,A,D,A,A,A,F,SD,A,A
874,AIRTEL,MALE,SINGLE,0 TO 2,18-35,KIUT,BACHELOR,BELOW 450000,2022,0,21,17,SD,SD,SD,SD,SA,D,F,F,SA,F,SD,SD,A,A,F,F,A,SA,SA
875,VODA,FEMALE,SINGLE,0 TO 2,18-35,KIUT,BACHELOR,,2017,0.5,14,12,SA,SD,F,A,A,SA,SA,SA,SA,F,F,SA,F,F,F,SA,F,SA,F
876,VODA,FEMALE,SINGLE,0 TO 2,18-35,KIUT,BACHELOR,,2014,0,12,12,SA,SD,F,A,A,SA,SA,SA,SA,F,F,SA,F,F,F,SA,F,SA,F
877,TIGO,MALE,SINGLE,0 TO 2,18-35,KIUT,BACHELOR,450000-1000000,2020,0,16,13,SD,D,F,SD,F,F,SA,SA,A,F,F,D,A,SA,F,SA,SA,A,A
878,HALOTEL,FEMALE,MARRIED,0 TO 2,18-35,KIUT,BACHELOR,BELOW 450000,2019,1,31,12,D,A,SD,D,SD,SD,SD,SD,D,F,SA,A,F,A,SA,SD,F,SA,F
879,TIGO,FEMALE,MARRIED,0 TO 2,18-35,KIUT,BACHELOR,BELOW 450000,2014,0,12,12,F,SD,D,D,A,A,A,A,A,A,D,D,A,A,A,A,D,A,A
880,TIGO,MALE,SINGLE,0 TO 2,18-35,KIUT,BACHELOR,BELOW 450000,2011,0,24,35,SA,A,SD,A,D,,D,SD,SA,F,A,SA,SA,A,A,SA,SD,A,SD
881,HALOTEL,MALE,SINGLE,0 TO 2,18-35,KIUT,BACHELOR,BELOW 450000,2016,0,5,8,A,A,SD,SD,SD,SD,SD,SD,SA,F,F,F,F,D,D,SA,SD,SD,SD
882,TIGO,FEMALE,SINGLE,0 TO 2,18-35,KIUT,BACHELOR,BELOW 450000,2018,0,14,18,F,A,SD,F,A,D,SD,F,A,F,F,D,F,F,F,A,F,F,F
883,VODA,MALE,SINGLE,0 TO 2,18-35,KIUT,BACHELOR,BELOW 450000,2022,0.5,6,6,D,D,D,D,A,A,A,A,D,A,D,A,F,A,F,A,A,F,A
884,AIRTEL,FEMALE,SINGLE,MORE THAN 4,18-35,KIUT,BACHELOR,BELOW 450000,2022,0.81,14,7,D,D,F,A,A,F,D,D,D,F,F,A,A,A,A,F,A,F,SA
885,HALOTEL,MALE,SINGLE,0 TO 2,18-35,KIUT,BACHELOR,BELOW 450000,2019,,28,43,D,F,SA,F,D,A,D,A,A,A,F,A,D,A,A,SA,SA,SA,SA
886,HALOTEL,MALE,SINGLE,0 TO 2,18-35,KIUT,BACHELOR,450000-1000000,2020,0.6,15,15,D,F,SD,F,F,F,F,SA,F,F,F,F,F,SA,SA,SA,F,A,SA
887,VODA,MALE,MARRIED,0 TO 2,18-35,KIUT,BACHELOR,450000-1000000,2015,0,54,12,SD,SA,SD,A,SD,A,SA,D,A,F,F,SA,F,F,SA,SD,A,A,F
888,VODA,MALE,MARRIED,MORE THAN 4,18-35,KIUT,BACHELOR,450000-1000000,2009,0,33,26,F,D,D,A,D,A,D,D,A,F,D,A,D,F,F,A,F,SA,SA
889,VODA,FEMALE,SINGLE,0 TO 2,18-35,KIUT,BACHELOR,450000-1000000,2014,1,119,98,F,D,D,SA,F,A,D,A,A,F,A,SD,F,A,F,A,F,A,F
890,AIRTEL,FEMALE,SINGLE,0 TO 2,18-35,KIUT,BACHELOR,BELOW 450000,2022,0,9,12,A,SA,SD,D,D,D,D,F,A,F,A,A,D,SA,D,SA,F,D,D
891,TIGO,FEMALE,SINGLE,0 TO 2,18-35,KIUT,BACHELOR,BELOW 450000,2021,0,4,12,D,D,A,SA,A,A,A,A,A,A,F,D,A,A,F,A,F,A,A
892,TIGO,MALE,MARRIED,3 TO 4,18-35,KIUT,BACHELOR,450000-1000000,2007,0,63,18,F,F,F,F,SA,D,A,F,SA,A,SA,SA,F,SA,D,SA,SD,SA,SA
893,AIRTEL,MALE,SINGLE,3 TO 4,18-35,KIUT,BACHELOR,ABOVE 1000000,2009,0,33,15,F,D,D,SA,F,D,A,SA,D,F,SD,SA,F,SD,A,SA,F,F,A
894,AIRTEL,MALE,SINGLE,MORE THAN 4,18-35,KIUT,BACHELOR,450000-1000000,2021,1,24,24,F,F,F,F,F,F,F,F,F,F,F,F,F,F,F,F,F,F,F
895,VODA,FEMALE,SINGLE,MORE THAN 4,18-35,KIUT,BACHELOR,BELOW 450000,2012,0.5,24,24,F,F,F,F,F,F,F,F,F,F,F,F,F,F,F,F,F,F,F
896,AIRTEL,MALE,SINGLE,0 TO 2,18-35,KIUT,BACHELOR,BELOW 450000,2021,0.7,70,30,D,D,SD,F,D,A,SD,D,A,A,F,D,D,A,F,F,F,A,A
897,VODA,FEMALE,SINGLE,0 TO 2,18-35,KIUT,BACHELOR,ABOVE 1000000,2017,0,51,48,A,A,A,A,A,A,A,A,A,A,A,A,A,A,SD,SD,A,A,A
898,TIGO,MALE,SINGLE,0 TO 2,18-35,KIUT,BACHELOR,BELOW 450000,2013,0.5,51,23,A,A,A,A,A,SD,F,A,A,A,D,SD,A,A,A,SA,SA,SA,SA
899,TIGO,FEMALE,SINGLE,0 TO 2,18-35,KIUT,BACHELOR,BELOW 450000,2016,0,12,12,F,SD,D,F,A,A,A,SA,SD,D,F,A,SA,SD,D,F,A,SA,SA
900,AIRTEL,FEMALE,SINGLE,0 TO 2,18-35,KIUT,BACHELOR,BELOW 450000,2020,1,12,16,SD,SD,A,D,SD,SD,SD,F,A,SD,A,,F,SD,SD,A,A,F,D
901,AIRTEL,FEMALE,SINGLE,0 TO 2,18-35,KIUT,BACHELOR,BELOW 450000,2018,1,3,3,D,D,A,D,F,A,F,F,A,F,F,A,A,A,F,SA,A,A,A
902,TTCL,FEMALE,SINGLE,MORE THAN 4,18-35,KIUT,BACHELOR,,2020,1,6,6,SD,A,D,F,F,F,F,D,A,D,F,F,F,A,F,F,D,SD,F
903,HALOTEL,MALE,SINGLE,0 TO 2,18-35,KIUT,BACHELOR,BELOW 450000,2019,0.5,10,8,D,D,F,SD,F,A,D,A,F,F,A,A,F,F,A,A,A,F,A
904,TTCL,MALE,SINGLE,0 TO 2,18-35,KIUT,BACHELOR,BELOW 450000,2023,0.6,12,9,F,SD,SD,F,F,D,SD,D,D,SA,A,SA,A,A,F,SA,F,A,A
905,VODA,MALE,SINGLE,0 TO 2,18-35,KIUT,BACHELOR,BELOW 450000,2010,0,53,52,SD,F,SD,SD,F,F,F,D,A,D,SA,A,D,SA,SD,SA,SD,F,F
906,TIGO,FEMALE,SINGLE,MORE THAN 4,18-35,KIUT,BACHELOR,BELOW 450000,2019,0.5,43,43,D,D,,SD,SD,SD,SD,D,A,D,A,A,A,A,D,A,A,A,D
907,TIGO,FEMALE,SINGLE,MORE THAN 4,18-35,KIUT,BACHELOR,BELOW 450000,2019,0.5,38,39,F,D,SD,A,F,SD,F,A,SA,D,F,SD,F,A,F,A,F,SA,A
908,TIGO,MALE,MARRIED,MORE THAN 4,18-35,KIUT,BACHELOR,BELOW 450000,2022,1,10,12,SD,SA,SD,D,SD,SD,SD,SA,D,SD,SD,SD,SA,SD,SA,SA,SD,A,D
909,AIRTEL,MALE,SINGLE,0 TO 2,18-35,KIUT,BACHELOR,BELOW 450000,2019,0,7,7,D,D,SD,A,A,SA,SD,SD,A,A,F,SD,,F,F,F,D,A,A
910,TTCL,MALE,SINGLE,0 TO 2,18-35,KIUT,BACHELOR,BELOW 450000,2016,,12,12,SD,SA,SD,F,F,SD,F,F,F,D,A,SA,D,F,F,SA,F,A,A
911,TIGO,MALE,SINGLE,MORE THAN 4,18-35,KIUT,BACHELOR,BELOW 450000,2017,1,12,9,D,D,SD,D,D,SD,D,SD,A,F,SA,D,F,A,F,SA,SD,SA,F
912,TIGO,MALE,SINGLE,0 TO 2,18-35,KIUT,BACHELOR,BELOW 450000,2022,1,42,24,F,F,D,D,A,SD,F,SD,A,SD,F,F,D,F,F,F,F,F,F
913,VODA,MALE,SINGLE,0 TO 2,18-35,KIUT,BACHELOR,BELOW 450000,2015,0,18,21,SD,D,F,D,SD,D,D,D,SD,SD,SD,D,D,F,D,D,SD,SD,SD
914,AIRTEL,MALE,SINGLE,3 TO 4,18-35,KIUT,BACHELOR,BELOW 450000,2019,0.2,30,12,SD,A,SD,SA,SA,SA,SD,D,A,SA,A,SA,A,SD,D,SA,A,SA,A
915,AIRTEL,MALE,SINGLE,0 TO 2,18-35,KIUT,BACHELOR,BELOW 450000,2022,0,12,24,A,SA,SD,A,A,SD,D,A,A,D,SA,A,A,F,D,SD,SD,SA,A
916,AIRTEL,MALE,SINGLE,MORE THAN 4,18-35,KIUT,BACHELOR,450000-1000000,2020,0,22,22,D,D,F,F,D,F,D,D,F,D,A,A,D,F,F,A,F,F,F
917,VODA,MALE,SINGLE,0 TO 2,18-35,KIUT,BACHELOR,BELOW 450000,2022,0,15,15,A,A,SD,SD,SA,F,F,A,A,A,F,F,SA,A,SA,A,A,A,SA
918,VODA,MALE,SINGLE,0 TO 2,18-35,KIUT,BACHELOR,BELOW 450000,2022,0,15,15,A,A,SD,SD,SA,F,SD,F,A,A,A,F,F,F,A,SA,F,F,SD
919,TIGO,FEMALE,SINGLE,0 TO 2,18-35,KIUT,BACHELOR,BELOW 450000,2022,0,11,10,F,F,A,D,SD,A,A,A,A,A,D,A,A,SA,SA,SA,SA,SA,A
920,TIGO,MALE,SINGLE,MORE THAN 4,18-35,KIUT,BACHELOR,BELOW 450000,2022,1,18,18,F,F,F,F,F,F,F,F,F,F,F,F,F,F,F,F,F,F,F
921,TIGO,FEMALE,SINGLE,0 TO 2,18-35,KIUT,BACHELOR,BELOW 450000,2022,0,12,12,D,D,D,A,D,A,D,D,A,SD,A,A,A,SD,SD,A,SD,SD,SD
922,TIGO,MALE,SINGLE,0 TO 2,18-35,KIUT,BACHELOR,BELOW 450000,2007,1,20,18,SD,SD,SD,A,A,D,D,D,SA,A,A,D,SD,A,F,A,F,SA,F
923,TIGO,FEMALE,SINGLE,0 TO 2,18-35,KIUT,BACHELOR,BELOW 450000,2020,1,6,,A,SA,A,SA,A,D,D,D,A,D,A,D,SD,A,A,A,D,SA,A
924,VODA,FEMALE,SINGLE,0 TO 2,18-35,KIUT,BACHELOR,BELOW 450000,2023,0,9,2,A,SA,F,SA,SA,SD,D,F,A,SD,SA,A,D,A,SD,D,F,D,SD
925,HALOTEL,FEMALE,SINGLE,0 TO 2,18-35,KIUT,BACHELOR,BELOW 450000,,1,13,14,F,SD,SD,A,SD,D,F,SA,F,D,F,A,A,SA,SA,SA,D,F,F
926,AIRTEL,MALE,SINGLE,0 TO 2,18-35,KIUT,BACHELOR,BELOW 450000,2020,0,6,6,A,A,A,D,A,D,D,A,D,D,D,D,A,A,A,A,SA,SA,A
927,HALOTEL,FEMALE,SINGLE,0 TO 2,18-35,KIUT,BACHELOR,BELOW 450000,2022,1,10,6,SD,SD,SD,SA,SD,SD,D,D,SA,D,SA,SA,SD,F,F,SA,D,A,A
928,AIRTEL,MALE,SINGLE,0 TO 2,18-35,KIUT,BACHELOR,BELOW 450000,2017,1,60,18,F,F,F,A,F,A,A,D,F,A,A,F,A,F,D,D,A,F,F
929,VODA,FEMALE,SINGLE,MORE THAN 4,18-35,KIUT,BACHELOR,ABOVE 1000000,2006,0,45,14,SD,A,SD,A,SA,D,SD,D,A,D,A,D,SD,A,D,F,SD,F,SD
930,TIGO,MALE,SINGLE,0 TO 2,18-35,KIUT,BACHELOR,450000-1000000,2020,0.8,20,27,SD,SD,SD,D,F,SD,SD,SA,F,A,F,SD,D,A,A,SA,F,F,F
931,HALOTEL,FEMALE,SINGLE,0 TO 2,18-35,KIUT,BACHELOR,BELOW 450000,2019,,,,D,A,F,SD,SD,SA,SD,D,A,A,F,A,SA,A,F,SA,A,D,A
932,TIGO,MALE,SINGLE,0 TO 2,18-35,KIUT,BACHELOR,BELOW 450000,2015,0.2,38,36,F,D,SD,SA,F,A,D,F,A,SD,SA,A,SA,A,F,SA,F,F,D
933,TIGO,FEMALE,SINGLE,0 TO 2,18-35,KIUT,BACHELOR,450000-1000000,2019,0.15,9,9,D,D,D,F,F,F,F,F,SA,A,F,D,SD,F,F,SA,F,SD,D
934,TIGO,MALE,SINGLE,0 TO 2,18-35,KIUT,BACHELOR,,2018,1,9,6,SD,SD,A,D,A,D,F,F,SA,D,SD,A,A,F,A,SA,A,F,F
935,TIGO,FEMALE,SINGLE,0 TO 2,18-35,KIUT,BACHELOR,BELOW 450000,2015,0,14,13,SD,SD,F,A,SD,SA,SD,D,A,F,D,SD,D,F,D,A,SD,F,F
936,AIRTEL,FEMALE,SINGLE,0 TO 2,18-35,KIUT,BACHELOR,BELOW 450000,2018,0,21,21,SD,F,F,D,SD,SD,SD,D,A,SD,D,SD,SD,F,D,SA,F,F,F
937,TIGO,FEMALE,SINGLE,0 TO 2,18-35,KIUT,BACHELOR,BELOW 450000,2021,0,93,93,SD,F,SD,SA,SA,F,D,F,SA,F,SD,D,D,F,F,F,SA,A,A
938,HALOTEL,FEMALE,SINGLE,0 TO 2,18-35,KIUT,BACHELOR,BELOW 450000,2018,0,68,84,D,D,SD,A,,SD,D,F,F,F,A,D,F,F,F,F,F,A,A
939,AIRTEL,MALE,SINGLE,0 TO 2,18-35,KIUT,BACHELOR,BELOW 450000,2023,1,72,68,D,F,A,D,F,A,SD,A,F,SA,F,D,A,A,F,SA,F,SA,A
940,AIRTEL,FEMALE,SINGLE,0 TO 2,18-35,KIUT,BACHELOR,BELOW 450000,2021,0,84,60,F,SD,SD,A,A,D,D,SD,A,F,A,F,F,F,F,F,F,F,F
941,TIGO,MALE,SINGLE,0 TO 2,18-35,KIUT,BACHELOR,BELOW 450000,2018,1,93,93,SD,F,SA,F,A,F,D,F,A,F,D,D,A,F,A,A,A,A,A
942,VODA,MALE,SINGLE,0 TO 2,18-35,KIUT,BACHELOR,BELOW 450000,2019,1,20,15,F,SD,SD,SD,D,D,D,A,A,F,D,A,A,A,A,A,A,A,A
943,TIGO,MALE,SINGLE,0 TO 2,18-35,KIUT,BACHELOR,BELOW 450000,2022,0.81,18,13,D,D,D,D,SA,D,SD,SD,A,SD,SD,SA,SA,SA,SA,SA,A,A,SA
944,HALOTEL,MALE,SINGLE,0 TO 2,18-35,KIUT,BACHELOR,450000-1000000,2014,0.6,12,9,D,F,SD,A,D,D,D,F,,A,F,D,F,F,F,A,D,F,F
945,AIRTEL,MALE,MARRIED,0 TO 2,18-35,KIUT,BACHELOR,450000-1000000,2000,0,10,10,F,A,A,D,SA,D,F,F,D,A,D,A,D,SA,SA,F,F,SA,SA
946,VODA,MALE,MARRIED,MORE THAN 4,36-50,KIUT,BACHELOR,450000-1000000,2018,0,54,12,SD,SA,SD,A,SD,D,SD,D,A,D,A,D,D,A,D,F,SD,SA,A
947,AIRTEL,MALE,SINGLE,3 TO 4,18-35,KIUT,BACHELOR,BELOW 450000,2019,,90,90,F,A,SD,SD,F,SD,SD,A,F,A,F,A,SA,A,F,SA,A,D,A
948,TIGO,MALE,SINGLE,3 TO 4,18-35,KIUT,BACHELOR,BELOW 450000,2022,0.9,13,16,F,F,D,A,SD,F,F,A,SA,A,A,A,A,F,F,D,F,A,A
949,AIRTEL,FEMALE,SINGLE,0 TO 2,18-35,KIUT,BACHELOR,BELOW 450000,2022,0.8,17,24,D,D,D,D,SA,D,SD,SD,A,SD,F,SA,SA,SA,SA,SA,SA,A,SA
950,AIRTEL,MALE,SINGLE,0 TO 2,18-35,KIUT,BACHELOR,BELOW 450000,2019,0.5,20,23,D,F,SD,F,D,SA,F,SA,A,F,D,F,A,A,A,F,F,SA,A
951,VODA,MALE,SINGLE,0 TO 2,18-35,KIUT,BACHELOR,BELOW 450000,2017,1,16,19,A,F,F,SA,SA,F,A,A,A,D,D,SD,D,A,F,A,A,SA,A
952,HALOTEL,MALE,SINGLE,0 TO 2,18-35,KIUT,BACHELOR,BELOW 450000,2022,0,68,72,A,D,A,D,F,SD,D,D,A,F,A,A,F,A,SD,A,F,D,A
953,VODA,MALE,SINGLE,0 TO 2,18-35,KIUT,BACHELOR,450000-1000000,2023,1,24,24,F,,F,A,F,F,D,F,A,F,F,A,F,F,A,SA,F,F,A
954,AIRTEL,FEMALE,SINGLE,0 TO 2,18-35,KIUT,BACHELOR,BELOW 450000,2012,0,10,10,D,D,SD,SA,SA,SD,SD,D,A,F,A,A,SA,F,F,A,D,SA,SA
955,TIGO,FEMALE,SINGLE,0 TO 2,18-35,KIUT,BACHELOR,BELOW 450000,2009,0.2,180,24,D,A,SD,SA,F,SD,F,F,A,A,A,A,A,F,A,SA,SA,SA,SA
956,VODA,MALE,SINGLE,0 TO 2,18-35,KIUT,BACHELOR,450000-1000000,2009,0.7,12,12,A,A,SD,SD,SD,SD,SD,A,SD,A,A,SD,A,A,SD,A,SD,A,A
957,AIRTEL,FEMALE,SINGLE,0 TO 2,18-35,KIUT,BACHELOR,BELOW 450000,2022,0.6,12,12,A,D,D,D,SD,SD,F,D,A,A,A,A,F,A,SA,SD,F,SA,A
958,VODA,FEMALE,SINGLE,0 TO 2,18-35,KIUT,BACHELOR,BELOW 450000,2023,0.4,16,18,D,SD,SD,SD,A,D,D,SA,A,D,SD,SA,A,A,SD,D,F,A,SA
959,TIGO,MALE,SINGLE,0 TO 2,18-35,KIUT,BACHELOR,,2019,,3,,SD,SD,SD,SD,SD,SD,SD,SD,F,SD,SD,SD,SD,F,SD,F,SD,SD,SD
960,VODA,FEMALE,MARRIED,0 TO 2,18-35,SUA,BACHELOR,BELOW 450000,2012,0,10,6,D,SD,F,A,A,F,F,D,A,A,A,A,A,A,A,A,A,A,A
961,VODA,MALE,SINGLE,0 TO 2,18-35,SUA,BACHELOR,BELOW 450000,2019,,24,15,A,A,,A,,D,F,SA,SD,D,SA,SD,D,SA,A,F,SD,SA,SA
962,VODA,MALE,SINGLE,3 TO 4,18-35,SUA,BACHELOR,BELOW 450000,2020,0,3,4,SA,A,SA,A,F,SA,A,F,SA,SA,A,SA,F,A,A,SA,D,SA,SA
963,TIGO,MALE,SINGLE,0 TO 2,18-35,SUA,BACHELOR,450000-1000000,2017,0.8,24,19,F,A,F,D,SA,SD,SA,F,A,F,SD,SD,F,A,F,A,A,A,F
964,HALOTEL,,SINGLE,0 TO 2,18-35,SUA,BACHELOR,BELOW 450000,2019,0.5,14,,A,SA,F,SA,,D,D,A,F,F,A,D,A,A,SD,SD,A,F,A
965,TIGO,FEMALE,SINGLE,0 TO 2,18-35,SUA,BACHELOR,BELOW 450000,2018,0,,,A,A,A,SD,,SD,D,,D,,SD,D,A,D,D,,A,A,A
966,TIGO,MALE,MARRIED,MORE THAN 4,18-35,SUA,BACHELOR,450000-1000000,2009,0,27,27,A,D,SD,F,A,A,D,SD,SA,D,D,A,A,D,SD,SA,A,F,A
967,HALOTEL,FEMALE,SINGLE,MORE THAN 4,18-35,SUA,BACHELOR,BELOW 450000,2021,1,8,12,SD,D,,SD,F,SD,A,,SD,,SA,F,SD,A,SD,F,SD,SD,D
968,TIGO,MALE,SINGLE,0 TO 2,18-35,SUA,BACHELOR,BELOW 450000,2023,1,32,28,A,F,D,F,SA,SD,F,A,SA,A,A,A,F,F,SD,SA,F,SA,SA
969,AIRTEL,MALE,SINGLE,0 TO 2,18-35,SUA,BACHELOR,BELOW 450000,2022,1,3,4,A,A,A,A,A,A,F,D,A,A,A,A,D,A,A,A,A,A,A
970,TIGO,MALE,SINGLE,0 TO 2,18-35,SUA,BACHELOR,BELOW 450000,2020,1,12,11,D,D,F,F,A,SA,SD,A,A,F,F,A,F,SA,A,SA,A,A,SA
971,VODA,MALE,SINGLE,0 TO 2,18-35,SUA,BACHELOR,BELOW 450000,2020,1,9,9,F,A,SD,D,SD,SD,SA,A,F,A,D,A,A,A,A,A,F,F,F
972,HALOTEL,FEMALE,SINGLE,0 TO 2,18-35,SUA,BACHELOR,BELOW 450000,2022,1,6,25,F,F,F,F,A,A,A,A,F,F,A,F,F,F,F,F,F,A,A
973,VODA,FEMALE,SINGLE,0 TO 2,18-35,SUA,BACHELOR,BELOW 450000,2020,1,25,24,SA,SA,F,A,SA,F,SA,SA,A,F,SA,F,SD,A,A,SA,SA,F,SA
974,AIRTEL,MALE,SINGLE,0 TO 2,18-35,SUA,BACHELOR,BELOW 450000,2021,1,7,17,F,A,F,SD,D,F,SD,D,SD,A,A,A,A,F,F,A,F,A,
975,TIGO,FEMALE,SINGLE,0 TO 2,18-35,SUA,BACHELOR,BELOW 450000,2020,1,10,13,D,F,SD,F,A,D,F,F,A,D,A,A,SA,F,D,SA,F,F,A
976,HALOTEL,FEMALE,SINGLE,0 TO 2,18-35,SUA,BACHELOR,BELOW 450000,2021,1,22,15,D,A,F,A,A,F,D,D,F,F,A,F,F,D,F,A,A,F,A
977,TIGO,FEMALE,SINGLE,0 TO 2,18-35,SUA,BACHELOR,BELOW 450000,2022,1,7,10,F,D,SA,F,SA,SD,SA,SA,A,D,D,A,A,A,SA,SA,SA,SA,SA
978,VODA,MALE,SINGLE,0 TO 2,18-35,SUA,BACHELOR,BELOW 450000,2020,1,23,20,SD,SA,,F,SA,A,F,F,,A,,F,SA,,F,F,F,F,F
979,VODA,FEMALE,SINGLE,0 TO 2,18-35,SUA,BACHELOR,450000-1000000,2013,0,12,12,D,D,F,A,A,A,A,D,A,A,F,A,A,F,F,A,SA,SA,SA
980,VODA,FEMALE,SINGLE,0 TO 2,18-35,SUA,BACHELOR,BELOW 450000,2020,1,30,12,D,D,SD,SD,F,D,,A,A,F,A,SA,A,A,A,SA,D,D,D
981,TIGO,FEMALE,SINGLE,0 TO 2,18-35,SUA,BACHELOR,BELOW 450000,2022,0,12,24,D,A,SD,,A,F,D,SD,D,F,F,A,A,A,A,A,F,A,D
982,VODA,FEMALE,SINGLE,0 TO 2,18-35,SUA,BACHELOR,BELOW 450000,2020,1,15,16,F,D,A,A,F,A,F,F,SA,F,F,F,D,F,A,F,F,SD,SA
983,HALOTEL,FEMALE,SINGLE,0 TO 2,18-35,SUA,BACHELOR,BELOW 450000,2018,1,9,3,A,F,A,A,F,A,F,D,A,A,SD,A,F,SD,A,A,A,A,A
984,HALOTEL,FEMALE,SINGLE,0 TO 2,18-35,SUA,BACHELOR,ABOVE 1000000,2021,1,31,18,SA,A,D,SD,SA,SD,SA,A,SD,D,D,A,F,A,D,SA,SA,SA,SA
985,HALOTEL,MALE,SINGLE,MORE THAN 4,18-35,SUA,BACHELOR,BELOW 450000,2022,1,6,60,F,F,F,F,F,F,F,F,F,F,F,F,F,F,F,F,F,F,F
986,HALOTEL,MALE,SINGLE,0 TO 2,18-35,SUA,BACHELOR,BELOW 450000,2020,1,37,20,SD,SD,SD,SA,D,SD,SD,D,D,D,D,SD,SD,F,A,A,A,SA,SA
987,AIRTEL,MALE,MARRIED,0 TO 2,18-35,SUA,BACHELOR,BELOW 450000,2020,1,58,65,A,A,SD,F,A,A,F,SA,A,A,D,D,A,A,SA,SA,A,SA,SA
988,TIGO,MALE,MARRIED,0 TO 2,18-35,SUA,BACHELOR,BELOW 450000,2023,1,69,55,A,SA,A,SA,SA,F,F,SA,SA,SA,SD,SD,SD,A,SD,A,SD,SD,SA
989,AIRTEL,FEMALE,SINGLE,0 TO 2,18-35,SUA,BACHELOR,BELOW 450000,2023,0,21,6,SD,SD,SD,SA,A,D,A,D,A,D,F,F,F,F,SA,SD,SD,SA,SD
990,HALOTEL,FEMALE,SINGLE,0 TO 2,18-35,SUA,BACHELOR,BELOW 450000,2020,0,23,7,SD,D,D,D,F,A,F,A,A,F,A,A,SD,A,SD,F,SD,SA,SD
991,VODA,FEMALE,SINGLE,0 TO 2,18-35,SUA,BACHELOR,BELOW 450000,2020,0,23,18,SD,D,SD,SA,A,SD,SA,SA,F,SA,SD,F,A,D,SA,SA,SD,F,SA
992,AIRTEL,FEMALE,SINGLE,0 TO 2,18-35,SUA,BACHELOR,BELOW 450000,2022,0,45,19,F,A,,D,SA,SD,F,F,F,A,F,A,A,F,A,A,SA,SA,SA
993,VODA,MALE,SINGLE,0 TO 2,18-35,SUA,BACHELOR,BELOW 450000,2020,0.3,20,20,SD,SD,SD,SD,SD,D,D,F,SD,SD,F,SD,F,F,SD,F,SD,SD,SD
994,VODA,MALE,SINGLE,0 TO 2,18-35,SUA,BACHELOR,BELOW 450000,2020,0.33,9,24,SD,SD,SD,SD,SD,SD,D,F,SA,F,A,F,D,SD,F,A,F,F,F
995,VODA,FEMALE,SINGLE,0 TO 2,18-35,SUA,BACHELOR,BELOW 450000,2022,1,,,D,D,SA,D,SA,SA,SA,,D,SA,A,SA,A,,A,SA,SA,A,SA
996,TIGO,MALE,SINGLE,0 TO 2,18-35,SUA,BACHELOR,BELOW 450000,2022,0.25,20,32,A,F,SD,SA,A,D,D,A,D,F,F,D,SD,F,F,F,D,SD,F
997,VODA,FEMALE,MARRIED,0 TO 2,18-35,SUA,BACHELOR,450000-1000000,2011,0,12,12,D,D,A,SA,SA,SD,SA,A,SD,F,F,,SA,SA,A,SA,A,SA,SD
998,HALOTEL,FEMALE,SINGLE,3 TO 4,18-35,SUA,BACHELOR,BELOW 450000,2022,1,15,18,SD,A,SA,D,SA,SD,F,F,SA,SA,SA,SA,SA,A,F,,F,A,SA
999,AIRTEL,FEMALE,SINGLE,0 TO 2,18-35,SUA,BACHELOR,BELOW 450000,2020,0,16,10,A,SA,F,SA,F,D,D,A,F,A,A,SA,F,D,F,D,F,A,F
1000,VODA,MALE,SINGLE,0 TO 2,18-35,SUA,BACHELOR,BELOW 450000,2019,0,34,32,SA,F,F,SA,SA,F,SA,SA,SA,A,A,SA,SA,SA,SA,SA,A,SA,A
1001,TIGO,FEMALE,SINGLE,3 TO 4,18-35,SUA,BACHELOR,BELOW 450000,2019,0.5,20,42,D,D,D,A,A,D,F,F,D,D,A,D,D,D,D,D,D,A,D
1002,HALOTEL,MALE,SINGLE,0 TO 2,18-35,SUA,BACHELOR,BELOW 450000,2020,1,15,15,A,F,A,F,A,A,F,F,A,F,F,A,F,A,F,F,A,A,A
1003,HALOTEL,MALE,SINGLE,MORE THAN 4,36-50,SUA,BACHELOR,BELOW 450000,2012,0,3,3,A,SA,A,A,A,A,A,SA,A,A,A,A,A,A,A,A,SA,A,SA
1004,TIGO,MALE,SINGLE,0 TO 2,18-35,SUA,BACHELOR,BELOW 450000,2013,0,24,24,SD,D,SD,SD,SD,SD,SD,D,SD,SD,SD,D,SD,SD,D,D,SD,SD,SD
1005,AIRTEL,FEMALE,SINGLE,0 TO 2,18-35,SUA,BACHELOR,BELOW 450000,2022,0,12,22,SD,SD,F,A,A,A,SD,D,F,SD,A,SD,F,SD,F,F,A,SA,SA
1006,TIGO,FEMALE,MARRIED,0 TO 2,18-35,SUA,BACHELOR,BELOW 450000,2019,0,18,17,SD,SD,SD,D,A,D,D,F,A,A,D,D,A,D,SA,SA,F,A,A
1007,VODA,FEMALE,SINGLE,0 TO 2,18-35,SUA,BACHELOR,BELOW 450000,2021,0,8,15,D,F,F,A,SA,SD,SA,SA,F,F,SD,F,F,F,SA,F,A,SA,SA
1008,TIGO,FEMALE,SINGLE,0 TO 2,18-35,SUA,BACHELOR,BELOW 450000,2019,0.5,12,13,SD,D,A,D,A,SD,SD,A,D,SA,F,A,D,A,,F,D,D,F
1009,HALOTEL,MALE,SINGLE,0 TO 2,18-35,SUA,BACHELOR,BELOW 450000,2020,0.85,15,12,SA,A,SD,F,D,D,D,SA,SA,F,D,A,D,D,A,F,D,SD,F
1010,HALOTEL,MALE,SINGLE,3 TO 4,18-35,SUA,BACHELOR,BELOW 450000,2016,1,17,14,F,SD,SD,SA,F,F,SD,F,A,F,SA,D,A,F,F,SA,F,SD,F
1011,TIGO,FEMALE,SINGLE,0 TO 2,18-35,SUA,BACHELOR,BELOW 450000,2011,0,17,24,A,A,SA,D,SA,A,SA,SD,D,D,A,SA,A,,A,SA,F,A,D
1012,VODA,MALE,MARRIED,3 TO 4,18-35,SUA,BACHELOR,450000-1000000,2009,0,12,12,SD,A,SD,F,A,F,F,A,A,D,SA,A,D,F,A,F,D,F,SD
1013,VODA,MALE,SINGLE,0 TO 2,18-35,SUA,BACHELOR,BELOW 450000,2010,0,15,17,F,A,SA,SA,,F,SA,SA,SD,F,D,F,SA,SA,SA,D,SA,SA,A
1014,TIGO,MALE,SINGLE,MORE THAN 4,18-35,SUA,BACHELOR,BELOW 450000,2021,1,16,16,A,D,F,F,A,A,F,A,A,A,A,D,F,A,SA,SA,SA,A,A
1015,AIRTEL,MALE,SINGLE,0 TO 2,18-35,SUA,BACHELOR,BELOW 450000,2022,0.75,18,28,D,A,A,SD,SA,SD,A,F,A,A,D,D,A,F,A,SA,SA,SA,SA
1016,AIRTEL,MALE,SINGLE,0 TO 2,18-35,SUA,BACHELOR,BELOW 450000,2022,1,3,3,SD,SD,SA,F,F,F,F,SA,A,F,A,F,A,A,A,SA,F,A,D
1017,VODA,FEMALE,SINGLE,0 TO 2,18-35,SUA,BACHELOR,BELOW 450000,2023,1,20,16,SD,SD,A,SA,A,D,F,F,F,F,A,A,A,F,F,SA,D,F,SD
1018,HALOTEL,FEMALE,SINGLE,0 TO 2,18-35,SUA,BACHELOR,BELOW 450000,2022,1,15,12,D,SD,A,D,A,D,SD,D,A,A,A,F,SA,SA,A,F,A,SA,SA
1019,TIGO,FEMALE,SINGLE,MORE THAN 4,18-35,SUA,BACHELOR,BELOW 450000,2019,1,45,45,SA,SA,SA,A,A,F,F,SA,D,F,SA,A,A,SA,SA,SA,A,SA,SA
1020,HALOTEL,MALE,SINGLE,MORE THAN 4,18-35,SUA,BACHELOR,BELOW 450000,2020,0.8,25,16,SA,F,SD,F,A,D,F,F,SA,F,SA,SD,SA,F,A,F,D,A,A
1021,VODA,MALE,SINGLE,0 TO 2,18-35,SUA,BACHELOR,BELOW 450000,2018,0.95,15,18,D,A,A,F,SA,A,SA,F,SD,F,A,D,A,D,F,F,SD,SD,SD
1022,TIGO,MALE,SINGLE,0 TO 2,18-35,SUA,BACHELOR,BELOW 450000,2017,1,16,16,SA,A,A,F,A,SD,A,A,SD,A,D,D,F,D,A,F,A,SA,SA
1023,VODA,MALE,SINGLE,0 TO 2,18-35,SUA,BACHELOR,BELOW 450000,2015,1,18,15,F,SD,D,F,SA,SD,A,A,SA,A,F,A,A,F,D,A,SD,A,A
1024,AIRTEL,FEMALE,SINGLE,0 TO 2,18-35,SUA,BACHELOR,ABOVE 1000000,2018,0.5,14,14,A,A,D,F,SA,D,F,SA,SA,SD,D,A,A,SA,SA,SA,A,A,SA
1025,TIGO,FEMALE,SINGLE,3 TO 4,18-35,SUA,BACHELOR,ABOVE 1000000,2018,0.5,11,14,SA,D,A,F,A,A,SA,SA,D,A,D,D,F,D,F,A,A,SA,SA
1026,TIGO,FEMALE,SINGLE,0 TO 2,18-35,SUA,BACHELOR,BELOW 450000,2022,0,30,60,A,A,A,A,SD,SD,SD,SD,A,A,SD,SD,SD,SD,SD,SD,D,D,SD
1027,VODA,FEMALE,SINGLE,0 TO 2,18-35,SUA,BACHELOR,BELOW 450000,2018,0,24,24,SD,D,F,SD,F,D,D,F,F,A,A,SA,SA,A,F,SA,F,F,SD
1028,HALOTEL,MALE,MARRIED,3 TO 4,18-35,SUA,BACHELOR,BELOW 450000,2023,1,26,24,SA,F,F,F,SA,SD,SD,SA,SD,SD,SD,SD,F,SA,SA,SA,F,SA,SA
1029,VODA,FEMALE,SINGLE,0 TO 2,18-35,SUA,BACHELOR,BELOW 450000,2022,0.4,12,14,D,D,F,A,SA,F,F,A,A,F,A,A,SA,A,A,SA,A,SA,A
1030,TIGO,MALE,SINGLE,0 TO 2,18-35,SUA,BACHELOR,BELOW 450000,2015,0,21,14,SA,A,SA,A,A,SD,A,SA,A,SA,A,A,F,SA,A,F,F,D,A
1031,VODA,MALE,SINGLE,0 TO 2,18-35,SUA,BACHELOR,BELOW 450000,2018,0.5,14,12,D,F,F,F,A,D,SA,F,F,F,F,F,F,A,D,A,D,F,F
1032,VODA,FEMALE,SINGLE,0 TO 2,18-35,SUA,BACHELOR,BELOW 450000,2020,0,10,6,A,D,F,F,A,F,F,D,A,F,D,F,D,F,D,F,F,SA,F
1033,TIGO,MALE,SINGLE,0 TO 2,18-35,SUA,BACHELOR,450000-1000000,2019,1,20,10,A,SA,A,A,D,SD,D,D,A,A,A,D,A,A,A,A,D,D,D
1034,VODA,MALE,SINGLE,0 TO 2,18-35,SUA,BACHELOR,BELOW 450000,2022,0.5,33,35,SD,D,D,SA,SA,SA,SA,A,A,A,SD,A,A,A,SA,SA,A,SA,SA
1035,AIRTEL,MALE,SINGLE,0 TO 2,18-35,SUA,BACHELOR,BELOW 450000,2017,0.32,6,10,SD,D,SA,SD,D,SA,F,SA,F,SA,SD,SD,SA,SA,SA,SA,SA,SA,SA
1036,HALOTEL,MALE,MARRIED,0 TO 2,18-35,SUA,BACHELOR,BELOW 450000,2020,1,13,13,SA,A,A,A,A,A,SA,A,SD,SD,D,F,F,D,A,D,SA,SA,SA
1037,HALOTEL,MALE,SINGLE,0 TO 2,18-35,SUA,BACHELOR,BELOW 450000,2020,1,15,19,D,A,A,F,A,D,D,A,A,A,SD,D,D,A,F,D,A,A,A
1038,HALOTEL,FEMALE,SINGLE,0 TO 2,18-35,SUA,BACHELOR,BELOW 450000,2022,0,18,19,A,A,,,A,D,F,A,A,A,D,A,A,A,A,A,A,A,A
1039,VODA,FEMALE,SINGLE,0 TO 2,18-35,SUA,BACHELOR,BELOW 450000,2019,0.8,16,9,SD,D,SD,A,A,SD,A,A,F,SD,A,A,D,D,A,SA,F,A,F
1040,TIGO,FEMALE,SINGLE,3 TO 4,18-35,SUA,BACHELOR,BELOW 450000,2019,0.5,6,6,D,SA,A,A,D,D,D,A,F,D,SD,A,A,SD,D,F,SD,F,F
1041,HALOTEL,MALE,SINGLE,3 TO 4,18-35,SUA,BACHELOR,BELOW 450000,2017,0.5,13,8,A,A,D,F,A,A,SA,A,A,A,SA,F,A,D,A,A,A,SA,SA
1042,VODA,MALE,SINGLE,0 TO 2,18-35,SUA,BACHELOR,BELOW 450000,2020,0.5,12,11,D,SA,SD,SA,SA,SD,SA,F,SD,SD,F,SD,SA,SA,F,SA,F,F,F
1043,AIRTEL,FEMALE,SINGLE,0 TO 2,18-35,SUA,BACHELOR,BELOW 450000,2022,0,19,10,SD,A,SD,A,D,F,F,SA,SA,SA,SA,SD,A,F,SA,A,A,A,A
1044,TIGO,MALE,SINGLE,0 TO 2,18-35,SUA,BACHELOR,BELOW 450000,2021,1,10,9,A,F,F,A,A,F,SD,A,F,F,F,A,F,A,F,A,A,F,F
1045,AIRTEL,FEMALE,SINGLE,0 TO 2,18-35,SUA,BACHELOR,BELOW 450000,2019,0,12,12,D,F,A,D,A,A,A,A,A,A,D,D,A,A,A,A,A,A,A
1046,TIGO,MALE,SINGLE,0 TO 2,18-35,SUA,BACHELOR,BELOW 450000,2019,0.7,24,24,SD,D,SD,A,A,SD,SD,F,A,A,SA,SA,A,A,SA,A,F,F,D
1047,AIRTEL,FEMALE,SINGLE,0 TO 2,18-35,SUA,BACHELOR,BELOW 450000,2022,0.8,17,17,SA,SA,SA,SD,A,SD,SA,SA,A,SD,D,A,SD,SA,SA,A,SA,SA,SA
1048,VODA,MALE,SINGLE,3 TO 4,18-35,SUA,BACHELOR,BELOW 450000,2013,0.4,9,13,SD,D,D,A,A,D,A,A,D,A,D,A,D,A,A,D,A,A,A
1049,VODA,FEMALE,SINGLE,0 TO 2,18-35,SUA,BACHELOR,,2019,0.5,9,9,D,D,A,A,SA,F,SA,A,A,F,A,SA,D,A,F,F,A,F,A
1050,AIRTEL,FEMALE,SINGLE,MORE THAN 4,18-35,SUA,BACHELOR,,2019,0,11,9,D,D,F,D,F,SD,SA,SA,F,A,D,D,SD,F,F,A,F,F,F
1051,VODA,FEMALE,SINGLE,0 TO 2,18-35,SUA,BACHELOR,BELOW 450000,2020,0,8,8,SD,A,SD,A,D,A,A,SA,SA,SA,SA,SD,A,F,SA,A,F,F,F
1052,AIRTEL,FEMALE,SINGLE,0 TO 2,18-35,SUA,BACHELOR,BELOW 450000,2019,0,,,SD,A,A,SA,A,SD,SA,SA,A,A,A,A,A,A,A,A,A,A,A
1053,VODA,MALE,SINGLE,3 TO 4,18-35,SUA,BACHELOR,450000-1000000,2022,0.5,16,12,D,SD,SA,SD,SA,D,SA,A,SA,F,D,SD,SA,A,A,F,SA,F,SA
1054,HALOTEL,FEMALE,SINGLE,0 TO 2,18-35,SUA,BACHELOR,BELOW 450000,2016,1,8,6,A,A,D,D,A,A,A,A,A,SA,D,SD,A,A,SA,A,SD,D,A
1055,TIGO,MALE,SINGLE,0 TO 2,18-35,SUA,BACHELOR,BELOW 450000,2022,0,24,15,F,SD,D,A,A,F,F,A,SD,F,SA,D,F,A,SD,A,F,D,A
1056,VODA,FEMALE,SINGLE,0 TO 2,18-35,SUA,BACHELOR,BELOW 450000,2022,1,16,16,SD,SD,F,F,SA,A,F,SA,A,F,D,,A,A,A,F,SA,F,A
1057,VODA,FEMALE,SINGLE,0 TO 2,18-35,SUA,BACHELOR,BELOW 450000,2019,0.81,11,10,SD,D,SD,A,A,SD,A,A,F,A,D,A,A,A,A,SA,A,A,A
1058,VODA,MALE,SINGLE,0 TO 2,18-35,SUA,BACHELOR,BELOW 450000,2013,1,7,4,F,A,D,F,F,SA,D,F,F,A,F,A,A,A,SD,SA,A,A,A
1059,TIGO,FEMALE,SINGLE,3 TO 4,18-35,SUA,BACHELOR,,2011,0,6,3,A,SD,A,A,D,SD,D,F,SD,F,F,SA,A,SA,A,SA,D,A,A
1060,TIGO,FEMALE,SINGLE,0 TO 2,18-35,SUA,BACHELOR,BELOW 450000,2011,1,48,48,F,D,SD,F,A,D,SD,A,A,F,F,A,A,A,A,A,A,F,A
1061,VODA,MALE,SINGLE,0 TO 2,18-35,SUA,BACHELOR,BELOW 450000,2016,0.78,18,20,A,A,F,A,A,A,SA,F,A,A,F,SA,A,A,A,SA,F,A,SA
1062,VODA,FEMALE,SINGLE,0 TO 2,18-35,SUA,BACHELOR,450000-1000000,2014,0.5,9,7,SA,SD,F,F,SA,SA,SA,F,A,,A,F,F,F,F,SA,SA,SA,SA
1063,HALOTEL,FEMALE,SINGLE,3 TO 4,18-35,SUA,BACHELOR,BELOW 450000,2022,0.6,9,9,SD,F,SD,F,SA,SA,D,A,SD,F,SA,SA,A,D,F,D,SA,SA,A
1064,AIRTEL,MALE,MARRIED,0 TO 2,18-35,SUA,BACHELOR,,2015,0,24,24,A,A,F,F,F,,F,F,SD,F,D,A,A,A,F,F,D,A,F
1065,VODA,MALE,SINGLE,MORE THAN 4,18-35,UDOM,BACHELOR,BELOW 450000,2015,1,12,12,D,A,A,F,A,SD,SD,F,A,F,A,SA,A,F,F,F,F,F,F
1066,TIGO,MALE,MARRIED,3 TO 4,18-35,UDOM,BACHELOR,450000-1000000,2014,0,12,12,SD,SD,F,A,A,A,D,SD,SD,SA,SD,F,SD,D,F,D,A,SD,F
1067,TIGO,FEMALE,SINGLE,0 TO 2,18-35,UDOM,BACHELOR,BELOW 450000,2018,0,30,33,A,A,F,SD,A,F,D,F,A,F,A,F,F,D,A,A,SA,SA,SA
1068,VODA,MALE,SINGLE,0 TO 2,18-35,UDOM,BACHELOR,450000-1000000,2015,1,8,8,SD,D,SD,SD,D,SD,SD,SD,A,SD,,A,D,SD,A,SA,SD,SA,SD
1069,VODA,MALE,SINGLE,0 TO 2,18-35,UDOM,BACHELOR,BELOW 450000,2021,1,10,9,SA,SD,SA,SA,SA,SD,SA,F,SA,SA,F,,SA,F,A,F,F,SA,SA
1070,TIGO,MALE,SINGLE,0 TO 2,18-35,UDOM,BACHELOR,BELOW 450000,2023,0,24,24,SD,SD,SD,SD,SD,D,SD,SD,D,D,D,F,D,D,SD,SA,F,F,F
1071,TIGO,FEMALE,SINGLE,MORE THAN 4,18-35,UDOM,BACHELOR,BELOW 450000,2014,1,28,32,SD,A,SD,A,SD,SD,SD,SD,A,D,A,A,D,SD,SD,A,SD,SD,D
1072,HALOTEL,MALE,SINGLE,0 TO 2,18-35,UDOM,BACHELOR,BELOW 450000,2017,1,6,12,D,D,SD,A,A,SD,SD,D,D,D,A,SD,A,SA,SA,SA,A,A,A
1073,AIRTEL,FEMALE,MARRIED,0 TO 2,18-35,UDOM,BACHELOR,BELOW 450000,2015,1,44,19,SD,A,SD,D,SD,SD,SD,SD,A,A,A,A,A,A,A,A,SD,SD,SD
1074,TIGO,FEMALE,SINGLE,0 TO 2,18-35,UDOM,BACHELOR,BELOW 450000,,1,3,9,D,D,A,A,A,,D,A,A,D,D,D,A,A,A,A,F,A,A
1075,TIGO,FEMALE,SINGLE,0 TO 2,18-35,UDOM,BACHELOR,BELOW 450000,2020,1,12,9,SD,SD,D,D,F,F,SD,A,A,F,F,SD,SA,A,F,SA,F,SA,SA
1076,VODA,MALE,SINGLE,0 TO 2,18-35,UDOM,BACHELOR,BELOW 450000,2017,0,36,38,A,A,D,D,A,A,A,A,A,A,A,A,A,A,A,A,A,A,A
1077,TIGO,FEMALE,SINGLE,0 TO 2,18-35,UDOM,BACHELOR,BELOW 450000,2019,1,13,10,A,D,A,A,SA,A,D,D,F,A,A,A,A,A,A,A,F,A,A
1078,TIGO,MALE,MARRIED,3 TO 4,18-35,UDOM,BACHELOR,450000-1000000,2008,1,3,6,D,F,D,A,A,D,F,D,A,A,D,A,D,SA,SA,SA,A,SA,SA
1079,TIGO,FEMALE,SINGLE,0 TO 2,18-35,UDOM,BACHELOR,BELOW 450000,2021,1,6,6,SD,SD,F,SD,A,F,F,A,A,SA,D,SA,A,A,A,SA,F,SD,SA
1080,TIGO,MALE,MARRIED,3 TO 4,18-35,UDOM,BACHELOR,BELOW 450000,2012,1,12,12,D,D,F,D,A,A,F,A,F,F,F,A,A,F,F,SA,A,F,A
1081,TIGO,MALE,SINGLE,0 TO 2,18-35,UDOM,BACHELOR,ABOVE 1000000,2015,1,30,28,D,D,SD,D,A,D,SD,F,A,A,A,A,F,F,F,A,A,F,F
1082,TIGO,MALE,SINGLE,0 TO 2,18-35,CBE,BACHELOR,450000-1000000,2018,0,45,31,SD,F,A,F,F,F,F,A,A,SD,A,SD,A,SA,A,A,F,SA,SA
1083,AIRTEL,FEMALE,SINGLE,0 TO 2,18-35,CBE,BACHELOR,BELOW 450000,2022,0,9,6,SA,SA,SA,F,D,SD,D,D,A,A,D,A,F,A,D,A,SD,A,SA
1084,HALOTEL,FEMALE,SINGLE,0 TO 2,18-35,CBE,BACHELOR,,2022,0.2,24,24,SA,SA,SA,SA,A,SA,A,A,A,A,SA,A,A,SA,A,SA,SA,A,A
1085,TIGO,FEMALE,SINGLE,0 TO 2,18-35,CBE,BACHELOR,450000-1000000,2016,0,90,45,F,F,SD,F,SA,F,F,SA,SD,F,D,SD,A,A,A,SA,F,SA,SA
1086,AIRTEL,MALE,SINGLE,0 TO 2,18-35,CBE,BACHELOR,BELOW 450000,2013,0,72,90,A,F,D,F,SA,SA,F,SA,F,F,D,D,SA,A,A,SA,F,SA,SA
1087,TIGO,FEMALE,SINGLE,0 TO 2,18-35,CBE,BACHELOR,450000-1000000,2018,0,7,7,SA,SA,SD,D,F,SA,F,SA,SD,F,D,D,SA,SA,SA,SA,F,SA,SA
1088,TIGO,MALE,SINGLE,0 TO 2,18-35,CBE,BACHELOR,BELOW 450000,2021,0.25,32,9,SD,D,SD,SA,F,D,SA,D,A,F,A,SA,A,A,F,SA,F,SA,A
1089,AIRTEL,MALE,SINGLE,0 TO 2,18-35,CBE,BACHELOR,ABOVE 1000000,2019,0.92,24,24,A,A,A,F,F,F,F,D,D,D,D,D,A,A,A,F,F,D,D
1090,TIGO,FEMALE,SINGLE,0 TO 2,18-35,CBE,BACHELOR,BELOW 450000,2023,0,29,39,D,A,D,F,SA,F,A,A,F,A,SA,A,SA,SA,SA,SA,SA,SA,A
1091,HALOTEL,MALE,MARRIED,3 TO 4,18-35,CBE,BACHELOR,ABOVE 1000000,2020,0.95,48,12,D,D,D,D,D,D,D,D,D,D,D,D,D,D,D,D,D,D,D
1092,VODA,MALE,SINGLE,0 TO 2,18-35,CBE,BACHELOR,,2021,0,24,24,SA,SA,SA,A,A,A,F,A,SA,A,D,SA,SA,A,A,D,F,SA,SA
1093,VODA,FEMALE,MARRIED,3 TO 4,18-35,CBE,BACHELOR,BELOW 450000,2020,0.2,15,11,A,F,SA,SA,A,F,SA,A,SA,SA,SA,SA,A,A,A,A,A,A,A
1094,VODA,MALE,SINGLE,0 TO 2,18-35,CBE,BACHELOR,BELOW 450000,2017,0.5,52,39,F,D,SA,F,A,SD,A,A,F,A,F,A,F,A,D,SA,SA,SA,SA
1095,TIGO,FEMALE,SINGLE,0 TO 2,18-35,CBE,BACHELOR,,2008,0,5,3,F,A,SD,SA,F,A,,D,,A,,D,,A,,A,SA,D,F
1096,VODA,FEMALE,MARRIED,3 TO 4,18-35,CBE,BACHELOR,BELOW 450000,2020,0,6,5,F,A,SD,SA,F,A,,D,A,A,F,D,A,F,A,SA,SA,D,A
1097,HALOTEL,FEMALE,SINGLE,0 TO 2,18-35,CBE,BACHELOR,BELOW 450000,2023,0,28,18,SD,F,A,A,A,,D,A,SD,F,SD,F,F,F,F,F,D,F,F
1098,VODA,FEMALE,SINGLE,0 TO 2,18-35,CBE,BACHELOR,BELOW 450000,2020,0,15,9,D,D,SA,A,SA,SA,SD,A,SA,A,SD,SD,SA,SA,SA,SA,SA,SA,SA
1099,VODA,MALE,SINGLE,0 TO 2,18-35,CBE,BACHELOR,450000-1000000,2019,0,28,16,F,SD,SA,D,A,F,SA,A,A,A,D,,A,D,A,,D,SA,D
1100,AIRTEL,MALE,SINGLE,0 TO 2,18-35,CBE,BACHELOR,BELOW 450000,2019,0,13,9,A,SA,A,A,SA,F,F,SA,D,D,SA,SA,A,A,A,A,SA,SA,SA
1101,HALOTEL,FEMALE,SINGLE,0 TO 2,18-35,CBE,BACHELOR,450000-1000000,2019,0.5,90,73,F,F,F,SD,F,F,F,F,F,SD,SD,A,F,SD,SD,A,A,A,A
1102,HALOTEL,FEMALE,SINGLE,0 TO 2,18-35,CBE,BACHELOR,BELOW 450000,2022,0.5,12,12,SA,A,D,A,D,SA,A,SA,D,F,D,D,SA,A,A,SA,A,F,D
1103,TIGO,FEMALE,SINGLE,0 TO 2,18-35,CBE,BACHELOR,BELOW 450000,2020,0.32,21,42,D,D,SA,A,SA,SD,SD,A,SA,A,SD,SD,SA,A,SA,SA,SA,SA,SA
1104,VODA,MALE,SINGLE,0 TO 2,18-35,CBE,BACHELOR,BELOW 450000,2021,0.21,36,16,SA,SA,A,A,SA,,A,A,SA,SD,SD,SA,SA,A,SA,SA,F,SA,SA
1105,VODA,FEMALE,SINGLE,MORE THAN 4,18-35,CBE,BACHELOR,BELOW 450000,2019,0,8,,A,D,SD,F,D,F,SA,F,SD,F,,SA,SD,SA,SA,D,A,D,SA
1106,AIRTEL,FEMALE,MARRIED,0 TO 2,18-35,CBE,BACHELOR,BELOW 450000,2010,0.4,24,24,A,A,F,A,A,D,SA,SA,SA,SD,A,SA,A,A,A,A,A,SA,SA
1107,VODA,MALE,SINGLE,0 TO 2,18-35,CBE,BACHELOR,BELOW 450000,2022,0.85,27,14,SA,D,F,SA,SA,D,A,F,,A,A,A,F,A,SD,SD,F,D,D
1108,HALOTEL,MALE,SINGLE,0 TO 2,18-35,CBE,BACHELOR,BELOW 450000,2018,0.5,9,11,D,A,A,D,F,A,A,F,D,D,A,F,F,F,A,F,F,D,F
1109,HALOTEL,FEMALE,SINGLE,0 TO 2,18-35,CBE,BACHELOR,BELOW 450000,2022,0.22,9,11,D,A,A,SD,A,SD,F,SD,A,D,A,D,A,D,D,A,D,A,D
1110,AIRTEL,FEMALE,SINGLE,0 TO 2,18-35,CBE,BACHELOR,BELOW 450000,2022,0.47,15,15,F,SD,SA,D,A,D,D,F,SA,A,A,A,D,A,D,A,D,SA,D
1111,TIGO,FEMALE,SINGLE,0 TO 2,18-35,CBE,BACHELOR,BELOW 450000,2014,0,6,6,SA,A,F,SD,F,SA,SD,D,A,D,A,A,SA,D,SD,SD,A,A,SD
1112,VODA,FEMALE,SINGLE,3 TO 4,18-35,CBE,BACHELOR,BELOW 450000,2012,0,6,6,SA,F,SD,F,SA,,A,,SD,SA,,A,A,A,A,D,,SA,SA
1113,TIGO,FEMALE,SINGLE,3 TO 4,18-35,CBE,BACHELOR,BELOW 450000,2012,0,6,6,SA,F,SD,F,F,SD,D,SD,D,SD,SD,A,D,SD,A,SD,SA,SD,SA
1114,VODA,MALE,SINGLE,0 TO 2,18-35,CBE,BACHELOR,450000-1000000,2022,0.5,24,42,D,SD,,SD,SA,F,F,F,SA,A,SD,SD,F,A,SD,SA,A,SA,F
1115,TIGO,FEMALE,SINGLE,0 TO 2,18-35,CBE,BACHELOR,450000-1000000,2019,0.6,11,11,D,A,SA,SD,D,SA,D,SD,A,A,SA,SD,A,D,F,SA,SD,A,SA
1116,AIRTEL,FEMALE,SINGLE,0 TO 2,18-35,CBE,BACHELOR,BELOW 450000,2018,0.5,7,9,D,D,SD,F,SD,,F,SD,,D,SD,,D,D,D,D,D,D,D
1117,HALOTEL,MALE,SINGLE,0 TO 2,18-35,CBE,BACHELOR,ABOVE 1000000,2016,0.35,17,23,SD,D,A,SA,SD,SD,D,D,SA,F,,F,SA,F,A,SD,F,F,F
1118,HALOTEL,MALE,SINGLE,0 TO 2,18-35,CBE,BACHELOR,450000-1000000,2015,0.27,54,85,A,A,A,SD,A,A,A,A,A,A,SD,A,D,SD,A,A,A,A,A
1119,TIGO,MALE,SINGLE,MORE THAN 4,18-35,CBE,BACHELOR,BELOW 450000,2018,0.31,16,6,F,F,A,F,SA,A,A,A,A,D,D,SD,D,A,A,SA,F,SA,A
1120,VODA,MALE,SINGLE,0 TO 2,18-35,CBE,BACHELOR,BELOW 450000,2022,0.5,16,13,F,D,SD,F,D,SD,F,F,D,A,F,A,SA,SD,D,F,F,A,A
1121,VODA,MALE,SINGLE,MORE THAN 4,18-35,CBE,BACHELOR,450000-1000000,2015,0.31,18,24,F,A,F,F,A,F,F,A,D,F,F,D,A,F,F,F,F,A,F
1122,VODA,FEMALE,SINGLE,0 TO 2,18-35,UDOM,BACHELOR,BELOW 450000,2021,0.99,15,19,D,D,F,SA,SA,SD,A,A,A,A,F,SD,F,F,A,A,SA,SA,SA
1123,TIGO,MALE,SINGLE,0 TO 2,18-35,UDOM,BACHELOR,BELOW 450000,2015,1,12,8,D,D,F,SA,A,F,D,SD,A,F,A,F,A,F,F,F,F,F,D
1124,VODA,FEMALE,SINGLE,0 TO 2,18-35,UDOM,BACHELOR,BELOW 450000,2020,0,9,6,D,A,SA,SA,D,F,D,F,SA,A,D,SA,F,SA,F,SA,F,A,A
1125,VODA,MALE,SINGLE,0 TO 2,18-35,UDOM,BACHELOR,BELOW 450000,2022,1,12,12,D,D,D,F,F,D,D,F,F,F,D,F,F,A,F,SA,F,A,F
1126,AIRTEL,MALE,SINGLE,0 TO 2,18-35,UDOM,BACHELOR,BELOW 450000,2021,1,13,11,F,A,A,F,A,F,F,A,A,A,D,F,A,A,A,SA,F,SA,SA
1127,HALOTEL,MALE,SINGLE,0 TO 2,18-35,UDOM,BACHELOR,BELOW 450000,2012,1,16,17,F,SD,A,SD,F,,,SD,D,SA,D,SA,F,SD,A,SD,SA,SA,F
1128,VODA,FEMALE,MARRIED,MORE THAN 4,18-35,UDOM,BACHELOR,BELOW 450000,2013,,6,6,A,SD,A,SA,F,D,SD,SD,SD,SD,SA,SA,SD,F,SD,SA,SD,F,F
1129,VODA,FEMALE,SINGLE,0 TO 2,18-35,UDOM,BACHELOR,450000-1000000,2023,0.8,6,18,A,A,A,SA,SD,D,D,SA,SD,SD,D,SA,SA,SA,SA,SA,SA,SA,SA
1130,VODA,FEMALE,SINGLE,0 TO 2,18-35,UDOM,BACHELOR,BELOW 450000,2022,0,10,8,F,D,F,F,A,SD,F,F,A,A,A,A,F,A,A,A,D,F,D
1131,VODA,MALE,SINGLE,0 TO 2,18-35,UDOM,BACHELOR,BELOW 450000,2022,0,12,12,D,D,F,A,F,A,A,F,D,F,A,D,F,F,A,,F,A,A
1132,VODA,MALE,SINGLE,MORE THAN 4,18-35,UDOM,BACHELOR,BELOW 450000,2018,0,6,6,A,D,A,A,SA,A,A,A,A,A,F,D,SA,SA,SA,SA,SA,SA,A
1133,HALOTEL,MALE,SINGLE,MORE THAN 4,18-35,UDOM,BACHELOR,BELOW 450000,2023,0.5,47,21,SD,SD,F,D,SD,D,SD,F,SA,F,SA,A,F,F,D,SA,F,F,SD
1134,AIRTEL,MALE,SINGLE,0 TO 2,18-35,UDOM,BACHELOR,BELOW 450000,2022,0.5,9,8,,D,,A,SA,D,A,SA,SA,SD,D,SD,F,D,A,A,SA,D,A
1135,TIGO,MALE,SINGLE,0 TO 2,18-35,UDOM,BACHELOR,BELOW 450000,2022,0,7,6,D,SD,SD,,F,D,F,F,F,A,A,A,A,A,SA,SA,F,D,F
1136,VODA,MALE,SINGLE,0 TO 2,18-35,UDOM,BACHELOR,BELOW 450000,2020,0,34,55,SD,A,SD,A,A,SD,SA,A,A,A,D,A,A,A,D,A,D,A,A
1137,HALOTEL,MALE,SINGLE,3 TO 4,18-35,UDOM,BACHELOR,BELOW 450000,2022,0.8,33,42,F,A,D,F,F,F,F,D,F,D,F,A,F,A,SA,SA,SA,D,SD
1138,TIGO,MALE,SINGLE,0 TO 2,18-35,UDOM,BACHELOR,BELOW 450000,2021,0.5,12,12,A,F,A,A,A,A,A,A,A,F,A,A,A,A,SA,SA,SA,SA,SA
1139,TIGO,MALE,SINGLE,0 TO 2,18-35,UDOM,BACHELOR,BELOW 450000,2022,0,27,20,A,D,SD,F,F,D,F,A,F,D,A,A,A,F,F,A,SA,SA,A
1140,AIRTEL,MALE,SINGLE,0 TO 2,18-35,UDOM,BACHELOR,BELOW 450000,2022,1,21,22,D,D,A,D,A,A,F,F,F,A,D,D,A,F,F,SA,A,A,A
1141,VODA,MALE,SINGLE,0 TO 2,18-35,UDOM,BACHELOR,BELOW 450000,2022,1,119,102,D,F,D,F,A,F,A,A,A,D,F,F,F,F,F,D,F,D,D
1142,HALOTEL,MALE,SINGLE,MORE THAN 4,18-35,UDOM,BACHELOR,BELOW 450000,2023,1,98,5,SA,A,SA,F,SA,,SD,SD,SA,F,SD,F,F,F,SA,SD,SD,SD,SD
1143,TIGO,MALE,SINGLE,0 TO 2,18-35,UDOM,BACHELOR,BELOW 450000,2023,1,7,4,A,SA,F,D,SA,SD,SA,D,F,F,SA,D,A,SA,SD,SA,A,F,A
1144,AIRTEL,MALE,SINGLE,MORE THAN 4,18-35,UDOM,BACHELOR,BELOW 450000,2019,1,7,3,D,F,A,A,F,SD,D,F,SA,SA,SA,A,F,F,A,SA,D,D,SD
1145,AIRTEL,FEMALE,SINGLE,0 TO 2,18-35,UDOM,BACHELOR,BELOW 450000,2020,0.5,39,39,SD,D,A,A,A,A,A,A,A,A,A,A,A,A,A,A,A,A,A
1146,VODA,MALE,SINGLE,MORE THAN 4,18-35,UDOM,BACHELOR,BELOW 450000,2019,1,21,21,D,SD,SD,F,SA,SD,SD,SA,SD,D,SD,F,SD,SA,SD,F,SD,SD,D
1147,TIGO,MALE,SINGLE,0 TO 2,18-35,UDOM,BACHELOR,BELOW 450000,2022,1,48,52,A,D,SD,SD,SD,SA,SA,SA,A,SA,F,F,F,D,F,D,F,D,A
1148,AIRTEL,MALE,SINGLE,MORE THAN 4,18-35,UDOM,BACHELOR,BELOW 450000,2015,0.5,33,29,A,F,A,D,SA,D,SA,SA,A,F,F,D,A,A,A,SA,SA,SA,SA
1149,AIRTEL,MALE,SINGLE,0 TO 2,18-35,UDOM,BACHELOR,BELOW 450000,2022,1,21,12,F,F,D,A,SA,,A,F,D,F,A,F,F,A,A,D,SA,A,SA
1150,TIGO,MALE,MARRIED,0 TO 2,18-35,UDOM,BACHELOR,450000-1000000,2019,1,15,15,F,A,D,D,A,D,A,D,A,D,A,SA,F,F,F,SA,F,A,A
1151,VODA,MALE,SINGLE,0 TO 2,18-35,UDOM,BACHELOR,BELOW 450000,2019,1,70,33,D,D,F,F,SA,SA,SA,SA,A,A,D,D,A,A,A,A,A,SA,SA
1152,AIRTEL,FEMALE,SINGLE,0 TO 2,18-35,UDOM,BACHELOR,450000-1000000,2020,0.6,14,18,A,A,A,D,A,D,A,A,D,A,D,D,A,A,A,A,A,A,A
1153,VODA,MALE,SINGLE,0 TO 2,18-35,UDOM,BACHELOR,BELOW 450000,2022,1,11,13,A,F,A,D,SA,A,F,SA,F,F,D,F,A,SA,SA,SA,SA,SA,SA
1154,VODA,MALE,SINGLE,0 TO 2,18-35,UDOM,BACHELOR,BELOW 450000,2023,0.5,15,10,SD,D,SD,F,F,D,SD,A,F,F,A,A,A,A,A,A,F,F,A
1155,HALOTEL,MALE,SINGLE,0 TO 2,18-35,UDOM,BACHELOR,BELOW 450000,2022,1,26,21,F,F,A,D,A,SD,A,D,D,A,A,F,A,A,F,SA,A,A,A
1156,VODA,FEMALE,MARRIED,0 TO 2,18-35,UDOM,BACHELOR,BELOW 450000,2017,0,14,15,D,D,SA,SD,SA,A,F,A,F,D,SD,D,F,A,F,SA,SA,SA,SA
1157,AIRTEL,MALE,SINGLE,0 TO 2,18-35,UDOM,BACHELOR,ABOVE 1000000,2020,1,24,30,SD,SD,D,A,A,SA,A,SD,A,F,SA,F,D,A,SA,A,SA,A,SA
1158,AIRTEL,MALE,SINGLE,0 TO 2,18-35,UDOM,BACHELOR,BELOW 450000,2020,0.99,15,15,D,A,F,D,A,D,A,A,F,A,D,A,F,A,A,SA,A,A,A
1159,VODA,FEMALE,SINGLE,0 TO 2,18-35,UDOM,BACHELOR,BELOW 450000,2022,0.99,19,17,D,F,F,D,A,D,A,A,F,A,D,A,F,A,A,F,A,A,A
1160,VODA,FEMALE,SINGLE,0 TO 2,18-35,UDOM,BACHELOR,BELOW 450000,2022,1,16,12,F,F,A,A,A,F,F,A,A,A,SA,F,F,A,SA,A,A,SA,A
1161,VODA,MALE,SINGLE,0 TO 2,18-35,UDOM,BACHELOR,450000-1000000,2020,0.3,12,12,F,F,SA,SD,SA,A,SA,SA,F,D,SD,F,A,SA,F,SA,SA,SA,SA
1162,VODA,FEMALE,SINGLE,0 TO 2,18-35,UDOM,BACHELOR,BELOW 450000,2020,1,12,12,A,SD,SD,A,SD,,A,A,A,SD,A,A,A,SD,A,A,SD,SD,A
1163,TIGO,MALE,SINGLE,0 TO 2,18-35,UDOM,BACHELOR,BELOW 450000,2015,0.99,12,24,SD,D,A,A,A,SD,F,F,F,D,F,SA,A,F,F,F,D,F,D
1164,VODA,MALE,SINGLE,0 TO 2,18-35,UDOM,BACHELOR,BELOW 450000,2019,0,3,6,F,SD,D,A,SA,F,A,A,A,F,A,F,A,A,A,SA,A,SA,SA
1165,AIRTEL,MALE,SINGLE,0 TO 2,18-35,UDOM,BACHELOR,BELOW 450000,2022,1,93,105,D,SA,F,SA,SA,SD,SD,F,F,A,A,SA,A,F,F,D,F,A,D
1166,TIGO,MALE,SINGLE,MORE THAN 4,18-35,UDOM,BACHELOR,450000-1000000,2019,1,18,15,D,F,A,D,A,D,D,SA,A,A,A,D,A,SA,SA,SA,A,A,A
1167,VODA,MALE,SINGLE,0 TO 2,18-35,UDOM,BACHELOR,BELOW 450000,2022,1,36,42,F,F,F,A,SA,A,A,F,F,A,D,SD,F,A,F,A,A,SA,SA
1168,TIGO,MALE,SINGLE,0 TO 2,18-35,UDOM,BACHELOR,BELOW 450000,2022,0.99,10,24,D,SD,A,SA,F,F,D,A,F,F,A,SA,F,A,F,A,F,F,D
1169,VODA,MALE,SINGLE,0 TO 2,18-35,UDOM,BACHELOR,BELOW 450000,2023,0.8,47,72,SA,D,A,A,A,D,A,D,A,A,A,A,A,D,SA,A,A,A,A
1170,VODA,MALE,SINGLE,0 TO 2,18-35,UDOM,BACHELOR,BELOW 450000,2023,,47,72,A,D,SA,A,A,A,SA,A,D,SA,A,D,A,SA,D,F,SA,A,F
1171,AIRTEL,MALE,SINGLE,0 TO 2,18-35,UDOM,BACHELOR,BELOW 450000,2022,1,20,21,F,A,A,A,F,D,A,A,A,F,F,F,F,A,F,F,F,F,F
1172,AIRTEL,MALE,SINGLE,0 TO 2,18-35,UDOM,BACHELOR,450000-1000000,2021,1,27,24,F,SA,A,SD,A,SD,F,A,A,F,SA,SD,SD,SA,F,SA,SD,A,SA
1173,TIGO,MALE,SINGLE,0 TO 2,18-35,UDOM,BACHELOR,BELOW 450000,2022,1,35,12,SD,F,F,F,,SD,A,A,A,A,F,F,D,A,A,SA,SA,D,D
1174,VODA,MALE,SINGLE,0 TO 2,18-35,UDOM,BACHELOR,BELOW 450000,2018,1,19,13,A,F,D,A,SA,F,A,A,SA,F,A,A,SA,A,A,SA,A,SA,SD
1175,VODA,MALE,MARRIED,0 TO 2,18-35,UDOM,BACHELOR,BELOW 450000,2008,0,31,24,D,F,SD,F,A,F,F,F,D,F,D,A,A,A,A,A,D,F,D
1176,TIGO,MALE,SINGLE,0 TO 2,18-35,UDOM,BACHELOR,BELOW 450000,2021,1,2,6,F,SD,SA,F,A,SD,F,A,A,F,SA,SA,SA,A,F,SA,F,SA,F
1177,AIRTEL,MALE,MARRIED,0 TO 2,18-35,UDOM,BACHELOR,450000-1000000,2018,0,66,68,SD,F,SA,F,SA,SA,F,F,SA,SD,SD,D,A,F,SA,SA,SA,SA,SA
1178,VODA,MALE,SINGLE,0 TO 2,18-35,UDOM,BACHELOR,BELOW 450000,,0,15,3,F,A,A,F,SA,F,A,SA,F,F,D,SD,A,A,SA,SA,SA,SA,SA
1179,VODA,MALE,SINGLE,3 TO 4,18-35,UDOM,BACHELOR,BELOW 450000,2019,0,10,6,SA,A,SA,SA,SA,SD,SA,SA,SD,A,SA,A,SA,SA,SA,SA,A,A,A
1180,AIRTEL,MALE,SINGLE,0 TO 2,18-35,UDOM,BACHELOR,BELOW 450000,2022,1,14,19,D,F,A,D,A,D,SD,F,A,F,A,D,F,D,F,A,D,SD,A
1181,AIRTEL,MALE,SINGLE,0 TO 2,18-35,UDOM,BACHELOR,BELOW 450000,2016,1,93,93,SD,SD,SA,F,D,SD,F,SA,SA,SD,F,SA,F,SA,SA,SA,F,F,SA
1182,VODA,MALE,SINGLE,0 TO 2,18-35,UDOM,BACHELOR,BELOW 450000,2022,1,8,9,D,A,A,A,A,SD,A,F,D,F,A,A,A,A,A,A,A,A,A
1183,VODA,MALE,SINGLE,0 TO 2,18-35,UDOM,BACHELOR,BELOW 450000,2022,0,9,10,D,D,SA,A,A,A,SA,A,SA,F,F,A,F,A,SA,F,A,SA,D
1184,VODA,FEMALE,SINGLE,0 TO 2,18-35,UDOM,BACHELOR,BELOW 450000,2019,1,17,20,D,D,F,SA,SA,F,D,D,SD,F,A,A,D,A,A,A,A,A,SD
1185,VODA,FEMALE,SINGLE,0 TO 2,18-35,UDOM,BACHELOR,BELOW 450000,2012,1,19,12,SD,SD,SD,SD,F,F,F,F,F,A,A,F,F,F,F,F,F,A,F
1186,AIRTEL,FEMALE,SINGLE,0 TO 2,18-35,UDOM,BACHELOR,450000-1000000,2022,1,17,16,D,D,F,D,A,F,D,F,F,F,D,F,F,A,F,A,A,D,SA
1187,AIRTEL,MALE,SINGLE,0 TO 2,18-35,UDOM,BACHELOR,450000-1000000,2023,1,30,72,F,F,A,F,SA,D,SA,F,D,F,SD,F,F,A,SA,F,SA,SA,SA
1188,AIRTEL,MALE,SINGLE,0 TO 2,18-35,UDOM,BACHELOR,BELOW 450000,2021,1,13,15,A,F,D,F,F,SD,D,D,F,F,F,D,F,A,F,D,,SD,F
1189,VODA,MALE,SINGLE,0 TO 2,18-35,UDOM,BACHELOR,BELOW 450000,2017,0.5,10,19,A,SA,SD,D,A,D,A,A,A,D,D,A,A,A,A,A,A,A,A
1190,VODA,MALE,SINGLE,0 TO 2,18-35,UDOM,BACHELOR,450000-1000000,2022,1,55,50,D,A,A,A,A,D,D,A,D,F,,D,F,SA,F,F,SA,D,D
1191,HALOTEL,MALE,SINGLE,0 TO 2,18-35,UDOM,BACHELOR,BELOW 450000,2022,0,15,15,F,A,F,SD,F,F,F,F,F,F,F,D,F,A,F,SA,F,F,SA
1192,AIRTEL,MALE,SINGLE,0 TO 2,18-35,UDOM,BACHELOR,BELOW 450000,2022,1,65,17,D,A,A,A,A,SD,F,SA,SA,SA,SA,F,D,D,A,A,A,F,F
1193,VODA,FEMALE,SINGLE,0 TO 2,18-35,UDOM,BACHELOR,BELOW 450000,2023,0.51,3,4,F,F,A,F,A,F,F,F,F,D,D,A,A,A,F,F,SA,SA,A
1194,VODA,MALE,MARRIED,0 TO 2,18-35,UDOM,BACHELOR,450000-1000000,2010,0,8,8,A,A,F,A,A,SA,A,A,F,D,D,SD,F,D,F,D,F,A,A
1195,HALOTEL,FEMALE,SINGLE,0 TO 2,18-35,UDOM,BACHELOR,450000-1000000,2023,0.5,102,102,D,D,D,F,D,D,SD,D,A,SD,F,A,A,A,D,A,A,A,A
1196,VODA,FEMALE,SINGLE,0 TO 2,18-35,UDOM,BACHELOR,BELOW 450000,2007,0,30,24,A,A,D,F,A,D,A,D,D,F,D,A,F,A,F,SA,A,A,F
1197,TIGO,FEMALE,SINGLE,0 TO 2,18-35,UDOM,BACHELOR,BELOW 450000,2022,0,14,14,F,D,SD,F,F,F,F,A,SA,D,F,SA,A,SA,SA,SA,A,A,A
1198,HALOTEL,FEMALE,SINGLE,0 TO 2,18-35,UDOM,BACHELOR,BELOW 450000,2016,0,17,17,A,A,SA,SA,F,F,SD,SD,D,D,A,D,D,SD,SD,SD,SD,D,F
1199,AIRTEL,FEMALE,SINGLE,0 TO 2,18-35,UDOM,BACHELOR,BELOW 450000,2022,1,132,132,F,F,A,A,F,D,F,A,A,F,A,D,A,F,F,D,F,F,SA
1200,TIGO,MALE,SINGLE,0 TO 2,18-35,UDOM,BACHELOR,450000-1000000,2009,0,12,12,SD,SD,A,F,SA,SD,F,A,A,SD,D,A,A,D,SA,SA,SA,SA,F
1201,VODA,MALE,SINGLE,0 TO 2,18-35,UDOM,BACHELOR,BELOW 450000,2019,1,24,24,F,F,F,A,A,F,F,F,A,F,F,A,F,A,F,F,F,F,A
1202,HALOTEL,FEMALE,SINGLE,0 TO 2,18-35,UDOM,BACHELOR,BELOW 450000,2016,0,12,9,D,D,A,SA,D,SD,F,D,SD,A,A,A,A,A,A,SA,A,SA,SA
1203,VODA,FEMALE,SINGLE,0 TO 2,18-35,UDOM,BACHELOR,BELOW 450000,2019,1,8,8,D,F,D,F,A,A,F,F,F,D,F,A,D,SA,A,A,A,F,F
1204,AIRTEL,FEMALE,SINGLE,0 TO 2,18-35,UDOM,BACHELOR,450000-1000000,2019,1,15,15,D,F,A,F,D,SD,SD,A,A,D,A,A,F,A,A,SA,F,F,F
1205,HALOTEL,FEMALE,SINGLE,0 TO 2,18-35,UDOM,BACHELOR,BELOW 450000,2020,0,22,21,A,A,D,A,F,D,D,D,A,D,A,A,D,D,D,D,D,D,D
1206,VODA,FEMALE,SINGLE,0 TO 2,18-35,UDOM,BACHELOR,BELOW 450000,2019,1,26,17,A,A,D,A,D,A,A,F,A,F,A,A,F,D,D,A,D,A,D
1207,TIGO,FEMALE,SINGLE,0 TO 2,18-35,UDOM,BACHELOR,BELOW 450000,2022,0.8,10,11,SD,SD,SD,F,A,F,A,A,D,D,F,A,F,A,A,A,A,A,SA
1208,VODA,MALE,SINGLE,0 TO 2,18-35,UDOM,BACHELOR,BELOW 450000,2022,1,13,16,F,F,D,SA,SA,A,SA,SA,A,F,A,F,A,SA,SA,SA,D,F,SD
1209,HALOTEL,FEMALE,MARRIED,0 TO 2,18-35,UDOM,BACHELOR,BELOW 450000,2019,1,16,12,F,A,F,F,A,SD,D,SD,SD,D,F,D,D,A,SA,SA,F,A,F
1210,HALOTEL,FEMALE,SINGLE,0 TO 2,18-35,UDOM,BACHELOR,BELOW 450000,2021,0,6,8,A,A,A,A,F,A,A,A,A,A,A,A,A,A,A,A,A,F,A
1211,AIRTEL,FEMALE,SINGLE,0 TO 2,18-35,UDOM,BACHELOR,BELOW 450000,2022,,15,15,A,A,F,A,A,D,D,A,A,A,A,A,A,A,A,A,A,A,A
1212,VODA,FEMALE,SINGLE,0 TO 2,18-35,UDOM,BACHELOR,450000-1000000,2020,0.5,14,9,F,F,A,A,A,F,SA,A,SD,F,F,A,A,SA,SA,SA,F,A,A
1213,VODA,FEMALE,SINGLE,0 TO 2,18-35,UDOM,BACHELOR,BELOW 450000,2021,0,12,12,D,A,F,D,A,D,A,SD,A,D,A,A,D,,A,,A,A,A
1214,AIRTEL,FEMALE,SINGLE,0 TO 2,18-35,UDOM,BACHELOR,BELOW 450000,2019,0,6,12,D,A,A,D,A,D,D,D,A,A,A,D,D,A,A,A,A,A,A
1215,VODA,MALE,SINGLE,0 TO 2,18-35,UDOM,BACHELOR,BELOW 450000,2018,1,14,15,F,F,D,A,A,F,F,A,F,F,F,D,A,A,F,SA,SA,SA,A
1216,VODA,FEMALE,SINGLE,0 TO 2,18-35,UDOM,BACHELOR,BELOW 450000,2022,1,19,17,A,SA,SA,SA,SA,SA,SA,SA,F,A,SD,F,SA,SA,SA,SA,A,SA,SA
1217,VODA,FEMALE,SINGLE,0 TO 2,18-35,UDOM,BACHELOR,BELOW 450000,2020,0.99,14,15,F,F,D,SA,SA,A,SA,SA,A,F,A,F,A,SA,SA,SA,D,F,SD
1218,VODA,FEMALE,SINGLE,0 TO 2,18-35,UDOM,BACHELOR,BELOW 450000,2022,0.5,27,24,F,A,SA,SA,A,SD,F,SD,SA,F,SA,D,SA,F,SA,A,F,A,F
1219,VODA,FEMALE,SINGLE,0 TO 2,18-35,UDOM,BACHELOR,450000-1000000,2022,0.99,12,13,D,F,F,F,SA,D,A,D,D,F,F,D,D,F,D,A,F,F,F
1220,HALOTEL,FEMALE,MARRIED,3 TO 4,18-35,UDOM,BACHELOR,450000-1000000,2022,0,6,6,F,F,F,F,SA,F,F,A,A,F,SD,F,F,F,F,F,A,A,A
1221,AIRTEL,MALE,SINGLE,0 TO 2,18-35,UDOM,BACHELOR,BELOW 450000,2019,1,19,22,A,F,F,F,A,A,F,A,SD,F,F,,A,A,A,F,F,A,SA
1222,AIRTEL,MALE,SINGLE,0 TO 2,18-35,UDOM,BACHELOR,BELOW 450000,2015,1,15,13,SD,D,F,F,SA,SD,SA,,D,D,SD,SD,SA,SA,SA,SA,SA,SA,SA
1223,HALOTEL,MALE,SINGLE,0 TO 2,18-35,UDOM,BACHELOR,BELOW 450000,2019,1,62,53,D,A,SD,D,D,D,A,F,SD,D,D,D,A,A,SA,A,D,D,D
1224,TIGO,MALE,SINGLE,0 TO 2,18-35,UDOM,BACHELOR,BELOW 450000,2022,1,16,11,SD,SD,SA,F,A,F,A,A,A,F,D,F,A,A,A,SA,A,A,A
1225,VODA,MALE,SINGLE,0 TO 2,18-35,UDOM,BACHELOR,BELOW 450000,2006,0,6,6,F,F,D,SA,SA,F,F,F,SA,F,F,F,F,F,F,F,SD,F,F
1226,HALOTEL,MALE,SINGLE,0 TO 2,18-35,UDOM,BACHELOR,BELOW 450000,2017,0.9,6,6,SD,SD,D,SA,F,A,F,D,A,F,F,SA,F,D,F,D,D,SA,SA
1227,VODA,MALE,SINGLE,0 TO 2,18-35,UDOM,BACHELOR,BELOW 450000,2019,1,8,8,SD,SD,F,A,SA,SD,F,F,F,F,F,A,A,SA,SA,SA,F,F,F
1228,AIRTEL,MALE,SINGLE,0 TO 2,18-35,UDOM,BACHELOR,BELOW 450000,2020,0.99,13,19,A,A,D,D,F,A,F,D,D,D,A,F,F,F,F,F,F,F,F
1229,VODA,MALE,SINGLE,0 TO 2,18-35,UDOM,BACHELOR,BELOW 450000,,1,12,16,F,A,F,F,D,SD,A,D,A,D,F,SD,F,,SD,A,F,F,D
1230,VODA,MALE,SINGLE,0 TO 2,18-35,UDOM,BACHELOR,BELOW 450000,2023,1,34,37,SD,D,D,SD,A,A,SA,A,D,A,D,D,A,F,F,SA,SA,A,A
1231,VODA,MALE,SINGLE,0 TO 2,18-35,UDOM,BACHELOR,BELOW 450000,2022,0.8,50,40,F,F,F,A,A,A,A,F,A,D,F,A,F,F,F,A,A,A,A
1232,HALOTEL,MALE,SINGLE,0 TO 2,18-35,UDOM,BACHELOR,BELOW 450000,2022,0,79,85,SA,A,A,SD,A,SD,SA,SA,SD,SD,SD,SD,A,SA,A,A,SA,SA,SA
1233,TIGO,MALE,SINGLE,0 TO 2,18-35,UDOM,BACHELOR,BELOW 450000,2020,1,16,15,F,F,SD,A,A,SD,SA,A,SD,D,SA,D,A,D,D,D,SA,A,SA
1234,HALOTEL,MALE,SINGLE,MORE THAN 4,18-35,UDOM,BACHELOR,BELOW 450000,2021,1,2,12,SD,A,D,SA,SD,A,SD,SD,SA,SD,A,SD,A,A,SD,SA,A,SD,D
1235,VODA,MALE,SINGLE,0 TO 2,18-35,UDOM,BACHELOR,BELOW 450000,2022,1,12,11,A,SD,D,SA,SA,A,SA,SA,A,A,A,SA,A,A,A,A,A,SA,SD
1236,AIRTEL,FEMALE,SINGLE,0 TO 2,18-35,UDOM,BACHELOR,BELOW 450000,2022,1,8,9,SD,SD,A,D,A,D,F,D,F,F,A,A,A,A,F,F,F,F,A
1237,AIRTEL,MALE,SINGLE,0 TO 2,18-35,UDOM,BACHELOR,BELOW 450000,2022,1,14,16,A,A,A,A,A,A,A,A,A,A,A,A,A,SA,A,SA,A,A,SA
1238,TIGO,MALE,SINGLE,MORE THAN 4,18-35,UDOM,BACHELOR,BELOW 450000,2022,1,9,6,F,F,F,F,F,D,SD,A,A,A,F,D,D,A,F,F,A,A,A
1239,VODA,FEMALE,SINGLE,0 TO 2,18-35,UDOM,BACHELOR,BELOW 450000,2022,1,15,15,D,F,D,A,SA,D,A,A,SA,F,D,D,D,A,,A,SA,SA,SA
1240,VODA,MALE,SINGLE,0 TO 2,18-35,UDOM,BACHELOR,BELOW 450000,2021,1,13,16,A,A,F,SA,SA,A,A,SA,F,A,A,A,SA,SA,A,SA,F,A,F
1241,VODA,MALE,SINGLE,MORE THAN 4,18-35,UDOM,BACHELOR,BELOW 450000,2022,1,12,12,SD,A,SA,SD,SA,SD,SA,SA,SA,SA,D,F,SA,SA,SA,SA,SA,A,A
1242,HALOTEL,MALE,SINGLE,0 TO 2,18-35,UDOM,BACHELOR,BELOW 450000,2023,1,15,15,D,A,F,D,F,F,D,F,A,A,D,D,D,A,F,SA,F,A,A
1243,HALOTEL,FEMALE,SINGLE,0 TO 2,18-35,UDOM,BACHELOR,BELOW 450000,2018,0.33,90,180,SA,A,F,A,SA,F,F,SA,A,A,A,SA,F,A,SA,SA,A,SA,SA
1244,HALOTEL,FEMALE,SINGLE,0 TO 2,18-35,UDOM,BACHELOR,BELOW 450000,2017,0.85,3,3,SD,D,A,A,F,SD,SD,F,SD,F,F,F,F,A,F,F,A,F,F
1245,VODA,MALE,SINGLE,0 TO 2,18-35,UDOM,BACHELOR,BELOW 450000,2020,1,33,29,SA,SA,SD,A,SA,F,F,F,SA,F,SA,F,F,F,F,F,F,SA,SA
1246,TIGO,MALE,SINGLE,0 TO 2,18-35,UDOM,BACHELOR,BELOW 450000,2022,0.99,18,180,D,D,D,F,A,D,SA,A,F,D,D,D,A,F,F,F,A,A,A
1247,VODA,MALE,SINGLE,0 TO 2,18-35,UDOM,BACHELOR,BELOW 450000,2022,1,6,3,D,D,D,D,D,F,F,D,D,F,F,F,F,F,F,F,F,A,A
1248,AIRTEL,MALE,SINGLE,0 TO 2,18-35,UDOM,BACHELOR,BELOW 450000,2022,1,12,6,D,SA,F,D,,SD,D,A,D,F,D,SD,D,F,SA,SA,F,A,SA
1249,TIGO,MALE,MARRIED,3 TO 4,18-35,UDOM,BACHELOR,BELOW 450000,2008,0,12,6,D,D,A,D,SA,A,D,A,SA,D,SA,SA,A,A,A,SA,SD,SD,SD
1250,VODA,MALE,SINGLE,0 TO 2,18-35,UDOM,BACHELOR,BELOW 450000,2021,1,15,20,A,F,A,SA,A,F,A,A,D,D,D,D,F,A,A,SA,D,A,A
1251,VODA,MALE,SINGLE,0 TO 2,18-35,UDOM,BACHELOR,BELOW 450000,2020,0.5,7,8,A,A,A,A,SA,A,A,A,SA,A,A,A,SA,A,A,A,SA,A,SA
1252,HALOTEL,FEMALE,SINGLE,0 TO 2,18-35,UDOM,BACHELOR,BELOW 450000,2022,1,20,31,A,D,A,SD,A,SA,A,SD,SD,SD,A,A,SA,SA,A,SA,SA,A,SA
1253,VODA,FEMALE,SINGLE,0 TO 2,18-35,UDOM,BACHELOR,BELOW 450000,2022,0.5,24,15,F,A,D,A,SA,SA,SA,SA,F,D,D,A,A,A,F,A,SA,SA,SA
1254,TIGO,MALE,SINGLE,0 TO 2,18-35,UDOM,BACHELOR,BELOW 450000,2017,1,9,9,F,D,SD,F,SA,,A,F,F,F,D,A,SA,SD,F,SA,F,SA,F
1255,TIGO,FEMALE,SINGLE,0 TO 2,18-35,UDOM,BACHELOR,BELOW 450000,2020,1,129,45,SA,SD,SA,SD,F,SD,F,A,F,D,SD,D,F,A,F,A,SA,SA,SA
1256,VODA,FEMALE,SINGLE,0 TO 2,18-35,UDOM,BACHELOR,BELOW 450000,2022,1,27,27,F,F,SA,SA,A,SD,F,SD,SA,F,A,D,A,F,F,SA,SA,SA,SA
1257,VODA,MALE,SINGLE,0 TO 2,18-35,UDOM,BACHELOR,BELOW 450000,2022,1,9,6,SD,D,F,F,A,D,A,F,F,D,F,D,F,F,F,A,A,A,A
1258,VODA,FEMALE,SINGLE,0 TO 2,18-35,UDOM,BACHELOR,BELOW 450000,2018,0,43,5,D,SA,SA,F,SA,SA,A,SD,SA,F,F,D,F,D,F,F,F,SA,SA
1259,TIGO,MALE,SINGLE,3 TO 4,18-35,UDOM,BACHELOR,450000-1000000,2022,1,16,18,A,A,D,D,F,SD,F,F,F,F,F,F,D,F,F,F,F,F,F
1260,TIGO,FEMALE,SINGLE,0 TO 2,18-35,UDOM,BACHELOR,BELOW 450000,2023,0,30,12,SD,SD,SD,D,A,SD,SD,SD,A,A,D,SA,A,A,SA,SA,,A,D
1261,TIGO,FEMALE,SINGLE,0 TO 2,18-35,UDOM,BACHELOR,BELOW 450000,2020,0,21,14,F,SD,SD,F,A,SA,SA,A,A,SD,A,SD,D,SA,SA,SA,F,SA,SA
1262,VODA,MALE,SINGLE,0 TO 2,18-35,UDOM,BACHELOR,BELOW 450000,2022,1,23,30,F,F,F,SA,SA,SA,A,A,F,F,A,F,F,SA,F,A,A,A,A
1263,VODA,MALE,SINGLE,0 TO 2,18-35,UDOM,BACHELOR,BELOW 450000,2019,1,9,10,A,A,F,F,A,D,F,A,F,F,F,D,F,F,F,F,F,F,F
1264,AIRTEL,MALE,SINGLE,MORE THAN 4,18-35,UDOM,BACHELOR,BELOW 450000,2022,1,27,28,D,D,D,D,D,F,D,D,F,D,F,D,F,D,D,D,D,D,D
1265,VODA,MALE,SINGLE,0 TO 2,18-35,UDOM,BACHELOR,BELOW 450000,2023,0.7,76,83,D,D,D,A,A,F,D,F,F,F,A,A,F,F,A,A,F,F,F
1266,TIGO,MALE,MARRIED,0 TO 2,18-35,UDOM,BACHELOR,BELOW 450000,2009,0,6,6,D,D,A,SD,A,A,D,D,A,A,D,A,A,A,D,A,SA,SA,SA
1267,HALOTEL,MALE,SINGLE,3 TO 4,18-35,UDOM,BACHELOR,BELOW 450000,2022,0.2,39,35,F,SA,SD,SD,SA,A,SD,A,A,F,D,D,F,F,A,A,A,F,SA
1268,VODA,MALE,SINGLE,0 TO 2,18-35,UDOM,BACHELOR,BELOW 450000,2020,1,58,66,F,F,D,F,F,A,D,D,A,A,A,A,A,SA,D,F,F,F,F
1269,TIGO,MALE,SINGLE,0 TO 2,18-35,UDOM,BACHELOR,BELOW 450000,2022,0,13,16,SA,SA,A,A,F,F,F,SA,SD,SA,SD,SA,SA,SA,SA,SA,SA,SA,SA
1270,TIGO,MALE,SINGLE,0 TO 2,18-35,UDOM,BACHELOR,BELOW 450000,2022,1,27,21,SD,A,A,A,SA,SD,SA,A,F,F,A,A,A,A,F,A,A,A,F
1271,TIGO,MALE,SINGLE,0 TO 2,18-35,UDOM,BACHELOR,BELOW 450000,2019,1,18,23,A,A,A,SA,SA,D,A,A,A,A,D,F,D,SA,SA,SA,SA,SA,SA
1272,VODA,MALE,SINGLE,0 TO 2,18-35,UDOM,BACHELOR,BELOW 450000,2019,0,13,12,A,F,F,F,SA,D,SA,A,SA,F,D,A,F,A,A,SA,SA,SA,SA
1273,AIRTEL,MALE,SINGLE,0 TO 2,18-35,UDOM,BACHELOR,BELOW 450000,2022,0.49,19,18,D,A,SD,F,D,SA,SD,F,A,SA,SA,SA,SA,SD,SD,SA,SD,SD,SD
1274,HALOTEL,MALE,SINGLE,0 TO 2,18-35,UDOM,BACHELOR,450000-1000000,2015,0.9,12,12,D,D,SD,A,SD,D,D,F,A,SA,D,SA,F,SA,F,SA,F,SA,SA
1275,TIGO,MALE,SINGLE,0 TO 2,18-35,UDOM,BACHELOR,BELOW 450000,2022,1,81,63,SD,F,F,F,D,SD,SD,F,F,A,A,SA,F,SA,A,SA,F,F,D
1276,HALOTEL,MALE,SINGLE,0 TO 2,18-35,UDOM,BACHELOR,BELOW 450000,2019,0.6,17,17,SD,D,D,D,D,F,D,,D,F,A,F,A,F,F,F,A,F,A
1277,VODA,FEMALE,SINGLE,0 TO 2,18-35,UDOM,BACHELOR,BELOW 450000,2020,0.8,12,11,SD,SD,D,SA,SD,D,SD,A,,D,F,A,A,A,F,F,A,F,SD
1278,TIGO,FEMALE,SINGLE,0 TO 2,18-35,UDOM,BACHELOR,BELOW 450000,2021,1,16,3,SD,SD,SD,SD,D,F,F,SD,F,SD,D,SD,SA,A,F,SA,F,F,F
1279,VODA,MALE,MARRIED,0 TO 2,18-35,UDOM,BACHELOR,BELOW 450000,2021,1,54,30,SD,SD,D,F,A,A,F,A,A,A,F,SA,D,A,A,F,D,A,A
1280,TTCL,FEMALE,SINGLE,0 TO 2,18-35,UDOM,BACHELOR,BELOW 450000,2021,0.1,5,3,A,SA,SD,SA,SD,F,D,F,A,F,A,SA,D,F,F,SA,SD,A,SD
1281,TIGO,FEMALE,SINGLE,0 TO 2,18-35,UDOM,BACHELOR,BELOW 450000,2020,0.1,12,11,SD,D,D,F,SD,D,F,D,A,D,D,A,D,A,F,D,A,A,A
1282,VODA,MALE,SINGLE,0 TO 2,18-35,UDOM,BACHELOR,450000-1000000,2016,1,5,11,SD,A,SD,A,F,F,F,,D,F,,A,F,F,F,F,F,F,F
1283,HALOTEL,FEMALE,SINGLE,0 TO 2,18-35,UDOM,BACHELOR,BELOW 450000,2020,1,120,9,SD,SD,SD,SA,D,A,F,D,A,A,D,D,A,A,D,F,D,A,A
1284,HALOTEL,MALE,SINGLE,0 TO 2,18-35,UDOM,BACHELOR,BELOW 450000,2020,1,12,9,D,SD,D,D,F,F,D,F,F,D,F,D,A,A,A,A,A,A,A
1285,TIGO,FEMALE,SINGLE,0 TO 2,18-35,UDOM,BACHELOR,BELOW 450000,2020,1,10,6,SD,SD,SD,A,D,A,F,A,D,A,D,D,A,A,A,F,F,A,F
1286,HALOTEL,MALE,SINGLE,0 TO 2,18-35,UDOM,BACHELOR,BELOW 450000,2020,0.5,3,3,SD,F,F,D,F,D,F,F,A,F,D,F,F,F,A,F,F,F,A
1287,VODA,MALE,SINGLE,0 TO 2,18-35,UDOM,BACHELOR,BELOW 450000,2019,1,24,12,SD,F,SD,D,SA,A,F,D,A,A,D,D,A,A,D,F,D,A,A
1288,TIGO,MALE,SINGLE,0 TO 2,18-35,UDOM,BACHELOR,450000-1000000,2020,1,12,12,SD,SD,SD,SA,D,A,F,D,A,A,D,D,A,D,A,A,D,A,A
1289,VODA,FEMALE,SINGLE,0 TO 2,18-35,UDOM,BACHELOR,BELOW 450000,2022,0.75,18,14,A,F,SD,SA,D,F,F,A,A,F,A,A,F,F,F,D,D,SA,F
1290,VODA,MALE,SINGLE,0 TO 2,18-35,UDOM,BACHELOR,BELOW 450000,2018,1,15,9,D,F,SA,SA,D,F,F,SD,A,F,A,A,D,D,D,SA,D,F,D
1291,TIGO,FEMALE,SINGLE,0 TO 2,18-35,UDOM,BACHELOR,BELOW 450000,2022,1,10,13,SD,SA,D,F,D,SD,SD,F,A,F,F,F,D,A,F,F,A,F,F
1292,HALOTEL,MALE,SINGLE,0 TO 2,18-35,UDOM,BACHELOR,BELOW 450000,2020,1,15,16,F,SA,SD,F,D,SD,F,F,F,F,F,F,F,F,F,A,F,F,F
1293,TIGO,FEMALE,SINGLE,0 TO 2,18-35,UDOM,BACHELOR,450000-1000000,2013,1,3,5,A,A,D,D,F,F,SA,F,A,D,A,SD,F,A,F,SA,SA,SA,SA
1294,TIGO,FEMALE,MARRIED,3 TO 4,18-35,UDOM,BACHELOR,450000-1000000,2014,0,9,4,SD,SD,A,A,D,D,SD,A,F,F,D,D,A,A,A,A,A,A,A
1295,TIGO,FEMALE,SINGLE,0 TO 2,18-35,UDOM,BACHELOR,BELOW 450000,2015,1,12,12,D,F,D,F,F,D,F,F,D,D,F,D,F,D,F,F,F,F,F
1296,TIGO,FEMALE,SINGLE,0 TO 2,18-35,UDOM,BACHELOR,BELOW 450000,2020,1,12,12,D,F,D,F,F,D,F,F,F,F,F,F,F,F,F,F,F,F,F
1297,VODA,MALE,SINGLE,0 TO 2,18-35,UDOM,BACHELOR,BELOW 450000,2018,1,44,12,F,F,SD,SD,A,A,F,D,A,F,D,A,D,SA,D,A,F,F,F
1298,AIRTEL,MALE,SINGLE,0 TO 2,18-35,UDOM,BACHELOR,BELOW 450000,2020,1,10,7,SD,SA,SD,SA,SA,SA,SA,SA,F,SD,SD,SD,SA,SA,SA,SA,F,SA,SA
1299,VODA,MALE,SINGLE,0 TO 2,18-35,UDOM,BACHELOR,BELOW 450000,2021,1,24,23,SD,A,SD,SA,D,F,A,F,D,F,F,A,A,A,F,F,A,A,F
1300,AIRTEL,MALE,SINGLE,0 TO 2,18-35,UDOM,BACHELOR,BELOW 450000,2021,1,15,20,SD,F,F,A,F,,A,F,A,D,D,D,A,A,F,SA,F,F,SA
1301,AIRTEL,FEMALE,SINGLE,0 TO 2,18-35,UDOM,BACHELOR,BELOW 450000,2020,1,4,10,SD,F,A,D,SD,A,SA,D,SA,D,D,A,SD,D,F,A,D,A,A
1302,VODA,FEMALE,SINGLE,0 TO 2,18-35,UDOM,BACHELOR,450000-1000000,2009,0,15,15,SD,D,F,A,D,SD,A,SD,A,F,F,A,D,A,A,A,F,SA,SA
1303,VODA,MALE,SINGLE,0 TO 2,18-35,UDOM,BACHELOR,BELOW 450000,2023,1,24,30,F,A,F,F,D,F,F,F,F,F,A,A,F,A,F,A,A,F,F
1304,VODA,FEMALE,SINGLE,0 TO 2,18-35,UDOM,BACHELOR,450000-1000000,2022,0.95,14,14,SD,F,D,SD,SA,D,D,D,A,D,A,D,A,A,D,F,D,SA,D
1305,VODA,MALE,SINGLE,0 TO 2,18-35,UDOM,BACHELOR,BELOW 450000,2019,1,11,9,SA,F,F,SA,D,F,D,,A,A,A,A,A,A,A,A,A,A,A
1306,TIGO,MALE,SINGLE,0 TO 2,18-35,UDOM,BACHELOR,BELOW 450000,2020,1,36,36,F,F,F,F,F,F,F,F,F,F,F,F,F,F,F,F,F,F,F
1307,HALOTEL,MALE,SINGLE,0 TO 2,18-35,UDOM,BACHELOR,BELOW 450000,2020,1,16,15,SD,SD,D,F,D,F,D,F,F,D,SD,D,A,A,A,SA,F,A,F
1308,TIGO,MALE,SINGLE,0 TO 2,18-35,UDOM,BACHELOR,BELOW 450000,2020,1,8,3,SD,D,F,F,A,F,F,F,F,D,SD,D,D,F,F,A,A,SA,D
1309,AIRTEL,MALE,SINGLE,0 TO 2,18-35,UDOM,BACHELOR,BELOW 450000,2019,1,11,9,SD,SD,SD,F,D,D,A,F,F,F,F,F,F,F,D,A,A,A,SA
1310,AIRTEL,MALE,SINGLE,0 TO 2,18-35,UDOM,BACHELOR,450000-1000000,2020,1,24,24,D,A,D,D,D,F,A,A,A,F,D,D,A,A,A,A,A,A,A
1311,VODA,MALE,SINGLE,0 TO 2,18-35,UDOM,BACHELOR,BELOW 450000,2020,0,27,27,A,A,SA,SA,SA,A,A,D,A,D,F,D,D,A,F,A,F,SA,A
1312,VODA,MALE,SINGLE,0 TO 2,18-35,UDOM,BACHELOR,BELOW 450000,2018,0.9,6,6,SD,SD,A,F,SA,F,SA,F,A,A,SA,SA,A,A,SA,SA,A,A,F
1313,TIGO,MALE,SINGLE,3 TO 4,18-35,UDOM,BACHELOR,BELOW 450000,2023,1,8,12,SD,D,D,A,D,D,SD,F,F,F,F,A,A,A,F,SA,F,F,F
1314,VODA,MALE,SINGLE,0 TO 2,18-35,UDOM,BACHELOR,450000-1000000,2017,1,27,15,SD,D,SD,D,F,F,A,A,A,F,D,SD,A,F,F,SA,A,SA,SA
1315,VODA,MALE,SINGLE,0 TO 2,18-35,UDOM,BACHELOR,BELOW 450000,2021,1,12,14,SD,SA,SD,SA,A,SD,F,F,A,D,F,SD,D,SA,A,SD,F,SA,SA
1316,TIGO,MALE,SINGLE,0 TO 2,18-35,UDOM,BACHELOR,BELOW 450000,2020,1,15,18,SA,SA,SA,SD,SD,SD,SD,SD,SD,SD,SA,SA,SA,SD,SD,SD,F,F,F
1317,VODA,MALE,SINGLE,0 TO 2,18-35,UDOM,BACHELOR,BELOW 450000,2020,1,15,15,F,A,SA,SA,A,SD,SA,F,A,F,SA,SA,F,SD,D,SA,D,SA,F
1318,TTCL,MALE,SINGLE,0 TO 2,18-35,UDOM,BACHELOR,BELOW 450000,2020,0.22,30,10,A,SD,SD,SD,D,SD,SD,SA,SD,F,F,D,A,F,A,A,F,SA,SA
1319,VODA,MALE,SINGLE,0 TO 2,18-35,UDOM,BACHELOR,BELOW 450000,2020,1,13,12,F,F,F,A,F,A,SA,F,F,F,F,F,A,F,F,A,D,A,F
1320,VODA,FEMALE,SINGLE,0 TO 2,18-35,UDOM,BACHELOR,450000-1000000,2020,1,22,17,SD,F,D,SA,D,F,D,D,A,F,SA,SA,F,F,F,F,D,SA,D
1321,VODA,MALE,SINGLE,0 TO 2,18-35,UDOM,BACHELOR,BELOW 450000,2017,1,15,15,F,SA,F,SA,A,A,SA,F,A,SD,F,A,A,A,A,SA,F,SA,SA
1322,HALOTEL,MALE,SINGLE,0 TO 2,18-35,UDOM,BACHELOR,BELOW 450000,2016,0.2,12,6,D,F,F,A,A,A,F,F,F,F,A,F,F,F,F,F,F,F,F
1323,VODA,MALE,SINGLE,0 TO 2,18-35,UDOM,BACHELOR,BELOW 450000,2017,1,15,10,D,D,A,F,SA,F,SA,SA,F,A,A,F,D,F,D,A,A,SA,SA
1324,HALOTEL,MALE,SINGLE,0 TO 2,18-35,UDOM,BACHELOR,BELOW 450000,2020,0.7,18,19,D,A,SA,D,F,SD,F,A,F,A,F,F,SA,A,SA,SA,SA,SA,A
1325,AIRTEL,MALE,SINGLE,0 TO 2,18-35,UDOM,BACHELOR,BELOW 450000,2020,1,8,3,SD,SA,D,A,SD,SD,SD,D,A,D,A,A,SD,D,F,SA,SD,SA,D
1326,HALOTEL,MALE,SINGLE,0 TO 2,18-35,UDOM,BACHELOR,BELOW 450000,2017,1,15,15,D,F,D,D,SD,D,SD,A,A,D,D,D,A,A,D,D,A,A,SA
1327,VODA,MALE,SINGLE,0 TO 2,18-35,UDOM,BACHELOR,BELOW 450000,2019,0.5,10,12,D,SA,D,SA,SD,A,SD,SD,D,SD,D,F,,F,A,SD,SD,SD,SD
1328,VODA,MALE,MARRIED,MORE THAN 4,36-50,UDOM,BACHELOR,ABOVE 1000000,2007,0,12,10,SD,SA,SA,SA,SD,SA,SA,SA,SA,A,A,SA,SA,SA,A,A,A,SA,F
1329,HALOTEL,MALE,SINGLE,0 TO 2,18-35,UDOM,BACHELOR,BELOW 450000,2017,1,20,20,SD,SA,F,SA,SD,SD,SD,SD,F,F,A,A,A,SD,SD,SD,A,SA,SA
1330,TIGO,MALE,SINGLE,0 TO 2,18-35,UDOM,BACHELOR,BELOW 450000,2021,1,12,3,F,A,A,A,SD,SA,SD,SD,D,D,SA,D,SA,SD,SD,SA,SD,SA,SD
1331,HALOTEL,MALE,SINGLE,0 TO 2,18-35,UDOM,BACHELOR,450000-1000000,2022,0.3,12,16,D,SA,D,D,F,SD,F,A,F,A,F,F,A,SA,F,D,F,A,F
1332,VODA,MALE,SINGLE,0 TO 2,18-35,UDOM,BACHELOR,BELOW 450000,2020,1,12,12,SD,SA,SA,SD,SD,SA,SD,SD,F,SA,SD,SA,SD,SA,SD,SD,SA,SA,SD
1333,HALOTEL,MALE,SINGLE,0 TO 2,18-35,UDOM,BACHELOR,450000-1000000,2017,,53,28,D,D,F,F,F,D,D,F,D,A,F,F,F,F,F,F,F,F,F
1334,HALOTEL,MALE,SINGLE,0 TO 2,18-35,UDOM,BACHELOR,BELOW 450000,2020,1,15,12,F,SA,F,SD,SD,SD,D,F,A,A,A,SD,A,A,SD,SA,F,SD,F
1335,TIGO,MALE,SINGLE,0 TO 2,18-35,UDOM,BACHELOR,BELOW 450000,2019,1,15,15,SD,SD,SA,D,SD,SD,,SA,SA,A,F,SD,SA,SA,SA,SA,SD,F,D
1336,VODA,MALE,SINGLE,0 TO 2,18-35,UDOM,BACHELOR,BELOW 450000,2019,1,15,15,SD,D,D,D,F,D,D,D,D,A,D,SD,SA,A,F,SA,F,A,F
1337,VODA,MALE,SINGLE,0 TO 2,18-35,UDOM,BACHELOR,BELOW 450000,2020,1,71,12,D,F,D,SA,F,D,D,D,A,F,A,A,A,D,D,F,F,A,F
1338,HALOTEL,MALE,SINGLE,0 TO 2,18-35,UDOM,BACHELOR,BELOW 450000,2020,1,14,15,SD,F,SD,F,D,F,SD,D,D,F,SA,SA,A,F,F,A,F,SD,SD
1339,TTCL,MALE,SINGLE,0 TO 2,18-35,UDOM,BACHELOR,BELOW 450000,2021,0.8,14,16,D,A,D,A,F,D,SD,D,A,F,D,A,F,F,F,F,F,F,A
1340,VODA,MALE,SINGLE,0 TO 2,18-35,UDOM,BACHELOR,BELOW 450000,,1,20,25,SD,F,SA,D,SA,SD,SA,SA,SA,A,SA,SD,SA,SA,A,SA,SA,SA,A
1341,TTCL,MALE,SINGLE,0 TO 2,18-35,UDOM,BACHELOR,BELOW 450000,2022,1,13,4,SD,A,SA,D,D,SA,F,SA,A,A,SD,F,A,SA,A,A,SA,A,SA
1342,TTCL,MALE,SINGLE,0 TO 2,18-35,UDOM,BACHELOR,BELOW 450000,2020,0.1,6,3,F,F,F,A,A,F,A,A,A,F,A,A,A,A,A,SA,A,F,SA
1343,VODA,MALE,SINGLE,0 TO 2,18-35,UDOM,BACHELOR,BELOW 450000,2018,1,9,9,SD,D,D,SA,D,SD,D,F,SA,F,F,F,D,F,F,SD,D,D,F
1344,HALOTEL,MALE,SINGLE,0 TO 2,18-35,UDOM,BACHELOR,BELOW 450000,2018,1,27,15,D,F,D,F,D,F,SD,D,D,F,F,A,A,A,F,SA,F,F,A
1345,VODA,MALE,SINGLE,MORE THAN 4,18-35,UDOM,BACHELOR,450000-1000000,2021,1,74,68,D,SD,D,SA,D,D,SD,F,SA,F,A,A,D,D,SD,F,F,SA,F
1346,VODA,MALE,SINGLE,0 TO 2,18-35,UDOM,BACHELOR,BELOW 450000,2019,1,6,7,A,SD,SD,D,D,D,SA,A,A,A,A,A,A,A,A,A,A,A,A
1347,HALOTEL,MALE,SINGLE,0 TO 2,18-35,UDOM,BACHELOR,BELOW 450000,2018,1,6,3,SD,SA,D,F,A,F,D,A,D,A,A,F,SD,A,F,A,F,F,D
1348,VODA,MALE,SINGLE,0 TO 2,18-35,UDOM,BACHELOR,450000-1000000,2013,1,20,16,SD,SA,A,F,SD,SD,SD,SA,SA,A,D,A,SA,SA,SA,SA,SA,SA,SA
1349,AIRTEL,FEMALE,SINGLE,0 TO 2,18-35,UDOM,BACHELOR,,2017,1,18,8,A,D,A,SA,F,D,D,F,F,F,F,F,F,F,F,F,F,F,F
1350,VODA,MALE,SINGLE,0 TO 2,18-35,UDOM,BACHELOR,BELOW 450000,2022,1,28,3,A,D,SD,SA,SA,F,D,SA,SA,SA,SA,SA,D,SA,SA,SA,F,SA,SD
1351,TIGO,MALE,SINGLE,0 TO 2,18-35,UDOM,BACHELOR,BELOW 450000,2022,0.6,70,10,D,SA,SD,SA,D,D,SD,D,D,A,A,F,A,D,A,D,SD,D,F
1352,VODA,MALE,SINGLE,0 TO 2,18-35,UDOM,BACHELOR,BELOW 450000,2015,0.75,40,33,F,SA,D,F,SD,F,F,F,A,D,,F,SA,A,D,F,D,A,SD
1353,TIGO,MALE,SINGLE,0 TO 2,18-35,UDOM,BACHELOR,BELOW 450000,2020,0.5,4,7,D,SA,F,F,F,D,D,A,D,F,SD,F,D,F,F,D,F,D,F
1354,TIGO,MALE,SINGLE,0 TO 2,18-35,UDOM,BACHELOR,BELOW 450000,2022,1,7,7,A,D,A,,F,A,D,A,D,F,SD,D,F,A,F,D,A,A,F
1355,VODA,MALE,SINGLE,0 TO 2,18-35,UDOM,BACHELOR,BELOW 450000,2017,0.9,5,5,F,SD,SD,A,SA,A,SA,A,F,A,A,A,D,F,A,A,SA,SA,D
1356,AIRTEL,MALE,SINGLE,0 TO 2,18-35,UDOM,BACHELOR,BELOW 450000,2017,0.5,9,11,SD,A,SD,F,A,F,F,F,F,F,A,SA,F,F,F,A,F,A,F
1357,VODA,MALE,SINGLE,0 TO 2,18-35,UDOM,BACHELOR,BELOW 450000,2020,1,4,3,F,A,SD,F,A,SD,F,A,D,SD,F,F,A,A,F,A,F,F,F
1358,VODA,MALE,SINGLE,0 TO 2,18-35,UDOM,BACHELOR,BELOW 450000,2021,1,12,12,SD,A,SD,A,SD,SD,D,A,A,A,A,A,A,A,A,A,D,A,A
1359,VODA,MALE,SINGLE,0 TO 2,18-35,UDOM,BACHELOR,BELOW 450000,2018,1,12,9,SD,A,F,A,F,A,A,A,SA,A,A,A,D,D,D,A,F,F,D
1360,VODA,MALE,SINGLE,0 TO 2,18-35,UDOM,BACHELOR,BELOW 450000,2020,1,12,12,SD,D,SD,A,SD,A,A,SA,SA,F,F,F,F,SD,SA,SA,A,SA,SA
1361,VODA,MALE,SINGLE,0 TO 2,18-35,UDOM,BACHELOR,BELOW 450000,2018,1,15,13,D,A,F,A,A,A,A,F,A,D,A,A,SD,F,F,D,A,F,A
1362,TIGO,MALE,SINGLE,0 TO 2,18-35,UDOM,BACHELOR,BELOW 450000,2022,1,30,36,A,SA,F,SA,SD,A,F,A,A,A,F,F,SA,A,SA,SA,A,SA,A
1363,TIGO,MALE,SINGLE,3 TO 4,18-35,UDOM,BACHELOR,BELOW 450000,2020,1,6,6,D,F,SD,D,SD,F,F,D,A,F,SA,D,A,F,F,SA,D,SA,SA
1364,TIGO,FEMALE,SINGLE,0 TO 2,18-35,UDOM,BACHELOR,BELOW 450000,2017,1,21,18,SD,SA,D,SA,D,D,F,A,D,D,D,F,A,SA,SA,SA,SA,A,SD
1365,VODA,MALE,SINGLE,0 TO 2,18-35,UDOM,BACHELOR,BELOW 450000,2021,1,8,5,SD,F,D,F,A,A,A,F,F,SD,,A,SD,F,A,SA,SA,F,A
1366,VODA,MALE,SINGLE,0 TO 2,18-35,UDOM,BACHELOR,BELOW 450000,2020,1,14,7,A,A,F,F,SA,SA,A,SA,D,F,F,F,F,D,SD,SD,SD,F,SD
1367,AIRTEL,MALE,SINGLE,0 TO 2,18-35,UDOM,BACHELOR,BELOW 450000,2018,1,15,18,SA,F,D,SA,A,D,SD,D,A,SA,F,D,A,F,F,D,A,A,A
1368,VODA,FEMALE,SINGLE,0 TO 2,18-35,UDOM,BACHELOR,BELOW 450000,2019,0,15,6,SD,SA,SA,SA,SD,SD,SD,SD,SD,SD,F,F,SD,SA,F,SA,F,F,F
1369,TIGO,FEMALE,SINGLE,3 TO 4,18-35,UDOM,BACHELOR,450000-1000000,2013,0,17,12,SD,F,SD,SD,F,F,SD,F,SD,F,D,SD,SA,SA,SA,F,SD,SD,SD
1370,VODA,FEMALE,SINGLE,0 TO 2,18-35,UDOM,BACHELOR,BELOW 450000,2020,1,26,24,A,A,D,D,F,F,SA,F,A,D,A,SD,F,A,F,SA,SA,SA,SA
1371,AIRTEL,FEMALE,SINGLE,0 TO 2,18-35,UDOM,BACHELOR,BELOW 450000,2020,1,6,6,D,A,SA,SA,SD,SD,SD,F,SA,D,F,SA,F,F,SD,A,SD,SD,SD
1372,TIGO,FEMALE,SINGLE,0 TO 2,18-35,UDOM,BACHELOR,BELOW 450000,2017,0,12,13,SD,SD,D,D,SD,SD,SD,SD,SD,F,F,SA,A,SD,D,SA,SD,SD,D
1373,AIRTEL,MALE,MARRIED,MORE THAN 4,36-50,CBE,BACHELOR,450000-1000000,2009,0,20,24,F,F,F,F,D,D,F,A,D,A,A,A,A,A,A,A,A,SA,SA
1374,HALOTEL,FEMALE,SINGLE,3 TO 4,18-35,CBE,BACHELOR,BELOW 450000,2020,0.7,13,5,D,F,SD,A,D,F,F,A,A,F,A,F,A,F,F,SA,F,D,A
1375,HALOTEL,MALE,SINGLE,0 TO 2,18-35,CBE,BACHELOR,BELOW 450000,2020,0.7,78,60,F,SA,SD,A,SD,SD,SD,SD,SD,A,SA,SA,SA,SA,A,SA,SD,D,F
1376,TIGO,MALE,SINGLE,0 TO 2,18-35,CBE,BACHELOR,450000-1000000,2012,0,90,90,D,SD,F,SA,SD,F,F,SD,A,F,SA,A,F,SA,SA,A,SD,SD,A
1377,VODA,FEMALE,SINGLE,0 TO 2,18-35,CBE,BACHELOR,BELOW 450000,2013,0,5,10,SD,SA,F,A,F,SD,A,A,SA,F,A,,A,A,D,F,A,A,SA
1378,AIRTEL,MALE,SINGLE,0 TO 2,18-35,CBE,BACHELOR,BELOW 450000,2010,0,33,39,F,F,A,F,SD,D,D,F,A,A,F,A,A,A,F,D,D,A,A
1379,TIGO,FEMALE,MARRIED,0 TO 2,18-35,CBE,BACHELOR,BELOW 450000,2014,0,15,6,A,SA,D,SA,F,F,A,A,A,F,A,SA,A,A,SA,SA,SA,A,SA
1380,VODA,MALE,MARRIED,3 TO 4,18-35,CBE,BACHELOR,BELOW 450000,2013,0,5,6,SD,SA,F,F,SD,SD,D,F,A,A,F,A,A,A,A,A,A,A,A
1381,HALOTEL,FEMALE,SINGLE,0 TO 2,18-35,CBE,BACHELOR,BELOW 450000,2022,0.3,45,40,F,A,A,F,D,D,F,F,F,F,D,F,F,F,F,F,F,SA,F
1382,HALOTEL,MALE,MARRIED,MORE THAN 4,18-35,CBE,BACHELOR,ABOVE 1000000,2016,0,56,40,A,SA,F,D,SD,F,D,D,D,D,F,F,D,F,SD,F,F,D,F
1383,AIRTEL,MALE,SINGLE,0 TO 2,18-35,CBE,BACHELOR,BELOW 450000,2012,0.35,6,10,SD,F,F,F,F,SD,F,F,SD,A,F,A,D,F,F,F,D,D,A
1384,HALOTEL,MALE,SINGLE,0 TO 2,18-35,CBE,BACHELOR,BELOW 450000,2017,0.85,28,16,D,A,D,A,D,D,D,D,A,A,D,F,D,D,F,A,F,SD,A
1385,TIGO,MALE,SINGLE,0 TO 2,18-35,CBE,BACHELOR,BELOW 450000,2023,0.8,48,60,D,F,F,D,D,F,D,D,A,D,D,D,F,A,D,A,A,F,A
1386,VODA,MALE,SINGLE,0 TO 2,18-35,CBE,BACHELOR,BELOW 450000,2019,0.75,13,13,SD,SA,F,F,SD,SD,D,F,A,A,F,A,A,A,A,A,A,A,A
1387,AIRTEL,MALE,SINGLE,0 TO 2,18-35,CBE,BACHELOR,BELOW 450000,2016,0,15,18,D,A,SD,D,F,A,D,A,A,A,D,D,A,A,A,A,A,A,A
1388,HALOTEL,MALE,SINGLE,0 TO 2,18-35,CBE,BACHELOR,BELOW 450000,2020,0.9,140,120,SD,A,D,A,D,F,F,D,A,D,F,F,F,F,D,F,D,F,D
1389,TIGO,MALE,MARRIED,MORE THAN 4,36-50,CBE,BACHELOR,ABOVE 1000000,2004,0,26,12,SD,A,SA,D,SA,A,SD,A,F,F,D,A,A,D,A,SA,A,SD,A
1390,AIRTEL,MALE,SINGLE,0 TO 2,18-35,CBE,BACHELOR,BELOW 450000,2011,0.82,14,38,SD,SA,SD,,SA,SA,SA,SD,SD,SD,SD,D,F,F,F,A,A,SA,SA
1391,AIRTEL,FEMALE,SINGLE,0 TO 2,18-35,CBE,BACHELOR,BELOW 450000,2020,0.9,9,9,F,F,F,A,D,F,D,F,F,F,A,F,D,F,F,F,F,D,F
1392,VODA,MALE,SINGLE,0 TO 2,18-35,CBE,BACHELOR,BELOW 450000,2010,0,24,15,SD,SA,F,F,D,D,A,D,A,F,A,SA,A,A,A,A,F,A,SA
1393,TIGO,MALE,MARRIED,3 TO 4,36-50,CBE,BACHELOR,ABOVE 1000000,2005,0,6,6,D,A,A,D,F,F,F,F,F,F,F,D,F,F,F,F,F,F,F
1394,TIGO,MALE,MARRIED,3 TO 4,18-35,CBE,BACHELOR,450000-1000000,2010,0,87,107,D,A,A,D,A,SA,SA,SA,D,A,A,A,A,SA,A,SA,SA,SA,SA
1395,VODA,FEMALE,SINGLE,0 TO 2,18-35,SJUT,BACHELOR,BELOW 450000,2021,0.39,24,20,D,A,D,A,F,D,F,F,SA,F,D,A,A,F,F,A,F,SA,A
1396,TIGO,FEMALE,SINGLE,0 TO 2,18-35,SJUT,BACHELOR,,2021,0,,,SA,SA,A,F,F,SA,SA,SA,SA,SA,SA,SA,SA,SA,SA,SA,SA,SA,SA
1397,AIRTEL,MALE,SINGLE,0 TO 2,18-35,SJUT,BACHELOR,BELOW 450000,2022,1,33,28,SD,SA,F,SA,SA,SA,SD,F,A,A,F,,F,F,A,D,A,SD,SA
1398,VODA,FEMALE,SINGLE,0 TO 2,18-35,SJUT,BACHELOR,BELOW 450000,2017,0,,,SD,A,D,SA,F,D,D,SD,A,D,D,A,SD,F,F,SA,F,A,F
1399,TIGO,FEMALE,SINGLE,0 TO 2,18-35,SJUT,BACHELOR,BELOW 450000,2019,0.3,8,5,SD,SA,F,A,D,D,D,A,A,D,F,F,SA,SA,A,SA,SA,SA,SA
1400,HALOTEL,FEMALE,SINGLE,0 TO 2,18-35,SJUT,BACHELOR,BELOW 450000,2021,0.3,19,14,SD,A,F,A,F,SD,D,F,A,D,F,F,F,A,F,SA,F,A,A
1401,VODA,FEMALE,SINGLE,0 TO 2,18-35,SJUT,BACHELOR,BELOW 450000,2021,0,12,12,D,F,F,SA,F,A,D,F,F,A,SD,SD,A,A,SA,F,SA,SA,SA
1402,HALOTEL,MALE,SINGLE,3 TO 4,18-35,SJUT,BACHELOR,BELOW 450000,2023,1,16,13,SD,D,A,SD,D,SD,A,SA,F,F,F,D,A,A,SA,SD,F,F,SA
1403,HALOTEL,FEMALE,SINGLE,0 TO 2,18-35,SJUT,BACHELOR,BELOW 450000,2022,0,8,6,A,A,A,SA,SD,SD,D,A,F,A,F,SA,F,A,F,F,F,F,F
1404,TIGO,FEMALE,SINGLE,0 TO 2,18-35,SJUT,BACHELOR,BELOW 450000,2022,1,15,7,SD,SD,A,SA,SD,A,A,F,A,A,F,D,A,F,F,A,D,F,F
1405,TIGO,FEMALE,MARRIED,MORE THAN 4,36-50,SJUT,BACHELOR,450000-1000000,2017,0,8,10,D,D,SD,SA,A,D,SD,D,D,F,A,D,A,A,SA,D,SA,A,A
1406,AIRTEL,FEMALE,SINGLE,0 TO 2,18-35,SJUT,BACHELOR,ABOVE 1000000,2023,0,6,7,D,D,D,SD,A,D,A,A,A,A,A,A,A,A,SA,A,A,SA,SA
1407,AIRTEL,FEMALE,SINGLE,0 TO 2,18-35,SJUT,BACHELOR,BELOW 450000,2021,0.5,3,3,D,F,SD,D,D,SD,D,F,A,F,A,D,A,A,F,A,D,A,F
1408,HALOTEL,FEMALE,SINGLE,0 TO 2,18-35,SJUT,BACHELOR,BELOW 450000,2022,0.5,3,3,D,A,SD,A,SA,D,SD,A,A,F,A,A,A,SD,A,F,D,A,F
1409,AIRTEL,FEMALE,SINGLE,0 TO 2,18-35,SJUT,BACHELOR,BELOW 450000,2022,0,3,3,SD,D,A,SA,SA,SD,SA,D,D,A,SD,A,F,SA,A,F,SA,SA,SA
1410,TIGO,FEMALE,SINGLE,0 TO 2,18-35,SJUT,BACHELOR,BELOW 450000,2023,0,3,3,SD,D,A,SA,SD,SD,A,D,SD,A,F,A,A,F,SD,A,A,,F
1411,AIRTEL,MALE,SINGLE,MORE THAN 4,18-35,SJUT,BACHELOR,BELOW 450000,2022,0,4,9,D,SA,F,F,D,D,SD,D,A,F,D,F,A,A,A,SA,A,SA,SA
1412,AIRTEL,FEMALE,SINGLE,MORE THAN 4,18-35,SJUT,BACHELOR,BELOW 450000,2019,0,10,8,A,A,SD,,A,A,SD,D,A,A,D,D,F,D,F,SD,D,D,SD
1413,HALOTEL,MALE,SINGLE,MORE THAN 4,18-35,SJUT,BACHELOR,ABOVE 1000000,2022,1,3,6,A,SA,A,SD,SA,F,SA,F,D,A,SD,SA,F,D,SD,A,SA,D,F
1414,VODA,FEMALE,SINGLE,3 TO 4,18-35,SJUT,BACHELOR,BELOW 450000,2022,0.4,4,33,SD,D,SD,SA,SA,A,A,SA,SA,SA,F,SD,SA,A,F,A,SA,SA,SA
1415,TIGO,FEMALE,SINGLE,0 TO 2,18-35,SJUT,BACHELOR,BELOW 450000,2022,1,3,3,SD,D,D,SD,A,A,D,A,SD,D,D,D,D,A,A,A,A,A,D
1416,VODA,FEMALE,SINGLE,3 TO 4,18-35,SJUT,BACHELOR,BELOW 450000,2021,0,5,5,SD,SD,SD,SA,SA,SD,SA,SA,A,A,F,D,A,A,F,A,A,F,A
1417,TIGO,FEMALE,SINGLE,0 TO 2,18-35,SJUT,BACHELOR,BELOW 450000,2022,0.3,6,6,D,A,,D,D,D,D,A,A,F,A,A,A,A,D,D,A,A,A
1418,TIGO,FEMALE,SINGLE,MORE THAN 4,18-35,SJUT,BACHELOR,BELOW 450000,2020,0.5,17,18,A,A,D,SA,A,SD,SA,SA,SD,SA,A,F,SA,SA,SA,A,SA,SA,A
1419,HALOTEL,FEMALE,SINGLE,0 TO 2,18-35,SJUT,BACHELOR,BELOW 450000,2020,0,13,9,A,A,SD,D,SD,SD,SD,A,SA,SA,A,SA,A,D,SD,SA,A,D,SA
1420,VODA,FEMALE,,MORE THAN 4,18-35,SJUT,BACHELOR,450000-1000000,2016,0,3,3,SD,SA,SD,SD,A,SD,A,A,SD,D,D,A,A,A,SA,SA,A,SA,A
1421,HALOTEL,MALE,SINGLE,0 TO 2,18-35,SJUT,BACHELOR,BELOW 450000,2021,0.39,3,3,D,SA,D,A,SD,A,SD,D,A,SA,D,D,A,A,A,A,D,D,D
1422,HALOTEL,FEMALE,SINGLE,0 TO 2,18-35,SJUT,BACHELOR,BELOW 450000,2023,0.5,6,8,D,D,SD,A,SD,D,SD,A,SA,A,D,A,A,A,A,D,D,A,A
1423,HALOTEL,MALE,SINGLE,0 TO 2,18-35,SJUT,BACHELOR,BELOW 450000,2018,0.4,18,12,SD,A,SD,A,A,SA,F,F,SA,F,A,SA,F,A,D,SA,SA,F,A
1424,TIGO,MALE,SINGLE,0 TO 2,18-35,SJUT,BACHELOR,BELOW 450000,2010,0,12,12,SD,SA,SD,F,SA,A,SD,SD,A,A,SD,SA,D,A,F,SA,A,SA,D
1425,HALOTEL,FEMALE,SINGLE,3 TO 4,18-35,SJUT,BACHELOR,450000-1000000,2021,0,30,30,A,A,SD,SA,SA,SD,SD,SD,SA,D,A,D,A,D,F,D,D,SA,A
1426,AIRTEL,MALE,SINGLE,0 TO 2,18-35,SJUT,BACHELOR,BELOW 450000,2021,0.15,14,13,D,A,SA,SA,A,A,A,A,A,A,D,D,A,A,A,A,A,A,SA
1427,VODA,MALE,SINGLE,0 TO 2,18-35,SJUT,BACHELOR,BELOW 450000,2016,0,13,12,D,F,D,D,D,F,F,F,F,D,D,D,SD,F,F,SA,F,SA,SA
1428,VODA,MALE,MARRIED,MORE THAN 4,18-35,SJUT,BACHELOR,BELOW 450000,2018,0,36,19,SD,F,SA,F,SA,SA,SD,SD,F,F,F,F,SA,F,F,SA,F,SA,SA
1429,VODA,FEMALE,SINGLE,0 TO 2,18-35,SJUT,BACHELOR,BELOW 450000,,1,6,6,A,A,F,F,F,A,F,D,F,F,F,D,F,F,F,F,F,A,A
1430,HALOTEL,FEMALE,SINGLE,0 TO 2,18-35,SJUT,BACHELOR,BELOW 450000,2021,0.3,12,12,D,F,SD,SA,A,A,D,D,D,D,D,F,F,D,D,SD,SD,SD,A
1431,AIRTEL,FEMALE,SINGLE,0 TO 2,18-35,SJUT,BACHELOR,BELOW 450000,2017,0,12,9,SD,D,SD,F,A,SD,F,D,A,A,D,SD,F,F,F,A,F,A,A
1432,VODA,FEMALE,SINGLE,0 TO 2,18-35,SJUT,BACHELOR,BELOW 450000,2021,0,12,11,SD,F,SD,A,F,SD,D,F,A,SD,F,D,F,A,F,D,F,A,A
1433,VODA,FEMALE,SINGLE,0 TO 2,18-35,SJUT,BACHELOR,BELOW 450000,2018,0,12,10,SD,SA,F,SA,SD,SA,SD,SD,A,SA,SD,A,A,F,D,SD,A,SA,A
1434,HALOTEL,FEMALE,SINGLE,0 TO 2,18-35,SJUT,BACHELOR,BELOW 450000,2022,0.4,15,11,SD,SA,SD,SA,SD,SA,SD,A,A,A,A,SA,A,A,A,A,SA,SA,SA
1435,VODA,FEMALE,SINGLE,0 TO 2,18-35,SJUT,BACHELOR,BELOW 450000,2018,1,48,3,SD,SD,F,A,A,SD,A,A,A,A,SD,SD,A,A,A,A,A,A,A
1436,HALOTEL,FEMALE,SINGLE,0 TO 2,18-35,SJUT,BACHELOR,BELOW 450000,2020,1,30,42,SD,D,F,D,A,D,F,D,D,F,F,A,D,F,F,A,A,A,SA
1437,AIRTEL,FEMALE,SINGLE,0 TO 2,18-35,SJUT,BACHELOR,BELOW 450000,2020,1,9,12,SD,F,F,SD,SD,SD,SD,D,SD,A,SD,A,F,SA,F,SD,D,SA,D
1438,HALOTEL,MALE,SINGLE,0 TO 2,18-35,SJUT,BACHELOR,BELOW 450000,2015,0.39,9,9,SD,A,D,SD,D,D,F,F,A,A,F,D,A,A,F,SD,A,A,SA
1439,VODA,MALE,SINGLE,0 TO 2,18-35,SJUT,BACHELOR,BELOW 450000,2019,0,4,4,SD,A,SA,SA,D,F,D,D,A,F,SA,SA,A,F,A,A,D,D,F
1440,HALOTEL,MALE,SINGLE,3 TO 4,18-35,SJUT,BACHELOR,BELOW 450000,2010,1,93,93,D,A,A,A,D,F,SD,F,F,F,F,A,D,F,D,D,A,A,A
1441,TIGO,MALE,SINGLE,0 TO 2,18-35,SJUT,BACHELOR,BELOW 450000,2016,0,12,12,D,A,D,D,A,A,D,A,A,A,A,D,A,A,A,D,A,A,A
1442,HALOTEL,FEMALE,SINGLE,0 TO 2,18-35,SJUT,BACHELOR,450000-1000000,2016,0.32,18,30,F,SD,SD,SA,SD,SD,SD,SD,SA,SD,SD,SA,SD,SD,SD,SD,SD,SA,SD
1443,VODA,MALE,SINGLE,0 TO 2,18-35,SJUT,BACHELOR,BELOW 450000,2021,0.5,5,5,SD,SA,SD,SA,SA,SD,A,A,SA,A,A,F,A,A,SD,F,F,F,F
1444,VODA,MALE,SINGLE,0 TO 2,18-35,SJUT,BACHELOR,BELOW 450000,2014,0.5,52,16,SD,A,F,SA,SD,F,A,F,F,SA,SA,SA,SA,SA,D,SD,F,SA,SA
1445,VODA,MALE,SINGLE,0 TO 2,18-35,SJUT,BACHELOR,BELOW 450000,2020,0,5,4,D,SD,SD,SD,D,D,D,SD,D,D,A,SA,SD,SA,SA,SA,F,F,F
1446,TIGO,FEMALE,SINGLE,0 TO 2,18-35,SJUT,BACHELOR,BELOW 450000,2022,0,15,15,D,A,D,A,D,A,D,F,D,A,A,A,A,A,A,D,A,D,A
1447,AIRTEL,MALE,MARRIED,MORE THAN 4,18-35,SJUT,BACHELOR,450000-1000000,2008,0,3,3,D,SA,SA,SA,SA,F,D,F,A,F,A,A,A,A,F,F,F,F,F
1448,HALOTEL,MALE,SINGLE,0 TO 2,18-35,SJUT,BACHELOR,BELOW 450000,2018,1,6,5,D,F,SA,F,D,F,F,F,F,A,F,F,SD,F,F,SD,F,F,F
1449,HALOTEL,MALE,SINGLE,0 TO 2,18-35,SJUT,BACHELOR,BELOW 450000,2022,0.4,12,22,D,SA,SA,A,SD,SA,SD,SD,A,SD,SA,D,SD,SD,SD,SA,A,SA,SA
1450,HALOTEL,FEMALE,SINGLE,0 TO 2,18-35,SJUT,BACHELOR,BELOW 450000,2018,0,47,34,SD,A,F,F,SD,D,SD,A,SA,F,F,SA,A,A,SA,SA,A,SA,SA
1451,TIGO,MALE,SINGLE,0 TO 2,18-35,SJUT,BACHELOR,BELOW 450000,2022,0.4,5,3,SA,SD,SD,SA,SA,SA,SD,SD,SD,SD,D,SD,SA,SD,D,SD,D,SA,SA
1452,TIGO,FEMALE,SINGLE,0 TO 2,18-35,SJUT,BACHELOR,BELOW 450000,2022,0,30,36,SD,F,,A,SA,A,A,A,F,A,D,SD,SA,F,F,F,A,SA,SA
1453,VODA,FEMALE,SINGLE,3 TO 4,18-35,SJUT,BACHELOR,BELOW 450000,2021,0.4,24,24,SD,SD,D,A,D,D,A,SD,SA,F,D,D,F,SD,F,D,A,F,SA
1454,HALOTEL,MALE,SINGLE,0 TO 2,18-35,SJUT,BACHELOR,BELOW 450000,2023,0.39,28,27,D,A,F,SA,D,SA,SD,F,A,F,A,A,F,F,F,A,F,F,F
1455,TIGO,FEMALE,SINGLE,0 TO 2,18-35,SJUT,BACHELOR,ABOVE 1000000,2020,1,9,9,SD,A,SD,SA,SD,A,SD,SA,SD,SD,F,SD,SA,SA,SA,SD,SA,SA,SA
1456,HALOTEL,MALE,SINGLE,0 TO 2,18-35,SJUT,BACHELOR,BELOW 450000,2022,0.45,12,12,D,D,SD,SD,SD,SA,SD,SA,SA,SA,SD,SA,SD,A,SD,A,D,D,SA
1457,TIGO,FEMALE,SINGLE,,18-35,SJUT,BACHELOR,450000-1000000,2022,0.7,3,12,D,SA,SD,SA,SD,SD,SD,D,A,A,A,SA,A,A,SD,SD,D,A,SA
1458,AIRTEL,FEMALE,SINGLE,3 TO 4,18-35,SJUT,BACHELOR,BELOW 450000,2021,0.6,7,13,A,A,D,SD,D,D,D,D,A,SA,A,F,SA,SA,D,SA,,F,D
1459,HALOTEL,FEMALE,SINGLE,0 TO 2,18-35,SJUT,BACHELOR,BELOW 450000,2022,0,3,1,A,D,A,D,D,A,D,SD,A,D,A,A,D,D,SD,,D,A,D
1460,TIGO,FEMALE,SINGLE,,18-35,SJUT,BACHELOR,BELOW 450000,2022,0.39,9,9,SD,F,SD,F,F,SA,A,A,SD,D,,D,A,A,A,A,SA,A,F
1461,VODA,MALE,SINGLE,MORE THAN 4,18-35,SJUT,BACHELOR,450000-1000000,2017,1,12,12,SD,A,A,A,SA,SD,D,A,D,D,D,A,A,A,A,A,F,F,A
1462,VODA,MALE,SINGLE,3 TO 4,18-35,SJUT,BACHELOR,BELOW 450000,2016,1,24,24,SD,A,SD,A,SD,SD,D,F,SD,F,A,D,D,F,SD,F,SD,D,F
1463,HALOTEL,MALE,SINGLE,0 TO 2,18-35,SJUT,BACHELOR,BELOW 450000,2014,1,6,6,SA,SA,F,F,SD,F,SD,SD,A,A,A,SD,F,F,F,F,SD,F,F
1464,VODA,FEMALE,SINGLE,0 TO 2,18-35,SJUT,BACHELOR,BELOW 450000,,0.8,4,4,SD,A,SA,SA,D,D,SD,D,D,D,A,D,D,F,SD,A,A,A,D
1465,AIRTEL,MALE,SINGLE,0 TO 2,,SJUT,BACHELOR,BELOW 450000,2017,0.96,5,8,SD,F,F,F,F,SD,F,F,SA,F,D,SA,SA,,D,F,F,F,F
1466,HALOTEL,MALE,SINGLE,,18-35,SJUT,BACHELOR,ABOVE 1000000,2017,0.66,48,63,D,A,D,D,D,D,D,A,A,A,D,D,A,A,A,A,A,A,A
1467,VODA,FEMALE,SINGLE,MORE THAN 4,18-35,SJUT,BACHELOR,BELOW 450000,2016,0.6,5,3,SD,A,SA,F,F,SD,F,F,A,F,F,F,D,F,D,F,D,D,A
1468,TIGO,FEMALE,SINGLE,MORE THAN 4,36-50,SJUT,BACHELOR,450000-1000000,2000,0,12,93,SD,D,F,D,SD,D,SD,SD,SA,SA,F,SD,SD,D,SD,SA,SA,SA,SA
1469,AIRTEL,FEMALE,MARRIED,MORE THAN 4,36-50,SJUT,BACHELOR,450000-1000000,2013,0,6,6,SD,F,A,SA,A,SA,SD,F,SA,F,A,SA,D,A,F,SA,A,A,F
1470,HALOTEL,MALE,SINGLE,0 TO 2,18-35,SJUT,BACHELOR,BELOW 450000,2018,1,67,72,SD,F,F,D,F,A,F,A,A,F,D,F,SA,SA,A,SA,SA,SA,A
1471,TIGO,FEMALE,SINGLE,0 TO 2,18-35,SJUT,BACHELOR,BELOW 450000,2014,0,15,6,SD,D,A,SD,A,SD,SD,SD,A,D,A,A,SD,A,F,SA,A,SD,A
1472,VODA,FEMALE,SEPARATED,0 TO 2,18-35,SJUT,BACHELOR,BELOW 450000,2019,1,18,9,SD,F,SD,D,F,A,A,D,SA,SD,A,SD,D,F,A,A,SD,SA,D
1473,AIRTEL,MALE,MARRIED,MORE THAN 4,18-35,SJUT,BACHELOR,BELOW 450000,2012,0,3,3,SA,SA,A,SA,D,F,A,F,SA,A,A,SA,A,SA,A,SD,F,F,A
1474,AIRTEL,FEMALE,SINGLE,0 TO 2,18-35,SJUT,BACHELOR,450000-1000000,2020,1,14,3,SD,SD,F,D,SD,SA,D,F,A,A,SD,SD,SA,SA,A,A,SA,SA,SA
1475,HALOTEL,MALE,SINGLE,0 TO 2,18-35,SJUT,BACHELOR,,2015,1,12,12,SD,A,A,A,SD,SD,SD,SD,A,SD,D,A,D,A,D,A,A,A,SD
1476,VODA,MALE,SINGLE,0 TO 2,18-35,SJUT,BACHELOR,BELOW 450000,2022,0.75,12,13,SD,A,SD,SA,F,F,A,F,A,D,A,A,F,A,A,A,D,F,F
1477,AIRTEL,MALE,SINGLE,0 TO 2,18-35,SJUT,BACHELOR,BELOW 450000,2020,0.8,52,36,D,SA,A,A,D,D,D,F,A,F,A,A,A,F,F,F,D,F,F
1478,HALOTEL,FEMALE,SINGLE,0 TO 2,18-35,SJUT,BACHELOR,ABOVE 1000000,2020,1,21,24,SD,SA,D,A,A,D,D,A,F,SA,A,A,A,D,D,A,D,A,A
1479,HALOTEL,MALE,SINGLE,0 TO 2,18-35,SJUT,BACHELOR,BELOW 450000,2019,0,11,14,F,SA,A,F,SA,SD,SA,A,SD,F,SA,F,SA,SA,A,SA,SA,SA,A
1480,HALOTEL,MALE,SINGLE,0 TO 2,18-35,SJUT,BACHELOR,BELOW 450000,2013,0,10,14,D,A,F,SD,A,SD,F,A,SA,A,F,SD,SA,SA,A,A,A,F,A
1481,HALOTEL,MALE,SINGLE,0 TO 2,18-35,SJUT,BACHELOR,BELOW 450000,2020,1,24,10,A,SA,A,SA,A,SA,SD,,F,A,SA,D,SA,D,SA,A,SA,,SA
1482,VODA,MALE,SINGLE,MORE THAN 4,18-35,SJUT,BACHELOR,BELOW 450000,2020,,40,8,D,SA,SD,SA,D,D,A,SD,SA,D,A,A,SA,D,,SD,A,SD,A
1483,HALOTEL,MALE,SINGLE,0 TO 2,18-35,SJUT,BACHELOR,BELOW 450000,2020,0.6,,,F,F,F,A,F,F,D,D,F,F,F,F,F,D,D,D,D,F,F
1484,AIRTEL,MALE,SINGLE,0 TO 2,18-35,SJUT,BACHELOR,450000-1000000,2019,0,12,9,D,SD,F,SD,SD,F,SD,SD,D,SD,F,SD,A,F,SD,D,SD,A,F
1485,VODA,FEMALE,SINGLE,0 TO 2,18-35,SJUT,BACHELOR,BELOW 450000,2018,,30,3,A,F,D,A,F,D,F,F,A,F,D,A,A,F,A,A,A,A,F
1486,TIGO,FEMALE,SINGLE,0 TO 2,18-35,SJUT,BACHELOR,BELOW 450000,2019,1,18,18,D,SA,SD,SD,D,SD,F,A,SD,A,SD,F,A,SA,SA,SA,SA,SA,SA
1487,HALOTEL,MALE,SINGLE,0 TO 2,18-35,SJUT,BACHELOR,BELOW 450000,2019,0,7,5,SD,A,F,D,F,D,A,,A,D,A,D,F,SA,A,SA,A,SA,F
1488,TIGO,FEMALE,SINGLE,0 TO 2,18-35,SJUT,BACHELOR,BELOW 450000,2013,0.8,90,90,SD,A,SA,SA,F,F,F,F,A,D,F,SA,SD,SA,F,SD,F,F,F
1489,AIRTEL,FEMALE,SINGLE,0 TO 2,,SJUT,BACHELOR,BELOW 450000,2017,,90,90,SD,SA,F,F,D,F,D,F,A,F,F,A,F,A,A,A,A,A,A
1490,VODA,FEMALE,MARRIED,3 TO 4,18-35,SJUT,BACHELOR,450000-1000000,2017,0,18,16,D,A,A,A,SD,D,SD,F,A,A,D,D,D,A,SA,SA,F,A,SA
1491,AIRTEL,FEMALE,MARRIED,0 TO 2,18-35,SJUT,BACHELOR,BELOW 450000,2021,1,70,60,A,A,SA,SD,SA,SD,D,SA,SA,SA,F,SA,SA,SA,SA,SA,SA,SA,SA
1492,VODA,MALE,SINGLE,0 TO 2,18-35,SJUT,BACHELOR,ABOVE 1000000,2009,0,32,32,SD,SA,F,SA,D,SD,SD,A,A,A,SA,A,A,SA,A,A,A,A,A
1493,VODA,MALE,MARRIED,0 TO 2,18-35,SJUT,BACHELOR,ABOVE 1000000,2014,0,3,3,SD,SA,F,SA,D,SD,SD,A,A,A,SA,A,A,SA,A,A,A,A,A
1494,TIGO,MALE,SINGLE,0 TO 2,18-35,SJUT,BACHELOR,BELOW 450000,2020,0,8,9,SD,F,D,F,SD,F,SD,SD,SD,F,SA,F,SD,F,SD,F,F,F,F
1495,HALOTEL,MALE,MARRIED,0 TO 2,18-35,SJUT,BACHELOR,ABOVE 1000000,2021,1,14,16,F,A,F,A,,F,A,A,F,D,A,D,F,A,SA,F,A,SD,A
1496,HALOTEL,FEMALE,MARRIED,MORE THAN 4,18-35,SJUT,BACHELOR,BELOW 450000,2023,1,70,26,SD,A,SD,SA,D,SD,D,D,A,A,A,A,SA,A,A,A,D,F,F
1497,HALOTEL,FEMALE,SINGLE,0 TO 2,18-35,SJUT,BACHELOR,BELOW 450000,2020,0,7,3,SD,F,SA,A,SD,F,SD,F,SA,F,SA,SD,SD,F,F,SA,SD,F,F
1498,AIRTEL,FEMALE,SINGLE,0 TO 2,18-35,SJUT,BACHELOR,BELOW 450000,2017,0,21,18,D,A,F,D,A,D,SA,F,F,F,SD,SD,F,F,F,D,D,SA,SA
1499,AIRTEL,FEMALE,SINGLE,0 TO 2,18-35,SJUT,BACHELOR,BELOW 450000,2020,1,9,3,SD,F,SD,,F,D,D,F,A,F,A,A,F,A,A,A,A,A,A
1500,VODA,FEMALE,SINGLE,0 TO 2,18-35,SJUT,BACHELOR,BELOW 450000,2020,1,20,8,SD,A,F,F,D,F,D,F,A,D,A,D,D,D,F,SA,A,A,A
1501,VODA,FEMALE,SINGLE,0 TO 2,18-35,SJUT,BACHELOR,,2022,,90,90,SA,SA,A,A,SD,D,D,A,A,SD,F,SD,A,A,A,D,D,A,A
1502,TIGO,FEMALE,SINGLE,0 TO 2,18-35,SJUT,BACHELOR,,2023,0,13,17,SD,A,SA,SA,A,D,,A,SD,SA,SD,SA,SD,SA,A,A,A,A,SA
1503,VODA,MALE,SINGLE,0 TO 2,18-35,SJUT,BACHELOR,BELOW 450000,2022,0,13,19,D,A,SD,D,SD,D,SD,D,SD,SD,A,D,SD,SA,SD,F,F,A,SD
1504,TIGO,MALE,SINGLE,0 TO 2,18-35,SJUT,BACHELOR,BELOW 450000,2022,,6,6,D,F,F,F,D,D,F,D,F,D,D,D,D,F,SD,A,D,F,F
1505,VODA,MALE,SINGLE,0 TO 2,18-35,SJUT,BACHELOR,,,,27,21,A,D,A,SA,F,D,,D,SA,,F,D,D,A,SA,SA,D,D,SD
1506,AIRTEL,FEMALE,SINGLE,0 TO 2,18-35,SJUT,BACHELOR,,2023,0,,,SD,D,A,D,SD,SD,A,SD,SD,A,SD,SD,SD,A,A,A,A,A,A
1507,TIGO,FEMALE,,0 TO 2,18-35,SJUT,BACHELOR,,2021,,90,90,SD,SD,SD,A,SD,D,A,SD,SA,SD,D,A,SA,SA,SA,SA,SA,SA,SA
1508,VODA,MALE,SINGLE,0 TO 2,18-35,SJUT,BACHELOR,,2020,0,6,21,SD,A,F,SA,F,D,SA,F,D,SA,D,SA,D,SA,F,D,SA,F,F
1509,VODA,FEMALE,SINGLE,0 TO 2,18-35,SJUT,BACHELOR,,2021,0,11,13,F,D,D,F,D,D,D,A,D,SD,D,SD,D,A,D,,A,SA,A
1510,VODA,MALE,SINGLE,0 TO 2,18-35,SJUT,BACHELOR,450000-1000000,2023,0,20,30,SD,SD,SD,D,SA,F,D,SD,F,D,SD,SD,SA,F,F,SA,SA,SA,SA
1511,VODA,FEMALE,SINGLE,0 TO 2,18-35,SJUT,BACHELOR,BELOW 450000,,,18,,F,F,D,A,D,SA,SD,D,SD,D,F,F,F,A,F,F,F,F,A
1512,HALOTEL,FEMALE,SINGLE,MORE THAN 4,18-35,SJUT,BACHELOR,BELOW 450000,2019,0.5,3,3,SD,A,SD,D,D,D,SD,SD,D,SD,D,D,D,D,D,A,D,SA,A
1513,TIGO,MALE,SINGLE,MORE THAN 4,18-35,SJUT,BACHELOR,BELOW 450000,2019,0.2,3,3,D,SD,SA,SA,SA,SA,SA,SA,SA,SA,SA,SA,SA,SA,SA,SA,A,SA,SA
1514,HALOTEL,MALE,SINGLE,0 TO 2,18-35,SJUT,BACHELOR,BELOW 450000,2019,1,3,3,D,A,SD,D,D,D,SD,SD,D,A,A,A,A,D,D,A,A,F,SA
1515,TIGO,MALE,SINGLE,0 TO 2,18-35,SJUT,BACHELOR,BELOW 450000,2019,0.85,36,9,A,F,F,F,D,F,D,F,SA,F,A,A,F,A,F,SA,F,A,A
1516,VODA,MALE,SINGLE,0 TO 2,18-35,SJUT,BACHELOR,BELOW 450000,2022,,21,21,SA,F,SA,SA,SA,SA,A,SD,SA,A,SA,SA,SD,F,A,SA,A,SA,A
1517,VODA,MALE,SINGLE,0 TO 2,18-35,SJUT,BACHELOR,BELOW 450000,2018,0.5,6,6,A,A,A,A,D,D,A,D,A,A,SD,A,D,D,A,A,A,A,SA
1518,AIRTEL,MALE,SINGLE,0 TO 2,18-35,SJUT,BACHELOR,BELOW 450000,2009,0.7,10,5,D,F,F,A,SA,SA,D,SD,F,SD,SA,SA,D,SD,D,SA,D,F,F
1519,VODA,MALE,MARRIED,3 TO 4,18-35,SJUT,BACHELOR,BELOW 450000,,1,9,9,SD,A,SD,SD,SD,SD,SD,A,F,F,SD,F,A,F,F,SD,F,F,SD
1520,AIRTEL,MALE,SINGLE,0 TO 2,18-35,SJUT,BACHELOR,ABOVE 1000000,2022,0.8,18,18,SD,A,D,A,D,D,D,F,A,A,A,A,A,A,A,SD,F,F,D
1521,HALOTEL,MALE,SINGLE,MORE THAN 4,18-35,SJUT,BACHELOR,BELOW 450000,2023,1,31,45,A,A,SA,D,SD,SD,D,SA,SD,SA,D,SA,SA,A,A,SA,SA,SA,SA
1522,VODA,MALE,SINGLE,0 TO 2,18-35,SJUT,BACHELOR,BELOW 450000,2018,1,6,5,D,A,D,SA,SA,A,F,A,A,A,D,F,SA,SD,F,SD,F,SA,A
1523,HALOTEL,MALE,SINGLE,0 TO 2,18-35,SJUT,BACHELOR,BELOW 450000,2020,1,18,21,D,SA,SD,A,D,A,SA,D,A,SA,F,A,SA,SD,F,A,SD,F,F
1524,AIRTEL,MALE,MARRIED,0 TO 2,18-35,SJUT,BACHELOR,BELOW 450000,2021,1,13,14,A,D,F,A,A,D,SD,D,A,A,SD,SD,D,SA,A,SA,SD,A,A
1525,HALOTEL,MALE,SINGLE,MORE THAN 4,18-35,SJUT,BACHELOR,BELOW 450000,2021,1,25,23,A,F,F,D,F,F,F,A,A,A,F,A,A,A,A,A,F,SA,SA
1526,HALOTEL,MALE,SINGLE,3 TO 4,18-35,SJUT,BACHELOR,BELOW 450000,2021,1,6,13,A,F,D,F,D,SD,SD,D,F,SD,F,D,A,A,F,SA,F,A,D
1527,TIGO,FEMALE,SINGLE,MORE THAN 4,18-35,SJUT,BACHELOR,ABOVE 1000000,2009,0,48,48,D,A,F,F,A,D,A,F,A,A,A,A,A,F,A,A,F,A,A
1528,HALOTEL,FEMALE,SINGLE,0 TO 2,18-35,SJUT,BACHELOR,BELOW 450000,2017,1,27,15,D,D,D,D,SD,SD,SD,SD,A,F,A,A,F,F,F,A,D,D,F
1529,HALOTEL,FEMALE,SINGLE,0 TO 2,18-35,SJUT,BACHELOR,BELOW 450000,2018,1,15,16,F,A,F,D,D,D,SD,F,D,F,D,A,F,F,A,A,D,F,A
1530,AIRTEL,FEMALE,SINGLE,0 TO 2,18-35,SJUT,BACHELOR,BELOW 450000,2015,1,4,6,SD,F,F,F,D,D,F,F,A,A,A,A,F,F,A,SA,F,F,F
1531,TIGO,FEMALE,SINGLE,0 TO 2,18-35,SJUT,BACHELOR,BELOW 450000,2020,1,16,10,SD,A,D,SD,F,SD,F,SA,SD,D,F,SD,A,A,SD,A,SA,SA,SA
1532,VODA,FEMALE,SINGLE,0 TO 2,18-35,SJUT,BACHELOR,BELOW 450000,2020,1,26,18,D,A,F,F,A,D,A,A,F,A,D,F,F,F,F,A,A,A,A
1533,AIRTEL,FEMALE,MARRIED,0 TO 2,18-35,SJUT,BACHELOR,BELOW 450000,2023,0,16,57,SD,D,SD,SD,D,D,F,SD,A,SD,D,F,F,SD,D,SD,D,F,SD
1534,VODA,FEMALE,SINGLE,0 TO 2,18-35,SJUT,BACHELOR,BELOW 450000,2016,0,10,21,A,A,A,A,D,D,D,D,A,F,D,D,F,A,D,A,D,A,A
1535,HALOTEL,FEMALE,SINGLE,0 TO 2,18-35,SJUT,BACHELOR,BELOW 450000,2019,,17,26,SD,A,F,F,SA,SD,D,SD,A,D,A,SD,F,D,F,F,A,A,A
1536,AIRTEL,MALE,SINGLE,0 TO 2,18-35,SJUT,BACHELOR,BELOW 450000,2015,0,6,6,SD,F,A,F,A,A,D,D,D,F,A,A,A,SD,F,A,A,A,F
1537,TIGO,MALE,SINGLE,0 TO 2,18-35,SJUT,BACHELOR,BELOW 450000,2019,1,3,3,SA,SA,SD,F,SD,SD,A,A,SA,A,F,F,A,SA,A,F,A,SD,SA
1538,VODA,MALE,SINGLE,3 TO 4,18-35,SJUT,BACHELOR,BELOW 450000,2010,1,180,180,A,A,D,A,A,,D,SD,D,A,F,A,A,D,F,SD,D,F,A
1539,VODA,MALE,SINGLE,MORE THAN 4,18-35,SJUT,BACHELOR,BELOW 450000,2018,0.9,17,22,D,A,D,A,A,D,A,A,A,SA,D,A,A,A,A,A,A,A,A
1540,HALOTEL,FEMALE,SINGLE,0 TO 2,18-35,SJUT,BACHELOR,BELOW 450000,2021,0.5,15,15,A,F,SA,A,A,SA,D,F,A,F,A,A,D,F,F,D,F,F,F
1541,VODA,MALE,SINGLE,0 TO 2,18-35,SJUT,BACHELOR,BELOW 450000,2012,,6,9,A,SD,SD,SD,SA,A,SD,D,SD,SA,SD,SA,SA,SA,SA,SA,SA,,A
1542,HALOTEL,MALE,SINGLE,0 TO 2,18-35,SJUT,BACHELOR,BELOW 450000,2018,0.75,21,28,SD,SD,SA,D,D,SD,SA,SA,SA,A,SA,D,,F,F,A,A,A,SA
1543,AIRTEL,MALE,SINGLE,0 TO 2,18-35,SJUT,BACHELOR,BELOW 450000,2016,1,20,18,A,SA,SA,F,D,F,F,F,A,F,SA,SA,F,F,D,F,F,D,SA
1544,TIGO,MALE,SINGLE,0 TO 2,18-35,SJUT,BACHELOR,BELOW 450000,2014,,4,4,A,A,A,A,A,A,SD,D,A,SD,SD,SD,A,A,SD,D,A,D,A
1545,TIGO,FEMALE,SINGLE,0 TO 2,,SJUT,BACHELOR,BELOW 450000,2023,,63,9,F,F,F,SA,SD,SD,SD,SD,A,SD,F,F,SD,F,F,A,F,F,F
1546,TIGO,FEMALE,SINGLE,0 TO 2,18-35,SJUT,BACHELOR,450000-1000000,2021,0,3,3,SD,D,D,,D,SD,D,F,SD,F,D,SD,D,A,F,D,SD,F,F
1547,VODA,FEMALE,MARRIED,0 TO 2,18-35,SJUT,BACHELOR,BELOW 450000,2014,,70,70,D,A,D,SD,SA,F,D,A,SD,SA,F,D,A,D,F,D,A,SD,F
1548,VODA,MALE,SINGLE,3 TO 4,18-35,SJUT,BACHELOR,BELOW 450000,2010,0,8,12,SD,SA,SD,F,D,SA,D,F,A,SD,SA,SA,A,SD,A,A,A,F,SA
1549,VODA,MALE,SEPARATED,0 TO 2,18-35,SJUT,BACHELOR,BELOW 450000,2016,0.5,3,3,SD,A,A,F,SA,A,F,F,A,SD,A,SA,A,F,D,A,SD,SD,SD
1550,VODA,MALE,SINGLE,0 TO 2,18-35,SJUT,BACHELOR,BELOW 450000,2014,0.5,21,15,SD,SD,SA,A,D,D,D,D,F,SD,SD,SD,D,A,F,F,SD,A,F
1551,TIGO,MALE,SINGLE,0 TO 2,18-35,SJUT,BACHELOR,BELOW 450000,2015,1,90,90,SD,SD,SD,D,F,F,A,A,A,SD,F,D,A,SD,F,SD,F,SD,F
1552,AIRTEL,MALE,SINGLE,0 TO 2,18-35,SJUT,BACHELOR,BELOW 450000,2021,0,4,4,SD,SD,D,D,F,A,D,A,SA,D,D,A,SA,A,F,F,A,D,A
1553,VODA,MALE,SINGLE,,18-35,SJUT,BACHELOR,BELOW 450000,2018,,75,58,SA,SD,SD,D,D,SD,D,,SD,D,SD,SD,SD,D,SD,SD,D,SD,D
1554,HALOTEL,MALE,SINGLE,,18-35,SJUT,BACHELOR,BELOW 450000,2018,0.5,48,65,SA,SD,SD,D,D,SD,D,,SD,D,SD,SD,SD,D,SD,SD,D,SD,D
1555,HALOTEL,FEMALE,SINGLE,0 TO 2,18-35,SJUT,BACHELOR,,2022,0,10,19,SA,SD,SD,D,SD,D,,,SD,D,SD,SD,SD,D,SD,SD,D,SD,D
1556,HALOTEL,MALE,MARRIED,0 TO 2,18-35,SJUT,BACHELOR,BELOW 450000,2021,0.7,10,13,SD,A,SD,A,A,D,A,D,SA,D,D,D,A,SD,SA,SA,SD,SD,SA
1557,HALOTEL,FEMALE,SINGLE,0 TO 2,18-35,SJUT,BACHELOR,BELOW 450000,2019,0.75,7,8,SD,SA,SD,SA,SD,F,F,SD,SA,F,SA,A,SA,A,SA,SA,A,F,SA
1558,HALOTEL,MALE,SINGLE,0 TO 2,18-35,SJUT,BACHELOR,BELOW 450000,2016,0.25,12,13,D,A,D,A,SD,D,SD,SD,D,F,SA,SA,SD,F,SD,SA,SD,F,A
1559,AIRTEL,FEMALE,SINGLE,0 TO 2,18-35,SJUT,BACHELOR,BELOW 450000,2019,0.4,12,12,SD,D,D,F,D,,D,D,F,F,D,F,F,F,F,F,F,D,F
1560,TIGO,MALE,SINGLE,0 TO 2,18-35,SJUT,BACHELOR,BELOW 450000,,,12,12,SD,A,F,F,SD,F,SD,D,F,F,SA,A,A,A,SA,F,D,F,F
1561,TIGO,FEMALE,SINGLE,0 TO 2,18-35,SJUT,BACHELOR,BELOW 450000,2019,0.75,12,8,SD,SA,A,SA,SD,SD,A,F,A,SD,A,SD,F,D,D,D,D,SA,A
1562,AIRTEL,FEMALE,SINGLE,,18-35,SJUT,BACHELOR,,2020,1,,,D,D,D,F,A,F,D,D,A,D,D,A,D,D,D,D,F,A,A
1563,TIGO,MALE,SINGLE,0 TO 2,18-35,SJUT,BACHELOR,BELOW 450000,2020,0.4,3,3,SD,SA,F,D,SD,SA,A,SD,SA,F,SD,SD,F,D,SD,SA,D,F,A
1564,TIGO,MALE,SINGLE,0 TO 2,18-35,SJUT,BACHELOR,BELOW 450000,,0.4,6,6,D,A,A,SA,SD,,D,A,D,D,D,D,A,A,D,A,A,A,
1565,TIGO,MALE,SINGLE,0 TO 2,18-35,SJUT,BACHELOR,BELOW 450000,2017,0,33,12,D,A,A,SA,SD,F,SD,SD,SD,F,SA,A,D,SA,SA,SD,SD,SA,SA
1566,TIGO,MALE,SINGLE,MORE THAN 4,18-35,SJUT,BACHELOR,BELOW 450000,2020,1,3,3,A,A,SD,A,SD,SD,SD,SD,SD,D,SA,D,D,A,A,D,A,A,D
1567,HALOTEL,MALE,SINGLE,3 TO 4,18-35,SJUT,BACHELOR,BELOW 450000,2017,1,,,A,A,SA,A,SA,SA,SA,A,SA,F,SA,A,F,SA,F,A,A,A,A
1568,HALOTEL,MALE,SINGLE,0 TO 2,18-35,SJUT,BACHELOR,BELOW 450000,2017,0.5,96,70,SD,D,A,D,D,F,A,SD,F,A,SD,A,SD,F,SD,F,SA,A,SD
1569,VODA,MALE,SINGLE,0 TO 2,18-35,SJUT,BACHELOR,,,0.8,15,15,D,A,A,A,D,D,D,D,A,F,D,A,A,F,F,F,F,F,F
1570,HALOTEL,FEMALE,SINGLE,0 TO 2,18-35,SJUT,BACHELOR,BELOW 450000,2019,0,75,29,SD,A,SD,D,F,SD,SA,SA,F,A,SD,D,A,SD,F,SA,SA,A,A
1571,HALOTEL,FEMALE,SINGLE,0 TO 2,18-35,SJUT,BACHELOR,BELOW 450000,2020,0,4,3,D,F,D,F,SD,SD,D,D,F,F,F,F,A,A,A,F,F,F,A
1572,AIRTEL,MALE,SINGLE,3 TO 4,18-35,SJUT,BACHELOR,BELOW 450000,2018,0.5,45,45,SA,SD,SD,D,D,SD,D,,SD,D,SD,SD,SD,D,SD,SD,D,SD,D
1573,HALOTEL,FEMALE,SINGLE,0 TO 2,18-35,SJUT,BACHELOR,BELOW 450000,2022,0.5,4,3,D,F,D,F,SD,SD,D,D,F,F,F,F,A,A,A,F,F,F,A
1574,VODA,FEMALE,SINGLE,0 TO 2,18-35,SJUT,BACHELOR,BELOW 450000,2020,0,15,11,SD,SA,A,D,F,SD,F,SD,A,,SD,A,D,A,A,A,F,F,SA
1575,AIRTEL,MALE,SINGLE,MORE THAN 4,18-35,SJUT,BACHELOR,BELOW 450000,2018,,12,23,F,A,D,SA,F,D,F,F,A,F,D,D,A,F,F,A,F,SD,D
1576,TIGO,FEMALE,SINGLE,0 TO 2,18-35,SJUT,BACHELOR,,2019,0.8,11,6,D,F,SD,F,A,SD,SD,D,F,SD,SD,D,F,F,SD,F,SD,F,SD
1577,HALOTEL,MALE,SINGLE,0 TO 2,18-35,SJUT,BACHELOR,BELOW 450000,2019,0.75,9,4,D,F,SD,A,A,SD,SD,F,D,SD,SD,A,SD,F,SD,SD,D,F,SD
1578,HALOTEL,MALE,SINGLE,0 TO 2,18-35,SJUT,BACHELOR,BELOW 450000,2022,0.5,15,4,SD,A,D,SA,SD,F,D,A,D,F,SA,D,D,SA,A,A,F,A,D
1579,HALOTEL,MALE,SINGLE,0 TO 2,18-35,SJUT,BACHELOR,BELOW 450000,2020,0,1,8,SA,SA,F,F,D,F,D,F,D,SA,F,A,F,A,A,A,A,SD,A
1580,HALOTEL,MALE,SINGLE,MORE THAN 4,18-35,SJUT,BACHELOR,BELOW 450000,2020,0.75,35,35,A,SA,D,F,D,D,SD,D,SD,D,D,SD,SD,F,F,A,F,A,D
1581,VODA,MALE,SINGLE,0 TO 2,18-35,SJUT,BACHELOR,BELOW 450000,,0.82,64,6,SD,A,F,D,SD,SD,A,SD,SD,D,SD,SA,SA,SA,A,SA,SA,SA,SA
1582,VODA,MALE,SINGLE,0 TO 2,18-35,SJUT,BACHELOR,BELOW 450000,2023,0.7,12,35,F,F,A,F,F,D,D,D,F,F,SA,A,F,SA,F,F,F,A,A
1583,VODA,MALE,SINGLE,0 TO 2,18-35,SJUT,BACHELOR,,2017,0,12,24,A,SA,D,SA,,SD,SA,SA,A,,A,F,F,F,A,A,SA,SA,SA
1584,VODA,MALE,SINGLE,0 TO 2,18-35,SJUT,BACHELOR,BELOW 450000,2022,0.87,45,12,D,A,SD,D,SD,A,D,D,D,SA,D,F,A,F,F,F,SA,A,SD
1585,VODA,MALE,SINGLE,0 TO 2,18-35,SJUT,BACHELOR,BELOW 450000,2022,0.3,27,19,A,A,D,SA,SD,D,D,F,D,F,A,F,A,D,F,A,A,SA,SA
1586,VODA,FEMALE,SINGLE,3 TO 4,18-35,SJUT,BACHELOR,BELOW 450000,2020,0.65,64,90,SD,A,SD,F,SD,SA,SA,F,A,SD,D,SD,A,SD,F,SA,SA,A,A
1587,HALOTEL,MALE,SINGLE,0 TO 2,18-35,SJUT,BACHELOR,BELOW 450000,2018,1,6,6,SD,D,F,F,F,SA,F,SD,SA,SD,,SD,SD,F,D,F,SA,SA,SA
1588,TIGO,FEMALE,SINGLE,MORE THAN 4,18-35,SJUT,BACHELOR,BELOW 450000,2008,0,5,6,D,F,F,D,A,D,F,A,D,A,,,A,A,F,A,F,A,F
1589,VODA,FEMALE,SEPARATED,MORE THAN 4,18-35,SJUT,BACHELOR,BELOW 450000,2009,0,6,6,D,A,A,A,A,A,A,D,D,D,,SD,SD,D,SD,D,F,SD,D
1590,AIRTEL,FEMALE,SINGLE,,18-35,SJUT,BACHELOR,BELOW 450000,2021,0.75,13,9,F,A,F,F,F,SA,F,A,SA,D,D,A,F,A,SA,SA,F,SA,SA
1591,VODA,MALE,SINGLE,0 TO 2,18-35,SJUT,BACHELOR,BELOW 450000,,0.8,18,18,SA,SA,SD,SD,SD,SD,SD,SD,F,D,SA,D,A,SD,SD,A,SD,SA,SD
1592,AIRTEL,FEMALE,SINGLE,0 TO 2,18-35,SJUT,BACHELOR,450000-1000000,2021,,12,,D,F,A,A,D,D,F,F,F,D,D,F,A,D,F,F,D,F,
1593,AIRTEL,MALE,SINGLE,0 TO 2,18-35,SJUT,BACHELOR,BELOW 450000,2020,1,9,4,A,D,SD,F,D,A,F,A,,A,F,D,,A,,A,,A,A
1594,HALOTEL,FEMALE,SINGLE,0 TO 2,18-35,SJUT,BACHELOR,450000-1000000,2018,0.25,9,10,SD,SA,F,A,SD,SD,A,A,SD,F,F,A,A,A,F,A,F,F,
1595,VODA,FEMALE,SINGLE,3 TO 4,18-35,SJUT,BACHELOR,BELOW 450000,2019,1,10,12,D,D,SA,A,SD,SD,SA,SA,A,D,A,F,A,F,F,A,F,A,F
1596,VODA,MALE,SINGLE,0 TO 2,18-35,SJUT,BACHELOR,BELOW 450000,2015,,12,10,F,F,F,A,D,D,F,F,F,F,F,D,D,F,F,SA,F,SD,F
1597,TIGO,MALE,MARRIED,MORE THAN 4,18-35,SJUT,BACHELOR,ABOVE 1000000,2010,0,3,3,A,F,SD,D,A,SD,SA,SD,A,D,A,A,D,D,D,D,SD,SD,D
1598,TIGO,FEMALE,SINGLE,MORE THAN 4,18-35,SJUT,BACHELOR,BELOW 450000,2021,1,3,6,A,A,SD,D,A,SD,SA,SD,A,D,F,F,D,D,D,D,SD,SD,D
1599,HALOTEL,FEMALE,SINGLE,0 TO 2,18-35,SJUT,BACHELOR,BELOW 450000,2021,1,13,14,D,SD,A,A,SD,A,D,SD,A,SD,A,A,D,D,A,F,SD,A,SD
1600,AIRTEL,FEMALE,SINGLE,,,SJUT,BACHELOR,BELOW 450000,2021,0.7,15,27,D,A,F,F,A,A,A,A,A,F,SA,,SD,SD,D,,SA,F,SA
1601,VODA,MALE,MARRIED,0 TO 2,18-35,SJUT,BACHELOR,ABOVE 1000000,2009,0,6,6,D,F,F,A,A,,F,F,SA,A,A,A,F,A,A,SA,A,A,A
1602,HALOTEL,FEMALE,SINGLE,0 TO 2,18-35,SJUT,BACHELOR,ABOVE 1000000,2018,,8,,SD,SA,SA,D,D,SA,D,,SA,D,D,D,F,SD,SA,SA,SD,SD,SA
1603,TIGO,MALE,SINGLE,0 TO 2,18-35,SJUT,BACHELOR,BELOW 450000,2010,1,20,35,SA,SA,SA,SA,SA,SA,SA,A,SA,A,SA,A,A,A,A,,A,SA,SA
1604,HALOTEL,MALE,SINGLE,0 TO 2,18-35,SJUT,BACHELOR,BELOW 450000,2022,1,13,13,SA,SA,SA,SA,SA,SA,SA,,SA,F,F,F,F,,SA,F,SA,F,SA
1605,VODA,FEMALE,SINGLE,0 TO 2,18-35,SJUT,BACHELOR,450000-1000000,2021,0.7,60,90,SD,SD,SD,A,SD,A,A,A,SD,A,SD,SD,F,F,SD,SD,SD,SD,SD
1606,VODA,MALE,SINGLE,0 TO 2,18-35,SJUT,BACHELOR,BELOW 450000,,0.8,4,3,SD,D,F,F,F,SD,F,F,F,A,A,SD,A,A,F,D,A,F,F
1607,TIGO,FEMALE,SINGLE,0 TO 2,18-35,SJUT,BACHELOR,BELOW 450000,2021,0,10,15,D,D,D,A,D,D,SD,F,A,A,F,SD,A,F,F,SD,F,F,F
1608,VODA,MALE,MARRIED,3 TO 4,36 TO 50,SJUT,BACHELOR,BELOW 450000,2019,0,75,11,D,SD,D,F,A,D,D,D,F,A,SD,D,F,F,F,,D,F,D
1609,AIRTEL,MALE,SINGLE,0 TO 2,18-35,SJUT,BACHELOR,BELOW 450000,2017,0.7,3,3,D,SA,SA,SA,D,F,F,A,F,F,F,A,D,F,F,SD,SA,F,A
1610,VODA,MALE,SINGLE,0 TO 2,18-35,SJUT,BACHELOR,BELOW 450000,2017,1,3,3,SD,SD,SD,SD,SD,F,A,SD,SA,SD,SD,D,SA,SD,SD,SA,SD,SD,A
1611,TIGO,MALE,SINGLE,0 TO 2,18-35,SJUT,BACHELOR,BELOW 450000,2009,0.6,3,3,SD,F,SD,SA,SA,SA,SA,SA,SD,SD,SA,SA,A,A,SA,SA,A,A,SA
1612,TIGO,MALE,SINGLE,MORE THAN 4,18-35,SJUT,BACHELOR,450000-1000000,2018,,3,3,SD,SA,D,F,SD,F,SD,F,SD,F,SA,SA,SD,SD,F,F,SD,F,F
1613,TIGO,MALE,SINGLE,0 TO 2,18-35,SJUT,BACHELOR,BELOW 450000,2017,1,18,18,SD,SA,SA,F,F,SD,D,SA,SA,F,F,F,A,F,F,A,F,SA,SA
1614,TIGO,MALE,SINGLE,MORE THAN 4,,SJUT,BACHELOR,BELOW 450000,2020,,18,18,SD,A,SA,A,SA,SD,,SA,SA,D,SD,SD,SA,A,SA,D,SD,SA,SA
1615,VODA,MALE,SINGLE,0 TO 2,18-35,SJUT,BACHELOR,BELOW 450000,2018,1,17,18,SD,A,F,D,A,SA,A,F,A,A,F,A,A,A,A,SA,A,A,F
1616,HALOTEL,FEMALE,SINGLE,0 TO 2,18-35,SJUT,BACHELOR,BELOW 450000,2020,1,7,18,SD,A,F,SD,A,A,SD,F,F,SD,F,SA,SD,F,,SD,F,A,A
1617,AIRTEL,FEMALE,SINGLE,0 TO 2,18-35,SJUT,BACHELOR,BELOW 450000,2017,0.8,8,5,SD,A,SD,D,A,SA,A,F,D,F,A,D,A,A,A,A,D,A,SA
1618,HALOTEL,MALE,SINGLE,0 TO 2,18-35,SJUT,BACHELOR,,2010,0,12,14,D,A,SD,A,A,A,F,F,A,F,A,A,SA,A,F,,A,SA,A
1619,VODA,FEMALE,SINGLE,0 TO 2,18-35,SJUT,BACHELOR,BELOW 450000,2021,0.9,27,26,SD,SA,F,SA,A,D,D,SD,SD,D,SA,F,A,A,F,A,F,D,F
1620,HALOTEL,FEMALE,SINGLE,MORE THAN 4,18-35,SJUT,BACHELOR,,2010,,12,14,D,A,SD,F,SA,SD,SA,SD,SA,SD,A,SA,SD,D,SA,SA,SD,D,SA
1621,AIRTEL,MALE,SINGLE,0 TO 2,18-35,SJUT,BACHELOR,BELOW 450000,,0.7,12,6,SD,SD,SD,SD,A,A,A,SD,A,SD,F,F,SD,SD,SD,SD,SD,SD,SD
1622,AIRTEL,MALE,SINGLE,0 TO 2,18-35,SJUT,BACHELOR,BELOW 450000,,0.7,12,6,SD,SD,SD,SD,A,A,A,SD,A,SD,SD,F,SD,SD,SD,SD,SD,SD,SD
1623,AIRTEL,MALE,SINGLE,0 TO 2,18-35,SJUT,BACHELOR,BELOW 450000,2013,0.87,3,3,SA,SA,D,F,A,D,D,A,A,D,D,F,F,D,D,A,D,D,A
1624,AIRTEL,MALE,SINGLE,0 TO 2,18-35,SJUT,BACHELOR,BELOW 450000,2022,1,16,15,F,F,SD,SA,SA,SD,F,SA,D,SA,F,F,A,SA,SA,SA,SA,A,SA
1625,VODA,FEMALE,SINGLE,3 TO 4,18-35,SJUT,BACHELOR,BELOW 450000,2019,0,8,3,SD,SA,SA,D,SA,A,SA,SA,D,F,SD,F,SA,SA,SA,SA,A,SA,SA
1626,AIRTEL,FEMALE,SINGLE,0 TO 2,18-35,SJUT,BACHELOR,BELOW 450000,2019,1,11,20,SD,SA,A,SD,A,D,A,SA,A,F,F,F,SD,SA,SA,SA,SA,SA,SA
1627,AIRTEL,FEMALE,SINGLE,0 TO 2,18-35,SJUT,BACHELOR,BELOW 450000,2020,1,9,11,D,A,D,A,SD,D,D,D,F,A,F,F,F,A,F,D,F,F,F
1628,AIRTEL,MALE,SINGLE,MORE THAN 4,18-35,SJUT,BACHELOR,BELOW 450000,2010,0,9,12,SD,A,F,D,SD,A,F,A,A,D,A,D,A,A,F,SA,SD,SA,A
1629,VODA,FEMALE,MARRIED,0 TO 2,18-35,SJUT,BACHELOR,,2019,,13,21,D,A,A,SA,SD,D,D,A,A,F,F,F,A,A,A,SA,SD,SA,SD
1630,TIGO,FEMALE,SINGLE,0 TO 2,18-35,SJUT,BACHELOR,,2018,0,6,7,SD,A,SD,A,SD,SD,SD,SA,SD,SA,SA,F,D,SA,F,SD,A,A,SA
1631,HALOTEL,MALE,SINGLE,0 TO 2,18-35,SJUT,BACHELOR,ABOVE 1000000,2018,0.87,54,43,D,F,F,A,SD,D,SD,D,A,SA,SA,A,SD,SD,SA,SA,A,SA,SA
1632,VODA,FEMALE,MARRIED,3 TO 4,18-35,SJUT,BACHELOR,BELOW 450000,2021,0,97,43,SA,SD,D,SD,SA,SD,A,F,SA,SD,A,D,SA,A,SD,A,SA,SD,A
1633,HALOTEL,MALE,SINGLE,0 TO 2,18-35,SJUT,BACHELOR,BELOW 450000,2019,0,5,3,SD,SA,F,A,F,F,F,D,A,A,F,F,F,F,A,D,A,SA,SA
1634,VODA,MALE,SINGLE,0 TO 2,18-35,SJUT,BACHELOR,BELOW 450000,2017,0.08,3,7,SA,SA,A,A,SA,SD,F,SA,SD,A,D,SD,A,SA,SA,SA,SA,A,A
1635,VODA,MALE,SINGLE,0 TO 2,18-35,SJUT,BACHELOR,,2022,0,3,4,SA,A,D,A,D,D,D,A,A,D,SD,A,A,A,A,D,A,A,A
1636,AIRTEL,FEMALE,SINGLE,0 TO 2,18-35,SJUT,BACHELOR,,2022,0,9,9,F,D,A,A,F,F,D,F,F,F,D,A,F,F,D,F,A,A,A
1637,TIGO,FEMALE,SINGLE,0 TO 2,18-35,SJUT,BACHELOR,BELOW 450000,2020,0.8,,,D,F,SD,A,SA,SA,A,A,A,D,D,A,A,A,F,A,A,SA,SA
1638,TIGO,FEMALE,SINGLE,0 TO 2,18-35,SJUT,BACHELOR,BELOW 450000,,0,5,11,D,D,D,A,D,D,SD,F,A,A,F,SD,A,F,F,SD,F,F,F
1639,TIGO,FEMALE,SINGLE,0 TO 2,18-35,SJUT,BACHELOR,BELOW 450000,,0,30,95,D,SD,D,D,F,D,D,SD,A,SD,D,SD,F,SD,D,A,SD,F,SD
1640,HALOTEL,FEMALE,SINGLE,0 TO 2,18-35,SJUT,BACHELOR,BELOW 450000,2017,0,21,6,D,SA,SD,F,SD,SD,SD,SD,SA,SD,SA,D,D,SD,SD,A,D,SA,D
1641,HALOTEL,FEMALE,SINGLE,0 TO 2,18-35,SJUT,BACHELOR,,2021,0.39,42,38,SD,A,A,A,SD,SD,SD,SD,A,SD,A,A,A,A,SD,A,SD,SA,SA
1642,TIGO,FEMALE,SINGLE,3 TO 4,18-35,SJUT,BACHELOR,BELOW 450000,2019,0.3,7,5,SD,D,F,SA,SD,D,F,A,SA,D,D,A,A,F,F,SD,A,A,A
1643,VODA,MALE,SINGLE,0 TO 2,18-35,SJUT,BACHELOR,BELOW 450000,2022,0.45,33,33,D,SA,SA,SA,SA,SD,SD,SD,SD,F,SD,D,A,F,A,D,D,SD,SA
1644,TIGO,FEMALE,SINGLE,3 TO 4,18-35,SJUT,BACHELOR,BELOW 450000,2016,0.5,3,,A,SA,SA,D,D,SD,A,A,D,A,D,D,A,A,A,A,A,A,A
1645,VODA,MALE,SINGLE,0 TO 2,18-35,SJUT,BACHELOR,BELOW 450000,2022,0.82,12,12,SD,SD,SD,A,SD,SD,D,,A,D,F,A,SD,A,F,F,SA,SA,SA
1646,TIGO,FEMALE,SINGLE,0 TO 2,18-35,SJUT,BACHELOR,,2023,0,16,18,A,A,D,A,SA,SD,A,A,F,SA,F,F,F,F,F,A,SA,SA,SA
1647,VODA,MALE,SINGLE,0 TO 2,18-35,SJUT,BACHELOR,BELOW 450000,2018,0,12,9,SD,SD,D,D,F,SD,A,A,A,F,D,D,F,A,D,F,SA,SA,SA
1648,HALOTEL,MALE,SINGLE,0 TO 2,18-35,SJUT,BACHELOR,BELOW 450000,2021,0,90,90,SD,A,D,D,D,SD,D,SD,A,A,D,D,F,A,D,F,SA,SA,A
1649,HALOTEL,MALE,SINGLE,MORE THAN 4,18-35,SJUT,BACHELOR,BELOW 450000,2019,0.7,7,8,F,D,A,SA,D,F,D,F,A,F,A,F,A,A,F,A,A,SA,SA
1650,VODA,FEMALE,SINGLE,0 TO 2,18-35,SJUT,BACHELOR,BELOW 450000,,0,3,35,SD,A,A,SD,F,F,F,F,F,SD,D,F,F,D,F,F,D,F,A
1651,AIRTEL,MALE,SINGLE,0 TO 2,18-35,SJUT,BACHELOR,BELOW 450000,2023,0.88,37,75,SD,,A,A,SD,SD,SD,F,SD,F,SA,SD,SD,SD,SA,SD,SA,F,F
1652,TIGO,MALE,SINGLE,0 TO 2,18-35,SJUT,BACHELOR,BELOW 450000,2021,1,5,3,SD,D,F,SD,A,F,SD,A,A,D,F,F,D,A,D,SD,SA,F,A
1653,AIRTEL,MALE,SINGLE,0 TO 2,18-35,SJUT,BACHELOR,450000-1000000,2021,0.5,3,3,F,F,F,F,SD,D,A,F,F,F,D,F,F,D,A,D,F,F,F
1654,TIGO,MALE,SINGLE,0 TO 2,18-35,SJUT,BACHELOR,450000-1000000,2018,1,12,5,SD,SA,SA,SA,F,SD,SD,F,SA,F,SA,A,SA,F,SD,SD,SD,SD,SD
1655,HALOTEL,FEMALE,SINGLE,0 TO 2,18-35,SJUT,BACHELOR,BELOW 450000,2021,0.8,3,3,D,A,SD,A,SD,D,D,A,A,A,D,D,A,A,A,A,A,SA,A
1656,TIGO,MALE,SINGLE,0 TO 2,18-35,SJUT,BACHELOR,450000-1000000,2021,1,3,3,A,A,A,SD,SD,D,SD,D,SD,A,A,A,SD,A,A,A,A,A,A
1657,TIGO,MALE,SINGLE,0 TO 2,18-35,SJUT,BACHELOR,BELOW 450000,2021,1,3,3,A,SA,SD,,D,SA,,SD,D,D,A,A,SD,,D,SD,,D,A
1658,HALOTEL,MALE,SINGLE,0 TO 2,18-35,SJUT,BACHELOR,BELOW 450000,2020,0,9,9,SD,SA,SD,A,SA,SA,SD,SA,SD,SD,SD,A,SA,SA,SA,SA,A,SA,A
1659,VODA,MALE,SINGLE,0 TO 2,18-35,SJUT,BACHELOR,BELOW 450000,2010,1,12,12,SD,SD,SD,D,A,SA,SA,A,D,SD,D,SD,SA,SA,SA,SA,F,A,SA
1660,VODA,FEMALE,SINGLE,0 TO 2,18-35,SJUT,BACHELOR,BELOW 450000,,1,36,36,SD,SD,SA,SA,SA,SA,SA,SA,A,SA,A,A,D,SA,A,SA,SA,SA,SA
1661,AIRTEL,FEMALE,SINGLE,MORE THAN 4,18-35,SJUT,BACHELOR,BELOW 450000,2021,1,3,9,SD,SA,D,A,SD,A,SD,SD,SD,SD,SD,SD,SD,SD,SD,SD,SD,SD,SD
1662,TIGO,MALE,SINGLE,MORE THAN 4,18-35,SJUT,BACHELOR,BELOW 450000,2021,1,3,3,SD,SA,SA,SA,D,SD,SD,F,F,A,A,SD,A,F,SD,SD,SD,SD,SD
1663,HALOTEL,FEMALE,MARRIED,0 TO 2,18-35,SJUT,BACHELOR,BELOW 450000,2013,1,9,9,D,A,D,A,SD,F,F,A,SA,SA,SD,SA,F,SA,D,SA,A,SA,SA
1664,HALOTEL,MALE,SINGLE,0 TO 2,18-35,SJUT,BACHELOR,BELOW 450000,2018,0.8,3,3,A,SA,F,SA,F,A,SA,SA,A,A,SA,A,SA,A,A,SA,SA,A,SA
1665,HALOTEL,FEMALE,SINGLE,MORE THAN 4,18-35,SJUT,BACHELOR,BELOW 450000,2018,0.75,8,12,A,SA,SD,SA,SD,SD,SA,SA,SA,SD,A,A,A,A,A,SA,SA,A,SA
1666,VODA,MALE,SINGLE,0 TO 2,18-35,SJUT,BACHELOR,BELOW 450000,2015,1,3,3,SD,SA,SA,SA,F,D,,D,SD,SD,F,F,SD,D,F,A,F,F,F
1667,HALOTEL,MALE,SINGLE,0 TO 2,18-35,SJUT,BACHELOR,BELOW 450000,2023,1,12,12,SD,SA,SA,SA,F,SD,SD,SD,F,F,SA,SD,SA,SA,SD,SA,F,SA,F
1668,HALOTEL,FEMALE,SINGLE,0 TO 2,18-35,SJUT,BACHELOR,BELOW 450000,2021,1,42,42,F,SA,SA,SD,SD,D,SD,SA,F,A,A,A,SA,SA,A,SA,A,SA,SA
1669,HALOTEL,MALE,SINGLE,0 TO 2,18-35,SJUT,BACHELOR,BELOW 450000,2015,1,5,6,F,F,F,A,F,A,F,A,F,F,F,A,SA,F,D,A,A,SA,A
1670,TIGO,FEMALE,SINGLE,0 TO 2,18-35,SJUT,BACHELOR,BELOW 450000,2022,1,3,3,D,A,SA,SA,SD,D,D,SD,A,D,A,A,D,SD,A,D,SA,A,A
1671,VODA,MALE,SINGLE,,18-35,SJUT,BACHELOR,BELOW 450000,2016,1,3,3,A,F,F,F,F,F,A,A,A,F,F,A,A,A,F,A,F,F,F
1672,HALOTEL,MALE,SINGLE,0 TO 2,18-35,SJUT,BACHELOR,BELOW 450000,2022,0.4,30,25,SD,SD,F,SA,A,A,D,A,F,F,D,A,A,A,A,SA,A,A,F
1673,TIGO,MALE,SINGLE,3 TO 4,18-35,SJUT,BACHELOR,BELOW 450000,,0.8,3,3,SA,F,A,SA,SD,A,SA,D,SA,SD,A,D,A,D,SA,F,SD,D,D
1674,VODA,MALE,SINGLE,0 TO 2,18-35,SJUT,BACHELOR,BELOW 450000,2017,1,3,4,A,SA,D,A,SA,D,A,SD,A,SD,A,SA,D,A,SD,F,A,D,F
1675,TIGO,MALE,SEPARATED,0 TO 2,18-35,SJUT,BACHELOR,BELOW 450000,2012,0.75,90,90,A,A,SD,SA,SD,SD,SD,SD,SA,D,F,A,SD,SD,SD,D,A,SD,F
1676,HALOTEL,FEMALE,SINGLE,MORE THAN 4,18-35,SJUT,BACHELOR,BELOW 450000,2018,1,90,90,SA,SA,A,F,D,D,F,D,D,F,A,SA,SA,SA,A,A,A,SA,SA
1677,HALOTEL,,SINGLE,MORE THAN 4,18-35,SJUT,BACHELOR,ABOVE 1000000,2021,,90,90,SD,F,D,D,F,F,A,A,F,A,D,F,D,D,D,A,A,F,F
1678,VODA,MALE,SINGLE,0 TO 2,18-35,SJUT,BACHELOR,BELOW 450000,2021,0.6,90,90,SD,D,,SD,F,D,F,SD,F,,F,F,F,SA,,SD,F,SD,SD
1679,HALOTEL,MALE,SINGLE,0 TO 2,18-35,SJUT,BACHELOR,BELOW 450000,2021,0.23,9,12,D,A,F,D,D,SD,SD,A,SA,SD,SD,A,SA,SA,A,F,F,A,SD
1680,HALOTEL,FEMALE,SINGLE,MORE THAN 4,18-35,SJUT,BACHELOR,,2021,1,3,3,SD,SA,A,A,,F,SD,,D,,,SD,D,,F,SD,A,A,A
1681,HALOTEL,FEMALE,SINGLE,0 TO 2,18-35,SJUT,BACHELOR,BELOW 450000,2010,0.8,90,90,A,F,SA,F,SA,A,SA,A,SA,A,SA,A,SA,A,A,A,A,A,A
1682,VODA,MALE,SINGLE,MORE THAN 4,18-35,SJUT,BACHELOR,BELOW 450000,2013,0.8,3,3,D,A,A,SA,F,SD,F,F,A,F,D,SD,SD,F,D,SA,D,F,SA
1683,HALOTEL,MALE,SINGLE,0 TO 2,18-35,SJUT,BACHELOR,BELOW 450000,2022,1,90,90,SD,A,SA,A,SD,A,SA,SA,D,A,A,,,SD,SD,SD,SD,SD,SD
1684,TIGO,FEMALE,SINGLE,0 TO 2,18-35,SJUT,BACHELOR,BELOW 450000,,1,24,36,SD,SD,F,F,,F,SA,SA,SA,,SD,SD,SD,SD,SA,SD,SA,SA,SA
1685,HALOTEL,FEMALE,SINGLE,0 TO 2,18-35,SJUT,BACHELOR,BELOW 450000,2014,1,40,8,SD,SA,SD,SA,SD,SD,SD,SA,SD,SD,SD,SD,SA,SD,SA,SD,SA,SA,SA
1686,AIRTEL,MALE,SINGLE,0 TO 2,18-35,SJUT,BACHELOR,BELOW 450000,2017,0.75,30,12,D,SD,A,SA,SD,SA,D,SA,D,A,A,A,F,D,F,D,D,A,A
1687,VODA,FEMALE,SINGLE,0 TO 2,18-35,SJUT,BACHELOR,BELOW 450000,2020,,24,12,SD,SD,F,F,SA,F,SA,A,F,SA,D,D,A,F,A,A,F,A,A
1688,VODA,FEMALE,SINGLE,0 TO 2,18-35,SJUT,BACHELOR,BELOW 450000,2021,0,4,19,D,D,A,A,D,D,A,A,A,D,A,A,A,A,A,A,A,A,A
1689,HALOTEL,MALE,SINGLE,0 TO 2,18-35,SJUT,BACHELOR,,,0.8,21,24,F,D,SD,SA,D,SA,SD,SD,SA,SA,F,SD,F,D,SD,SA,F,SA,A
1690,HALOTEL,MALE,SINGLE,MORE THAN 4,18-35,SJUT,BACHELOR,BELOW 450000,2018,0.9,60,37,SA,SA,D,D,SD,F,D,F,F,A,D,A,F,F,F,D,A,SA,SA
1691,TIGO,FEMALE,SINGLE,0 TO 2,18-35,SJUT,BACHELOR,BELOW 450000,2020,1,12,12,D,SD,SD,A,D,A,D,A,SD,,D,SD,SD,A,A,A,A,A,A
1692,TIGO,FEMALE,SINGLE,0 TO 2,18-35,SJUT,BACHELOR,,2020,0,3,3,SD,A,A,,D,D,F,F,A,SD,D,D,F,A,F,A,F,A,SA
1693,AIRTEL,FEMALE,SINGLE,0 TO 2,18-35,SJUT,BACHELOR,450000-1000000,2020,1,90,90,A,D,A,SA,A,SD,A,SA,SD,SA,SD,SA,F,SD,A,D,A,SD,SA
1694,TIGO,MALE,SINGLE,MORE THAN 4,18-35,SJUT,BACHELOR,BELOW 450000,2014,1,12,12,A,D,A,D,D,D,F,D,A,F,F,A,D,D,A,D,F,A,D
1695,HALOTEL,FEMALE,SINGLE,0 TO 2,18-35,SJUT,BACHELOR,BELOW 450000,2021,0.7,12,18,SD,D,,A,SD,SD,F,D,A,D,F,SD,D,D,A,A,SD,SD,D
1696,TIGO,FEMALE,SINGLE,0 TO 2,18-35,SJUT,BACHELOR,BELOW 450000,,1,9,12,SD,F,SD,SA,SA,SA,SD,D,D,F,A,F,D,D,SD,D,D,F,F
1697,TIGO,FEMALE,SINGLE,0 TO 2,18-35,SJUT,BACHELOR,BELOW 450000,2021,1,34,34,SD,F,SD,SA,SD,SD,SD,SD,SA,SD,SA,SA,SD,SA,SD,SA,SD,SD,SD
1698,TIGO,MALE,SINGLE,0 TO 2,18-35,SJUT,BACHELOR,BELOW 450000,2018,0.97,6,6,SD,A,SD,F,SD,F,A,SD,A,A,D,SD,A,A,SD,A,SD,A,SA
1699,AIRTEL,MALE,SINGLE,0 TO 2,18-35,SJUT,BACHELOR,BELOW 450000,2014,0,30,30,F,SD,SA,SA,SD,SA,SD,D,A,SD,F,A,SA,A,SD,A,SD,SA,SA
1700,AIRTEL,FEMALE,MARRIED,0 TO 2,18-35,SJUT,BACHELOR,BELOW 450000,2021,0,64,12,SD,F,F,D,SD,D,SD,D,SD,A,D,SD,,A,SD,,SD,,D
1701,TIGO,MALE,SINGLE,0 TO 2,18-35,SJUT,BACHELOR,,2019,0,12,12,F,SD,F,SA,SA,SA,SA,SD,D,F,F,F,F,D,F,A,SD,SD,F
1702,TIGO,FEMALE,MARRIED,0 TO 2,18-35,SJUT,BACHELOR,BELOW 450000,2010,0,3,3,D,F,F,D,SD,SD,SD,F,D,F,F,F,F,A,A,SD,D,D,SD
1703,VODA,MALE,SINGLE,0 TO 2,18-35,SJUT,BACHELOR,,2017,1,18,12,A,SA,SA,SA,D,D,SA,A,D,F,F,F,D,D,F,F,F,A,A
1704,VODA,MALE,SINGLE,0 TO 2,18-35,SJUT,BACHELOR,450000-1000000,2017,1,22,30,SA,SA,D,F,F,SD,D,D,A,F,F,A,D,A,SA,SA,SA,A,F
1705,VODA,MALE,SINGLE,0 TO 2,18-35,SJUT,BACHELOR,ABOVE 1000000,2020,1,21,21,SD,D,SD,SD,D,D,F,SA,D,A,F,SD,SD,D,A,D,SD,F,F
1706,HALOTEL,FEMALE,SINGLE,0 TO 2,18-35,SJUT,BACHELOR,BELOW 450000,2014,1,3,3,SD,SA,D,A,SD,SD,SD,D,A,D,D,A,A,A,A,A,D,SA,SA
1707,VODA,FEMALE,SINGLE,3 TO 4,18-35,SJUT,BACHELOR,450000-1000000,2020,,12,12,D,D,A,F,D,D,D,A,A,A,D,D,A,A,A,A,A,A,A
1708,AIRTEL,FEMALE,SINGLE,MORE THAN 4,18-35,SJUT,BACHELOR,BELOW 450000,2021,0.85,3,3,D,F,A,D,D,D,D,A,A,A,F,F,A,A,A,A,A,A,A
1709,HALOTEL,FEMALE,SINGLE,MORE THAN 4,18-35,SJUT,BACHELOR,BELOW 450000,2019,0.85,3,3,D,D,A,D,D,D,D,A,F,A,D,A,D,A,A,A,A,D,A
1710,VODA,FEMALE,MARRIED,MORE THAN 4,18-35,SJUT,BACHELOR,BELOW 450000,2021,1,12,12,D,A,A,F,SD,D,SD,D,D,F,F,F,SA,A,F,SA,F,A,F
1711,TIGO,FEMALE,SINGLE,MORE THAN 4,18-35,SJUT,BACHELOR,BELOW 450000,2020,1,90,12,SD,SA,SD,SA,D,SD,A,A,A,A,A,SD,F,SA,SA,SA,D,D,SA
1712,TIGO,FEMALE,SINGLE,0 TO 2,18-35,SJUT,BACHELOR,,2018,1,23,12,SD,SD,D,F,F,D,D,SD,SD,SD,A,SA,SD,D,SD,SD,F,A,SA
1713,AIRTEL,FEMALE,SINGLE,0 TO 2,18-35,SJUT,BACHELOR,BELOW 450000,2015,1,12,11,SD,D,,SD,F,,SD,F,D,SD,SD,SD,SD,SD,SD,SD,SD,SD,SD
1714,AIRTEL,MALE,SINGLE,MORE THAN 4,18-35,SJUT,BACHELOR,BELOW 450000,2021,,12,12,D,SD,SD,SD,D,D,D,SD,D,F,SD,D,SD,SD,D,D,D,D,F
1715,TIGO,MALE,SINGLE,0 TO 2,18-35,SJUT,BACHELOR,BELOW 450000,2021,1,12,12,F,SA,D,SA,D,D,SD,SD,D,F,A,A,F,D,SD,SA,D,A,SA
1716,VODA,MALE,MARRIED,0 TO 2,18-35,SJUT,BACHELOR,BELOW 450000,2021,0,12,12,F,SA,SD,SD,D,F,F,SA,SA,F,F,F,SD,SD,SD,SA,SD,SD,SD
1717,HALOTEL,MALE,SINGLE,3 TO 4,18-35,SJUT,BACHELOR,BELOW 450000,2019,1,6,6,A,SA,A,D,A,D,A,F,SA,,SA,SD,SD,F,F,A,F,F,A
1718,HALOTEL,FEMALE,MARRIED,MORE THAN 4,18-35,SJUT,BACHELOR,BELOW 450000,2021,0.9,3,3,D,A,A,F,SD,D,SD,D,D,F,F,F,A,A,A,A,F,A,F
1719,HALOTEL,FEMALE,SINGLE,0 TO 2,18-35,SJUT,BACHELOR,BELOW 450000,2021,1,3,3,D,A,A,F,SD,D,SD,D,D,F,F,F,A,A,A,A,A,A,A
1720,TIGO,MALE,SINGLE,0 TO 2,18-35,SJUT,BACHELOR,BELOW 450000,2021,0.75,34,3,A,SA,D,F,SD,F,F,D,A,A,A,F,D,D,F,,D,F,F
1721,VODA,FEMALE,SINGLE,MORE THAN 4,18-35,SJUT,BACHELOR,BELOW 450000,2021,1,0,90,F,SA,F,D,F,F,D,SA,SA,SA,A,SA,A,SA,D,D,SA,A,A
1722,VODA,FEMALE,SINGLE,MORE THAN 4,18-35,SJUT,BACHELOR,BELOW 450000,2021,1,8,3,D,A,A,D,SA,A,F,SA,A,SA,SD,A,F,SA,,A,SA,SA,SA
1723,VODA,MALE,SINGLE,3 TO 4,18-35,SJUT,BACHELOR,BELOW 450000,2021,1,12,12,D,SA,F,SD,A,D,D,D,F,D,D,F,SD,F,F,D,D,D,F
1724,TIGO,MALE,SINGLE,0 TO 2,18-35,SJUT,BACHELOR,BELOW 450000,2021,1,3,3,A,A,A,A,D,D,D,A,A,D,D,A,D,A,D,A,D,A,A
1725,VODA,FEMALE,SINGLE,0 TO 2,18-35,SJUT,BACHELOR,BELOW 450000,2021,1,4,3,SA,SA,SD,F,A,D,D,F,SD,SA,F,SD,SD,A,A,D,SA,F,F
1726,TIGO,MALE,SINGLE,0 TO 2,18-35,SJUT,BACHELOR,BELOW 450000,2018,1,21,21,A,SA,A,F,SD,F,F,D,F,SD,F,A,D,,F,F,SD,F,F
1727,AIRTEL,MALE,MARRIED,0 TO 2,18-35,SJUT,BACHELOR,BELOW 450000,,1,51,51,SA,A,F,D,F,D,A,A,SA,A,D,F,SA,SA,F,SA,A,F,F
1728,TIGO,FEMALE,MARRIED,MORE THAN 4,18-35,SJUT,BACHELOR,BELOW 450000,2014,0.8,19,12,D,SD,D,D,D,A,A,A,A,SD,A,D,A,D,A,SD,D,SD,SA
1729,TIGO,FEMALE,SINGLE,0 TO 2,18-35,SJUT,BACHELOR,BELOW 450000,,,34,35,SD,A,D,A,D,F,F,SD,F,D,F,A,SA,SA,F,A,A,A,SA
1730,VODA,FEMALE,SINGLE,0 TO 2,18-35,SJUT,BACHELOR,BELOW 450000,2021,1,3,3,SD,D,,SD,F,D,,A,F,SA,F,A,,D,A,F,A,D,
1731,AIRTEL,FEMALE,SINGLE,0 TO 2,18-35,SJUT,BACHELOR,BELOW 450000,2021,0.8,15,36,SD,SD,D,F,F,D,D,SD,SD,SD,F,SA,SD,D,SD,SD,D,F,SA
1732,HALOTEL,FEMALE,MARRIED,0 TO 2,18-35,SJUT,BACHELOR,BELOW 450000,2012,1,4,4,SD,SA,SD,A,SA,SD,SA,SA,SA,SA,SD,SA,SD,SD,SA,SA,SA,SA,SA
1733,HALOTEL,FEMALE,SINGLE,,18-35,SJUT,BACHELOR,BELOW 450000,2021,,12,6,D,A,SA,SA,D,F,SD,F,A,A,A,A,D,D,D,F,F,SA,SA
1734,TIGO,MALE,MARRIED,,18-35,SJUT,BACHELOR,BELOW 450000,2021,0.3,12,12,SD,SA,SA,SA,F,SD,SD,SD,F,F,SA,SD,SA,SA,SD,SA,F,SA,F
1735,HALOTEL,MALE,SINGLE,0 TO 2,18-35,SJUT,BACHELOR,450000-1000000,2018,1,9,12,D,F,,F,F,A,SA,A,D,,F,F,A,SA,F,SA,F,A,F
1736,TIGO,MALE,SINGLE,0 TO 2,18-35,SJUT,BACHELOR,BELOW 450000,2021,1,8,8,D,F,SD,F,SD,D,SD,D,F,F,F,D,D,D,D,F,F,F,F
1737,TIGO,MALE,SINGLE,0 TO 2,18-35,SJUT,BACHELOR,BELOW 450000,2016,1,3,3,SD,SD,SD,F,SD,D,D,A,,SA,A,A,A,A,SA,SA,SA,SA,SA
1738,TIGO,FEMALE,SINGLE,0 TO 2,18-35,SJUT,BACHELOR,BELOW 450000,2021,1,224,252,SD,SA,D,A,SA,F,A,A,A,A,D,A,A,D,F,A,D,D,A
1739,HALOTEL,MALE,SINGLE,0 TO 2,18-35,SJUT,BACHELOR,450000-1000000,2015,,9,9,F,D,F,SA,D,F,SD,A,SD,F,D,SA,SD,D,F,SD,F,SD,A
1740,VODA,MALE,SINGLE,MORE THAN 4,18-35,SJUT,BACHELOR,BELOW 450000,2020,1,14,11,SD,A,D,D,A,D,A,D,F,A,A,F,D,SD,F,A,F,D,A
1741,VODA,FEMALE,SINGLE,0 TO 2,18-35,SJUT,BACHELOR,BELOW 450000,2018,1,16,20,SD,SA,SD,D,D,SD,SD,A,SA,A,F,SD,A,SA,D,D,D,F,D
1742,HALOTEL,MALE,SINGLE,0 TO 2,18-35,SJUT,BACHELOR,BELOW 450000,,,6,6,SD,SD,SD,SD,A,A,A,SD,D,,F,,SD,SD,SD,SD,SD,SD,SD
1743,VODA,FEMALE,SINGLE,MORE THAN 4,18-35,SJUT,BACHELOR,BELOW 450000,2021,1,3,3,D,A,F,A,A,SD,A,A,D,D,D,D,D,A,A,A,A,A,A
1744,VODA,MALE,SINGLE,,18-35,SJUT,BACHELOR,BELOW 450000,2021,1,5,60,SD,SA,A,SA,A,D,A,A,F,F,D,SD,SD,SD,F,F,F,F,A
1745,TIGO,FEMALE,SINGLE,0 TO 2,18-35,SJUT,BACHELOR,BELOW 450000,2021,0.8,3,4,A,A,A,F,D,A,F,,F,A,F,A,D,F,F,D,F,F,F
1746,AIRTEL,FEMALE,SINGLE,3 TO 4,18-35,SJUT,BACHELOR,BELOW 450000,2020,0.8,3,6,A,F,SA,A,F,SD,F,SA,F,SA,F,SA,D,A,SA,A,D,F,SA
1747,AIRTEL,FEMALE,SINGLE,0 TO 2,18-35,SJUT,BACHELOR,BELOW 450000,2021,1,4,5,F,A,F,D,SD,SA,SD,SA,SD,F,A,F,D,SA,A,A,A,A,A
1748,VODA,MALE,SINGLE,0 TO 2,18-35,SJUT,BACHELOR,BELOW 450000,1998,1,6,8,D,D,F,D,D,F,SD,A,SA,D,F,D,SD,D,F,SA,A,D,SD
1749,VODA,FEMALE,SINGLE,0 TO 2,18-35,SJUT,BACHELOR,BELOW 450000,2014,1,60,8,D,SD,D,D,D,A,A,A,A,SD,SA,D,SA,F,SD,SA,SD,SA,SD
1750,TIGO,FEMALE,SINGLE,0 TO 2,18-35,SJUT,BACHELOR,450000-1000000,2021,0.8,88,12,SD,F,SA,,SD,D,D,D,SD,SD,SD,SA,SA,SA,SA,SD,SD,SD,SD
1751,AIRTEL,FEMALE,SINGLE,0 TO 2,18-35,SJUT,BACHELOR,BELOW 450000,2017,1,92,12,D,A,D,D,D,A,F,A,A,SA,A,A,D,A,D,D,A,F,A
1752,AIRTEL,FEMALE,SINGLE,0 TO 2,18-35,SJUT,BACHELOR,450000-1000000,2021,0.5,3,3,D,A,A,A,F,D,A,A,A,SD,A,A,SA,D,A,A,D,A,D
1753,AIRTEL,MALE,SINGLE,0 TO 2,18-35,SJUT,BACHELOR,ABOVE 1000000,2022,1,3,3,A,A,D,A,F,F,D,A,F,F,D,D,F,F,F,A,A,A,A
1754,HALOTEL,FEMALE,SINGLE,0 TO 2,18-35,SJUT,BACHELOR,BELOW 450000,2021,,12,12,SD,A,F,SA,D,SD,SA,,A,D,SD,SD,A,A,A,A,F,D,A
1755,VODA,FEMALE,SINGLE,0 TO 2,18-35,SJUT,BACHELOR,BELOW 450000,2013,1,3,3,D,D,D,,D,D,A,SD,SD,D,D,D,A,A,A,SA,SA,SA,SA
1756,HALOTEL,FEMALE,SINGLE,0 TO 2,18-35,SJUT,BACHELOR,BELOW 450000,2016,1,100,12,D,A,D,D,D,A,A,A,A,SA,SD,SD,SA,SD,A,A,D,SD,A
1757,HALOTEL,FEMALE,SINGLE,MORE THAN 4,18-35,SJUT,BACHELOR,BELOW 450000,2021,1,3,3,SD,D,D,SA,SD,SD,A,F,F,A,SD,F,SD,D,SD,A,D,F,SA
1758,VODA,MALE,SINGLE,0 TO 2,18-35,SJUT,BACHELOR,BELOW 450000,2021,0.5,6,6,SD,F,,SD,F,D,SA,F,SD,A,SD,F,SA,SD,SA,D,F,A,SA
1759,TIGO,FEMALE,SINGLE,0 TO 2,18-35,SJUT,BACHELOR,BELOW 450000,2020,0.5,3,3,SD,A,F,D,A,,D,F,SA,,F,F,D,SD,D,F,D,A,SD
1760,VODA,MALE,SINGLE,0 TO 2,18-35,SJUT,BACHELOR,BELOW 450000,2021,1,3,3,D,F,D,SD,A,SA,F,SA,F,A,F,A,D,SA,F,A,F,,SA
1761,HALOTEL,MALE,SINGLE,0 TO 2,18-35,SJUT,BACHELOR,BELOW 450000,2015,1,14,14,SD,SA,D,F,SD,F,SD,SD,F,F,D,F,F,F,F,D,,D,F
1762,VODA,FEMALE,SINGLE,0 TO 2,18-35,SJUT,BACHELOR,BELOW 450000,2020,0,83,65,A,F,SA,D,A,SD,A,SD,F,F,F,F,A,,D,A,SA,D,F
1763,TIGO,MALE,SINGLE,0 TO 2,18-35,SJUT,BACHELOR,,2016,,25,21,SD,A,SD,SD,SD,SD,SD,SA,D,D,SD,A,SA,SA,SA,SA,SA,SA,SA
1764,VODA,FEMALE,SINGLE,0 TO 2,18-35,SJUT,BACHELOR,450000-1000000,2020,1,126,95,SD,A,SD,SA,SD,D,SD,D,SD,D,A,A,A,A,A,SA,A,A,A
1765,TIGO,MALE,SINGLE,0 TO 2,18-35,SJUT,BACHELOR,BELOW 450000,2015,0,13,8,D,F,SD,SA,F,F,F,A,F,D,SD,SA,D,A,SD,SA,F,D,F
1766,VODA,MALE,SINGLE,0 TO 2,18-35,SJUT,BACHELOR,450000-1000000,2013,0,12,3,A,SD,SD,SD,D,SD,D,SD,A,A,SD,SD,F,D,SD,SD,SD,D,D
1767,AIRTEL,FEMALE,SINGLE,0 TO 2,18-35,SJUT,BACHELOR,BELOW 450000,2017,1,90,64,SD,SD,D,D,F,F,F,A,D,D,D,F,D,F,D,A,A,SA,SA
1768,HALOTEL,FEMALE,SINGLE,0 TO 2,18-35,SJUT,BACHELOR,BELOW 450000,2017,1,72,72,SD,SD,D,D,F,SD,F,F,F,SD,SD,D,SD,F,SD,F,SD,SA,D
1769,HALOTEL,MALE,SINGLE,0 TO 2,18-35,SJUT,BACHELOR,BELOW 450000,2017,1,24,12,SD,A,F,A,,D,D,F,A,A,A,F,F,D,A,A,SA,A,F
1770,VODA,MALE,SINGLE,0 TO 2,18-35,SJUT,BACHELOR,BELOW 450000,2013,0.5,19,15,SD,SA,F,SA,SA,SD,SA,A,F,SA,SD,SA,SA,SA,SA,SA,SA,SA,SA
1771,VODA,MALE,SINGLE,0 TO 2,18-35,SJUT,BACHELOR,BELOW 450000,2014,0,9,9,D,A,A,A,D,D,D,F,A,A,F,A,A,A,F,A,A,A,A
1772,AIRTEL,MALE,SINGLE,0 TO 2,18-35,SJUT,BACHELOR,BELOW 450000,2017,1,56,44,SD,D,SD,SD,F,D,SD,A,F,D,D,SD,F,SD,D,SD,F,SA,SA
1773,TIGO,MALE,SINGLE,0 TO 2,18-35,SJUT,BACHELOR,BELOW 450000,2017,1,12,6,SD,SA,D,F,F,SD,SD,A,SA,SD,SA,SA,D,A,D,SA,F,SA,A
1774,HALOTEL,MALE,SINGLE,0 TO 2,18-35,SJUT,BACHELOR,BELOW 450000,2012,0,25,44,SD,D,SD,F,D,A,A,D,A,SA,D,A,D,A,SD,D,A,D,F
1775,TIGO,FEMALE,SINGLE,0 TO 2,18-35,SJUT,BACHELOR,BELOW 450000,2020,,10,11,D,SD,A,A,D,SD,SD,F,SD,A,F,A,A,A,SA,SA,SD,SA,SD
1776,HALOTEL,MALE,SINGLE,MORE THAN 4,18-35,SJUT,BACHELOR,ABOVE 1000000,2017,1,38,6,D,SA,F,F,SD,D,D,D,D,F,A,SA,A,F,F,SA,D,D,F
1777,TIGO,FEMALE,SINGLE,0 TO 2,18-35,SJUT,BACHELOR,BELOW 450000,2013,0,15,3,SD,SA,A,,SD,D,A,D,A,,D,F,A,A,F,D,F,F,D
1778,HALOTEL,MALE,MARRIED,3 TO 4,18-35,SJUT,BACHELOR,,2012,0,12,12,SA,A,F,D,D,SD,SD,SD,D,D,SD,D,SD,D,SD,D,SD,D,F
1779,VODA,FEMALE,SINGLE,0 TO 2,18-35,SJUT,BACHELOR,450000-1000000,2017,1,31,31,SD,A,D,SA,SA,SA,SA,A,A,F,SD,SD,,A,F,SA,SA,SA,SA
1780,VODA,FEMALE,MARRIED,0 TO 2,18-35,SJUT,BACHELOR,BELOW 450000,2012,0,8,11,F,D,A,SD,F,SD,F,F,F,F,F,F,F,A,F,F,F,F,F
1781,VODA,FEMALE,SINGLE,0 TO 2,18-35,SJUT,BACHELOR,BELOW 450000,2020,0.3,53,34,SD,F,F,SA,D,D,D,D,F,F,F,F,F,F,F,SA,D,D,D
1782,HALOTEL,MALE,,0 TO 2,18-35,SJUT,BACHELOR,BELOW 450000,2016,1,3,3,SD,F,F,F,F,F,A,F,F,D,D,A,F,D,F,F,F,F,F
1783,TIGO,FEMALE,SINGLE,0 TO 2,18-35,SJUT,BACHELOR,450000-1000000,2020,1,12,12,SD,A,F,F,SD,D,F,D,F,F,A,F,F,F,D,F,D,D,SD
1784,TIGO,MALE,SINGLE,0 TO 2,18-35,SJUT,BACHELOR,BELOW 450000,,0.85,10,11,D,A,D,F,F,A,F,A,A,A,A,A,A,F,A,,F,F,A
1785,TIGO,FEMALE,SINGLE,0 TO 2,18-35,SJUT,BACHELOR,BELOW 450000,2020,1,14,11,SD,SA,F,A,SD,SD,SD,D,A,F,A,D,F,D,F,A,A,A,A
1786,TIGO,MALE,SINGLE,0 TO 2,18-35,SJUT,BACHELOR,BELOW 450000,2021,1,33,33,SD,SA,F,SA,SD,A,F,A,A,F,A,A,A,A,F,SD,F,A,SA
1787,AIRTEL,MALE,SINGLE,MORE THAN 4,18-35,SJUT,BACHELOR,BELOW 450000,2019,0.8,24,15,SD,SA,F,A,SD,D,F,SA,SA,F,SA,SA,SA,SA,F,SA,SD,F,SD
1788,AIRTEL,MALE,SINGLE,0 TO 2,18-35,SJUT,BACHELOR,BELOW 450000,2020,,10,13,D,D,A,SA,SD,D,A,D,SA,A,SA,D,SD,A,D,F,D,SD,D
1789,TIGO,MALE,SINGLE,MORE THAN 4,18-35,SJUT,BACHELOR,BELOW 450000,2019,0.75,15,16,SD,F,F,F,A,A,F,D,SD,F,SD,SD,SD,F,D,D,F,A,SA
1790,AIRTEL,MALE,SINGLE,0 TO 2,18-35,SJUT,BACHELOR,BELOW 450000,2020,0.8,12,7,F,A,SA,D,SD,SA,SD,F,SA,A,A,SA,A,F,F,SA,D,D,SD
1791,VODA,MALE,SINGLE,MORE THAN 4,18-35,SJUT,BACHELOR,BELOW 450000,2017,1,31,31,,A,D,A,D,D,A,A,D,D,D,A,D,D,D,D,A,A,F
1792,HALOTEL,FEMALE,SINGLE,MORE THAN 4,18-35,SJUT,BACHELOR,BELOW 450000,2014,1,24,93,F,F,F,A,F,SA,F,F,A,SA,SA,SA,SA,F,D,F,F,F,F
1793,TIGO,MALE,SINGLE,0 TO 2,18-35,SJUT,BACHELOR,BELOW 450000,2020,0.9,9,3,SD,F,A,D,A,SD,A,A,F,A,F,D,D,D,D,F,F,F,A
1794,TIGO,MALE,SEPARATED,MORE THAN 4,18-35,SJUT,BACHELOR,450000-1000000,2021,0.5,3,6,A,F,SA,A,D,F,A,F,A,F,A,F,F,A,A,D,A,SA,SA
1795,VODA,MALE,SINGLE,,18-35,SJUT,BACHELOR,BELOW 450000,2020,0.8,24,20,SD,A,A,F,SA,D,D,SA,A,SA,SA,A,A,A,SA,SA,F,SA,SA
1796,HALOTEL,MALE,SINGLE,MORE THAN 4,18-35,SJUT,BACHELOR,BELOW 450000,2010,1,8,10,F,D,A,A,F,F,A,F,A,F,F,SD,D,A,A,A,F,SD,F
1797,VODA,MALE,SINGLE,0 TO 2,18-35,SJUT,BACHELOR,BELOW 450000,2015,1,9,9,D,A,SA,SA,SD,A,SD,F,A,A,A,A,A,A,SD,SD,F,A,D
1798,AIRTEL,MALE,SINGLE,0 TO 2,18-35,SJUT,BACHELOR,BELOW 450000,,0.75,10,14,D,F,F,A,D,D,D,A,A,D,F,A,A,D,D,D,D,SA,SD
1799,TIGO,MALE,SINGLE,0 TO 2,18-35,SJUT,BACHELOR,BELOW 450000,2013,1,9,9,SD,F,SD,SA,SD,F,SD,F,F,F,A,A,F,F,F,F,F,A,A
1800,TIGO,MALE,SINGLE,0 TO 2,18-35,SJUT,BACHELOR,BELOW 450000,2015,1,3,3,F,F,D,D,A,D,D,A,SD,A,A,A,D,A,A,A,A,D,A
1801,VODA,MALE,SINGLE,0 TO 2,18-35,SJUT,BACHELOR,BELOW 450000,2014,0.4,39,27,F,F,SD,A,F,F,A,F,A,D,D,F,SD,F,F,D,F,A,F
1802,VODA,MALE,SINGLE,0 TO 2,18-35,SJUT,BACHELOR,BELOW 450000,2016,1,31,13,A,D,A,SD,F,SD,F,SD,,D,SA,F,A,F,F,A,D,A,F
1803,HALOTEL,MALE,SINGLE,0 TO 2,18-35,SJUT,BACHELOR,BELOW 450000,2014,1,15,18,SD,F,D,A,D,A,D,A,SA,SA,A,SA,F,F,F,SA,F,SA,F
1804,TIGO,FEMALE,SINGLE,MORE THAN 4,18-35,SJUT,BACHELOR,BELOW 450000,2017,1,93,93,F,F,F,F,D,SD,F,D,A,D,SA,D,D,F,F,A,SA,SA,SA
1805,TIGO,FEMALE,SINGLE,0 TO 2,18-35,SJUT,BACHELOR,BELOW 450000,2014,1,15,15,SD,F,SD,SA,D,D,SD,D,SA,D,F,A,D,D,D,SA,D,F,F
1806,TIGO,FEMALE,SINGLE,0 TO 2,18-35,SJUT,BACHELOR,BELOW 450000,2017,,15,6,D,F,,SA,SA,SA,F,SD,SA,SA,SA,SA,A,SD,D,SA,A,A,A
1807,TIGO,MALE,SINGLE,0 TO 2,18-35,SJUT,BACHELOR,BELOW 450000,2017,0.5,10,12,SD,SA,SD,SA,SA,A,SD,D,F,A,A,A,SD,D,A,SA,F,F,F
1808,HALOTEL,MALE,SINGLE,MORE THAN 4,18-35,SJUT,BACHELOR,BELOW 450000,2014,1,15,6,D,SA,SD,SA,F,D,D,D,F,D,A,SA,F,A,,SA,A,F,D
1809,TIGO,MALE,SINGLE,3 TO 4,18-35,SJUT,BACHELOR,BELOW 450000,2018,0,15,15,D,A,F,A,SA,A,D,D,A,SA,A,A,D,SD,A,A,F,F,F
1810,VODA,FEMALE,SINGLE,0 TO 2,18-35,SJUT,BACHELOR,450000-1000000,2017,0.75,6,6,SD,SA,A,SA,D,F,F,F,A,D,D,SA,F,F,F,D,F,A,A
1811,HALOTEL,FEMALE,SINGLE,0 TO 2,18-35,SJUT,BACHELOR,BELOW 450000,2021,0.4,15,15,F,A,D,F,SD,F,SD,F,F,F,F,F,F,F,F,A,F,A,A
1812,AIRTEL,MALE,SINGLE,3 TO 4,18-35,SJUT,BACHELOR,,2021,,33,30,D,SA,SA,F,A,SD,F,F,A,F,SD,F,F,F,F,F,F,F,F
1813,HALOTEL,MALE,SINGLE,0 TO 2,18-35,SJUT,BACHELOR,BELOW 450000,2018,1,13,15,SD,A,A,D,A,SD,D,A,A,D,A,D,A,D,D,A,D,SA,A
1814,TIGO,MALE,SINGLE,,18-35,SJUT,BACHELOR,BELOW 450000,,,26,16,D,A,D,A,D,D,D,A,A,D,A,A,D,D,F,D,D,A,A
1815,VODA,MALE,SINGLE,3 TO 4,18-35,SJUT,BACHELOR,BELOW 450000,2012,1,19,21,F,A,F,F,F,D,A,SA,A,SA,A,A,A,A,SA,SA,F,SA,A
1816,TIGO,MALE,SINGLE,0 TO 2,18-35,SJUT,BACHELOR,BELOW 450000,2019,1,9,5,SD,SA,SA,F,F,SA,F,A,A,SA,F,,F,SA,SA,SA,SA,A,A
1817,AIRTEL,MALE,SINGLE,MORE THAN 4,18-35,SJUT,BACHELOR,450000-1000000,2017,1,24,28,SA,A,SA,D,SD,A,SD,SD,F,A,A,SD,SD,A,SD,A,SD,A,SD
1818,VODA,MALE,SINGLE,MORE THAN 4,18-35,SJUT,BACHELOR,BELOW 450000,2019,0.7,17,21,F,F,D,F,SD,F,F,F,D,SA,SD,SA,F,SA,F,A,F,SA,A
1819,TIGO,MALE,SINGLE,0 TO 2,18-35,SJUT,BACHELOR,BELOW 450000,2014,1,13,15,SD,D,F,A,D,D,SD,D,A,D,D,A,D,A,A,A,F,F,F
1820,TTCL,MALE,SINGLE,0 TO 2,18-35,SJUT,BACHELOR,BELOW 450000,2023,1,9,9,F,A,SD,F,A,D,A,A,A,D,D,D,A,SA,SA,SA,A,SA,SA
1821,HALOTEL,FEMALE,SINGLE,0 TO 2,18-35,SJUT,BACHELOR,BELOW 450000,2018,0,20,15,D,A,A,SD,SD,A,D,D,D,A,A,A,SD,D,A,D,D,A,F
1822,TIGO,MALE,SINGLE,0 TO 2,18-35,SJUT,BACHELOR,BELOW 450000,2013,0.7,26,23,D,A,F,F,A,F,D,F,F,F,D,SA,A,F,A,SA,F,F,F
1823,VODA,MALE,SINGLE,0 TO 2,18-35,SJUT,BACHELOR,BELOW 450000,2017,1,102,102,D,A,F,F,D,A,SD,D,D,F,A,D,A,A,A,SA,SA,SA,SA
1824,VODA,MALE,SINGLE,0 TO 2,18-35,SJUT,BACHELOR,BELOW 450000,2020,0.5,13,60,A,F,SA,F,A,SD,D,F,SA,SD,F,A,A,D,A,D,A,SA,D
1825,VODA,MALE,SINGLE,MORE THAN 4,18-35,SJUT,BACHELOR,BELOW 450000,2019,0.75,3,3,SD,F,SD,SA,SA,SD,SA,F,SD,SD,SD,,SA,SA,SA,SA,SD,F,F
1826,TIGO,FEMALE,SINGLE,3 TO 4,18-35,SJUT,BACHELOR,BELOW 450000,2018,,93,96,SD,A,A,A,SD,SD,SD,SD,A,A,SD,A,SD,F,SD,F,SA,SA,SD
1827,AIRTEL,FEMALE,SINGLE,MORE THAN 4,18-35,SJUT,BACHELOR,BELOW 450000,2018,1,9,9,D,F,D,F,D,A,F,F,F,A,A,A,D,A,F,A,A,A,A
1828,TIGO,FEMALE,SINGLE,3 TO 4,18-35,SJUT,BACHELOR,450000-1000000,2015,0,122,122,SD,A,A,A,SD,SD,SD,SD,A,A,SD,A,SD,D,SD,D,SA,SA,SD
1829,HALOTEL,MALE,SINGLE,0 TO 2,18-35,SJUT,BACHELOR,BELOW 450000,2021,0.6,36,36,D,,D,F,SD,SD,D,D,A,A,,F,F,F,D,A,F,A,A
1830,TIGO,FEMALE,SINGLE,0 TO 2,18-35,SJUT,BACHELOR,BELOW 450000,2020,0.8,8,6,A,F,D,A,D,SA,D,A,D,D,D,D,A,A,A,A,D,D,A
1831,VODA,FEMALE,SINGLE,0 TO 2,18-35,SJUT,BACHELOR,BELOW 450000,2019,,53,27,A,A,F,SA,D,F,D,A,SA,F,SA,A,A,SA,F,SA,F,D,D
1832,VODA,FEMALE,SINGLE,0 TO 2,18-35,SJUT,BACHELOR,ABOVE 1000000,2019,1,32,9,SD,A,SA,F,A,A,F,D,D,SD,D,A,A,D,F,D,F,F,A
1833,VODA,FEMALE,SINGLE,0 TO 2,18-35,SJUT,BACHELOR,BELOW 450000,2020,0.5,24,6,SD,A,D,F,F,D,F,F,F,D,F,A,F,F,F,A,A,A,F
1834,HALOTEL,FEMALE,SINGLE,0 TO 2,18-35,SJUT,BACHELOR,BELOW 450000,2017,1,7,11,D,A,D,D,SD,D,SD,D,D,F,A,A,F,D,D,A,A,D,A
1835,HALOTEL,FEMALE,SINGLE,MORE THAN 4,18-35,SJUT,BACHELOR,BELOW 450000,2020,1,3,12,A,F,D,D,D,A,SD,SD,A,F,A,A,SD,A,SD,A,A,,A
1836,TIGO,MALE,SINGLE,0 TO 2,18-35,SJUT,BACHELOR,BELOW 450000,2023,1,22,11,SD,F,F,A,F,SD,F,D,F,F,A,A,SA,SA,F,SA,F,F,F
1837,TIGO,FEMALE,SINGLE,0 TO 2,18-35,SJUT,BACHELOR,BELOW 450000,2022,1,41,12,D,F,F,D,SD,D,SD,D,D,F,D,A,A,F,F,D,A,A,D
1838,HALOTEL,MALE,SINGLE,0 TO 2,18-35,SJUT,BACHELOR,BELOW 450000,2013,,33,33,SD,A,SA,D,SD,SA,D,A,SA,SD,SA,SA,A,A,A,F,SD,SD,A
1839,HALOTEL,MALE,SINGLE,MORE THAN 4,18-35,SJUT,BACHELOR,450000-1000000,2018,1,3,3,SD,SA,SD,A,SD,SD,SD,SD,SA,D,D,A,D,D,D,A,D,SD,F
1840,TIGO,MALE,SINGLE,,18-35,SJUT,BACHELOR,BELOW 450000,2021,,7,4,F,A,F,SA,F,F,D,F,F,F,D,F,A,F,D,A,A,D,F
1841,TIGO,MALE,SINGLE,MORE THAN 4,18-35,SJUT,BACHELOR,BELOW 450000,2019,1,21,58,A,F,A,A,SD,D,SD,D,SD,SD,A,A,A,A,SD,A,F,F,F
1842,VODA,MALE,SINGLE,0 TO 2,18-35,SJUT,BACHELOR,450000-1000000,2016,0.7,6,6,SA,SA,F,A,D,D,SD,D,SA,F,F,F,A,A,D,SD,F,D,F
1843,AIRTEL,FEMALE,SINGLE,0 TO 2,18-35,SJUT,BACHELOR,450000-1000000,,,6,12,SD,F,F,SD,A,A,A,A,SD,D,D,A,A,F,F,F,F,F,F
1844,AIRTEL,MALE,SINGLE,3 TO 4,18-35,SJUT,BACHELOR,450000-1000000,2020,1,15,15,SD,A,F,SA,D,D,F,F,F,F,SA,SA,SD,F,A,F,A,A,F
1845,AIRTEL,MALE,SINGLE,0 TO 2,18-35,SJUT,BACHELOR,BELOW 450000,2018,0.4,15,15,SD,F,F,F,F,A,F,F,F,A,F,F,D,D,F,F,F,F,F
1846,TIGO,MALE,SINGLE,,18-35,SJUT,BACHELOR,450000-1000000,2017,,31,13,SA,SA,F,F,SD,SD,SD,A,SA,F,A,SA,A,SA,F,SA,F,A,F
1847,VODA,MALE,SINGLE,MORE THAN 4,18-35,SJUT,BACHELOR,450000-1000000,2020,1,26,22,SD,SD,SD,F,F,SD,F,F,A,SA,A,SA,A,F,F,SA,F,A,SA
1848,TIGO,FEMALE,SINGLE,0 TO 2,18-35,SJUT,BACHELOR,,2021,0,15,15,A,F,F,A,SD,SD,SD,D,SA,F,SD,SD,F,F,F,A,F,A,F
1849,VODA,FEMALE,SINGLE,0 TO 2,18-35,SJUT,BACHELOR,BELOW 450000,2018,,7,6,A,SD,SD,SD,SA,A,SA,A,SA,A,A,SA,SA,SA,F,SA,SA,F,A
1850,AIRTEL,FEMALE,SINGLE,0 TO 2,18-35,SJUT,BACHELOR,BELOW 450000,2020,1,19,19,A,SA,F,SA,D,F,F,D,SA,F,F,A,D,F,D,D,F,F,F
1851,TIGO,FEMALE,SINGLE,MORE THAN 4,18-35,SJUT,BACHELOR,,2016,1,30,39,D,A,D,A,SD,A,F,A,A,SD,SA,F,D,F,F,D,A,F,F
1852,VODA,FEMALE,SINGLE,,,SJUT,BACHELOR,BELOW 450000,2019,0,3,6,SD,F,SD,SD,F,SA,SD,SD,D,D,D,D,D,D,D,D,F,F,F
1853,TIGO,MALE,SINGLE,0 TO 2,18-35,SJUT,BACHELOR,BELOW 450000,2016,1,36,34,A,A,F,F,D,D,D,A,A,A,A,A,A,A,A,SA,D,A,A
1854,TIGO,MALE,SINGLE,3 TO 4,18-35,SJUT,BACHELOR,BELOW 450000,2014,1,30,17,SD,A,F,F,D,A,F,F,A,D,D,SA,A,A,F,SA,A,F,F
